locus_id	chrom	index_snp	index_pos_hg19	left_hg19	right_hg19	top_freq	top_p	top_or	top_se	status	index_pos_hg38	region_start_hg38	region_end_hg38	best_pp4_GTEx_brain_amygdala	best_gene_GTEx_brain_amygdala	n_genes_ok_GTEx_brain_amygdala	best_pp4_GTEx_brain_anterior_cingulate_cortex	best_gene_GTEx_brain_anterior_cingulate_cortex	n_genes_ok_GTEx_brain_anterior_cingulate_cortex	best_pp4_GTEx_brain_caudate	best_gene_GTEx_brain_caudate	n_genes_ok_GTEx_brain_caudate	best_pp4_GTEx_brain_cerebellar_hemisphere	best_gene_GTEx_brain_cerebellar_hemisphere	n_genes_ok_GTEx_brain_cerebellar_hemisphere	best_pp4_GTEx_brain_cerebellum	best_gene_GTEx_brain_cerebellum	n_genes_ok_GTEx_brain_cerebellum	best_pp4_GTEx_brain_cortex	best_gene_GTEx_brain_cortex	n_genes_ok_GTEx_brain_cortex	best_pp4_GTEx_brain_DLPFC	best_gene_GTEx_brain_DLPFC	n_genes_ok_GTEx_brain_DLPFC	best_pp4_GTEx_brain_hippocampus	best_gene_GTEx_brain_hippocampus	n_genes_ok_GTEx_brain_hippocampus	best_pp4_GTEx_brain_hypothalamus	best_gene_GTEx_brain_hypothalamus	n_genes_ok_GTEx_brain_hypothalamus	best_pp4_GTEx_brain_nucleus_accumbens	best_gene_GTEx_brain_nucleus_accumbens	n_genes_ok_GTEx_brain_nucleus_accumbens	best_pp4_GTEx_brain_putamen	best_gene_GTEx_brain_putamen	n_genes_ok_GTEx_brain_putamen	best_pp4_GTEx_brain_spinal_cord	best_gene_GTEx_brain_spinal_cord	n_genes_ok_GTEx_brain_spinal_cord	best_pp4_GTEx_brain_substantia_nigra	best_gene_GTEx_brain_substantia_nigra	n_genes_ok_GTEx_brain_substantia_nigra	best_pp4_MetaBrain_cortex_EUR	best_gene_MetaBrain_cortex_EUR	n_genes_ok_MetaBrain_cortex_EUR	best_pp4_gtex_cortex	best_gene_gtex_cortex	best_pp4_metabrain	best_gene_metabrain	best_pp4_any_gtex_brain	best_gene_any_gtex_brain	best_pp4_any_brain	best_gene_any_brain	analysed	coloc_gtex_cortex	coloc_metabrain	coloc_any_gtex_brain	coloc_any_brain
6-rs140365013	6	rs140365013	27523869	24933869	30563869	0.921	6.808999999999999e-41	1.22789	0.0153	excluded_mhc																																																						False	False	False	False	False
7-rs58120505	7	rs58120505	2029867	1777867	2394867	0.557	8.724e-29	1.08546	0.0074	pass	1990232.0	990232.0	2990232.0	0.133210430147872	ENSG00000176349	55.0	0.908221095321388	ENSG00000002822	54.0	0.158427931764444	ENSG00000225981	52.0	0.127531654219026	ENSG00000146540	49.0	0.0925339756357749	ENSG00000226291	50.0	0.613163146185409	ENSG00000002822	55.0	0.42499654249652	ENSG00000002822	53.0	0.402025231632313	ENSG00000275572	56.0	0.170259812466914	ENSG00000164850	56.0	0.187174582033227	ENSG00000198517	53.0	0.185664046005809	ENSG00000164850	52.0	0.299735277803341	ENSG00000198517	59.0	0.269358495456721	ENSG00000002822	53.0	0.112893399515123	ENSG00000146555	36.0	0.613163146185409	ENSG00000002822	0.112893399515123	ENSG00000146555	0.908221095321388	ENSG00000002822	0.908221095321388	ENSG00000002822	True	False	False	True	True
10-rs12571643	10	rs12571643	104520277	104017277	105270465	0.858	4.407e-25	1.1221	0.0111	pass	102760520.0	101760520.0	103760520.0	0.111830850072935	ENSG00000076685	76.0	0.10775039967731	ENSG00000120049	77.0	0.146033991394119	ENSG00000173915	79.0	0.188846791352717	ENSG00000065621	78.0	0.220202116262655	ENSG00000166189	81.0	0.302043160399565	ENSG00000156384	77.0	0.337362726752008	ENSG00000173915	78.0	0.16273716984553	ENSG00000107829	76.0	0.223004336046896	ENSG00000107872	79.0	0.147398529807138	ENSG00000107833	77.0	0.188139589829379	ENSG00000138172	78.0	0.197925787364919	ENSG00000198728	75.0	0.190506262727179	ENSG00000065621	75.0	0.327447435647449	ENSG00000183128	64.0	0.302043160399565	ENSG00000156384	0.327447435647449	ENSG00000183128	0.337362726752008	ENSG00000173915	0.337362726752008	ENSG00000173915	True	False	False	False	False
15-rs4702	15	rs4702	91426560	91341160	91493060	0.413	5.6710000000000005e-25	1.08307	0.0077	pass	90883330.0	89883330.0	91883330.0	0.279005847524839	ENSG00000285560	71.0	0.194691765837918	ENSG00000287061	70.0	0.566341053080055	ENSG00000140564	73.0	0.100250953389619	ENSG00000285560	71.0	0.257696974602674	ENSG00000140564	76.0	0.415702238954752	ENSG00000185518	71.0	0.87550101853759	ENSG00000140564	70.0	0.428328629779205	ENSG00000285883	72.0	0.271512358765834	ENSG00000258384	73.0	0.374260932563013	ENSG00000140548	73.0	0.453924619955906	ENSG00000285560	71.0	0.361760122909436	ENSG00000182054	68.0	0.110820675013509	ENSG00000284946	72.0	0.999955586291619	ENSG00000140564	40.0	0.415702238954752	ENSG00000185518	0.999955586291619	ENSG00000140564	0.87550101853759	ENSG00000140564	0.999955586291619	ENSG00000140564	True	False	True	True	True
12-rs1790135	12	rs1790135	123669235	123178957	123982235	0.314	7.262000000000001e-24	1.08654	0.0082	pass	123184688.0	122184688.0	124184688.0	0.175942889650742	ENSG00000287242	81.0	0.403046055734619	ENSG00000274427	80.0	0.359770199312818	ENSG00000051825	80.0	0.536778922477823	ENSG00000090975	78.0	0.657650033204925	ENSG00000130783	80.0	0.397947397893309	ENSG00000150967	80.0	0.36473137229344	ENSG00000256092	78.0	0.641124969669357	ENSG00000111325	80.0	0.15870194675269	ENSG00000051825	82.0	0.286326247566518	ENSG00000130921	80.0	0.440256931034616	ENSG00000185344	80.0	0.258387805733508	ENSG00000274292	81.0	0.40285308291071	ENSG00000196498	82.0	0.939642979294655	ENSG00000183955	60.0	0.397947397893309	ENSG00000150967	0.939642979294655	ENSG00000183955	0.657650033204925	ENSG00000130783	0.939642979294655	ENSG00000183955	True	False	True	False	True
4-rs13107325	4	rs13107325	103188709	102406709	104377532	0.94	2.996e-23	0.85095	0.0162	pass	102267552.0	101267552.0	103267552.0	0.141493099571006	ENSG00000138821	22.0	0.0899676397763819	ENSG00000109323	19.0	0.0960601124441416	ENSG00000164037	20.0	0.10894537615007	ENSG00000164039	17.0	0.13325646825663	ENSG00000248161	16.0	0.140235149391069	ENSG00000145354	19.0	0.18896033244383	ENSG00000109323	18.0	0.170226110873333	ENSG00000286124	22.0	0.128716658898594	ENSG00000169836	20.0	0.111998115072638	ENSG00000109323	18.0	0.29680119516521	ENSG00000164039	19.0	0.250825700059049	ENSG00000109323	19.0	0.107647256223564	ENSG00000169836	20.0	0.117756626390711	ENSG00000138814	13.0	0.140235149391069	ENSG00000145354	0.117756626390711	ENSG00000138814	0.29680119516521	ENSG00000164039	0.29680119516521	ENSG00000164039	True	False	False	False	False
12-rs4298967	12	rs4298967	2408194	2236194	2490494	0.271	2.5929999999999995e-22	1.08513	0.0084	pass	2299028.0	1299028.0	3299028.0	0.0999576814154672	ENSG00000166159	46.0	0.223059182140843	ENSG00000053702	49.0	0.138312446742493	ENSG00000250899	52.0	0.559054714347716	ENSG00000246627	51.0	0.265554210305953	ENSG00000267285	52.0	0.113102721694583	ENSG00000166159	48.0	0.094010117519287	ENSG00000250899	48.0	0.629943924670598	ENSG00000256769	51.0	0.14863125993922	ENSG00000151062	46.0	0.173178909262777	ENSG00000288984	50.0	0.383779521946813	ENSG00000203593	50.0	0.48075609349446	ENSG00000151067	45.0	0.125708511673403	ENSG00000258325	44.0	0.0515691118372885	ENSG00000006831	27.0	0.113102721694583	ENSG00000166159	0.0515691118372885	ENSG00000006831	0.629943924670598	ENSG00000256769	0.629943924670598	ENSG00000256769	True	False	False	False	False
3-rs2710323	3	rs2710323	52815905	48132866	53595354	0.494	5.758e-21	1.07058	0.0073	pass	52781889.0	51781889.0	53781889.0	0.732138260770988	ENSG00000168237	65.0	0.319176390274867	ENSG00000163938	64.0	0.326045888403079	ENSG00000272573	66.0	0.935982367623519	ENSG00000163938	65.0	0.892941682879397	ENSG00000163938	67.0	0.750283664650594	ENSG00000168237	66.0	0.742093400656487	ENSG00000163938	65.0	0.164420870102675	ENSG00000243224	67.0	0.573703097781848	ENSG00000114902	65.0	0.400371799052634	ENSG00000168273	66.0	0.549854721427976	ENSG00000163938	65.0	0.477863333228151	ENSG00000164088	62.0	0.451126989686295	ENSG00000168237	63.0	0.96065934972302	ENSG00000163938	58.0	0.750283664650594	ENSG00000168237	0.96065934972302	ENSG00000163938	0.935982367623519	ENSG00000163938	0.96065934972302	ENSG00000163938	True	False	True	True	True
2-rs2139054	2	rs2139054	58156583	57845344	58866583	0.369	5.771e-21	0.93156	0.0076	pass	57929448.0	56929448.0	58929448.0	0.108011186613458	ENSG00000287875	9.0	0.0929311461090615	ENSG00000222030	9.0	0.332103298370664	ENSG00000287875	11.0	0.069261814198548	ENSG00000115392	4.0	0.454425321462917	ENSG00000115392	5.0	0.139508210505255	ENSG00000222030	11.0	0.180463092281908	ENSG00000285755	10.0	0.252313811333198	ENSG00000287875	10.0	0.0684784092692928	ENSG00000028116	12.0	0.250204048561406	ENSG00000115392	11.0	0.160806015650238	ENSG00000028116	11.0	0.0775054968635718	ENSG00000285755	11.0	0.180876225873443	ENSG00000273063	9.0	0.0165589580315954	ENSG00000115392	3.0	0.139508210505255	ENSG00000222030	0.0165589580315954	ENSG00000115392	0.454425321462917	ENSG00000115392	0.454425321462917	ENSG00000115392	True	False	False	False	False
1-rs4950119	1	rs4950119	98491248	97681967	98701248	0.157	1.6060000000000002e-20	0.91165	0.01	pass	98025692.0	97025692.0	99025692.0	0.224722705775023	ENSG00000188641	15.0	0.0773027382175986	ENSG00000117569	13.0	0.147539011219264	ENSG00000259946	14.0	0.216294193906745	ENSG00000117569	10.0	0.157253188433069	ENSG00000117569	9.0	0.128239156494953	ENSG00000232825	12.0	0.0851164503389122	ENSG00000259946	12.0	0.112643194432371	ENSG00000259946	16.0	0.101409788002475	ENSG00000259946	17.0	0.129563521966445	ENSG00000259946	14.0	0.201441838371241	ENSG00000188641	13.0	0.113557735534766	ENSG00000188641	14.0	0.0829731281957852	ENSG00000225206	14.0	0.830970682593064	ENSG00000117569	9.0	0.128239156494953	ENSG00000232825	0.830970682593064	ENSG00000117569	0.224722705775023	ENSG00000188641	0.830970682593064	ENSG00000117569	True	False	True	False	True
7-rs7779548	7	rs7779548	137074540	136939640	137182838	0.673	4.376e-20	1.0738	0.0078	pass	137389794.0	136389794.0	138389794.0	0.0679249065789625	ENSG00000105894	23.0	0.136446133599264	ENSG00000289438	22.0	0.15270679124337	ENSG00000157680	25.0	0.0875764078080406	ENSG00000157680	19.0	0.0925466530885802	ENSG00000157680	19.0	0.309542749871908	ENSG00000228031	23.0	0.0782738103400161	ENSG00000228031	22.0	0.795892303445068	ENSG00000228031	23.0	0.0992354309946382	ENSG00000105894	25.0	0.0618650106254593	ENSG00000225559	23.0	0.204820181885721	ENSG00000228031	23.0	0.110842571052425	ENSG00000228031	23.0	0.135380882851305	ENSG00000228031	21.0	0.0545418797840476	ENSG00000157680	22.0	0.309542749871908	ENSG00000228031	0.0545418797840476	ENSG00000157680	0.795892303445068	ENSG00000228031	0.795892303445068	ENSG00000228031	True	False	False	False	False
8-rs4129585	8	rs4129585	143312933	143217733	143512933	0.373	9.315000000000001e-20	1.07101	0.0075	pass	142231572.0	141231572.0	143231572.0	0.677184359411962	ENSG00000178209	99.0	0.593299329403011	ENSG00000181638	102.0	0.221271049593856	ENSG00000203499	99.0	0.218490510617682	ENSG00000261710	84.0	0.488636441832653	ENSG00000126233	89.0	0.559416219018217	ENSG00000126233	102.0	0.295919210397588	ENSG00000179950	99.0	0.318188872937198	ENSG00000287576	100.0	0.34324430247115	ENSG00000261710	99.0	0.208998756387637	ENSG00000289161	100.0	0.258649443819624	ENSG00000158106	98.0	0.226246115066949	ENSG00000254859	89.0	0.148986661679264	ENSG00000178719	90.0	0.482672913317242	ENSG00000147813	65.0	0.559416219018217	ENSG00000126233	0.482672913317242	ENSG00000147813	0.677184359411962	ENSG00000178209	0.677184359411962	ENSG00000178209	True	False	False	False	False
11-rs2902858	11	rs2902858	46524013	46177013	47684013	0.837	4.567e-19	0.91549	0.0099	pass	46502463.0	45502463.0	47502463.0	0.331254844488052	ENSG00000175213	64.0	0.18411789300308	ENSG00000165912	64.0	0.215768929351029	ENSG00000165912	67.0	0.242388967903434	ENSG00000165912	65.0	0.463762722996694	ENSG00000110492	66.0	0.314273756299725	ENSG00000110492	66.0	0.30020694429351	ENSG00000110492	65.0	0.384931691932427	ENSG00000165905	65.0	0.498447448673383	ENSG00000180423	66.0	0.232272902150376	ENSG00000256746	66.0	0.266017447677531	ENSG00000165912	63.0	0.142880822875927	ENSG00000109920	58.0	0.225519754322164	ENSG00000157613	62.0	0.936972336198286	ENSG00000175224	54.0	0.314273756299725	ENSG00000110492	0.936972336198286	ENSG00000175224	0.498447448673383	ENSG00000180423	0.936972336198286	ENSG00000175224	True	False	True	False	True
14-rs2190873	14	rs2190873	72424905	72332505	72525805	0.459	6.622e-19	1.06663	0.0073	pass	71958188.0	70958188.0	72958188.0	0.555866157204836	ENSG00000100731	49.0	0.538065493201247	ENSG00000100731	53.0	0.231253160333928	ENSG00000100731	51.0	0.786539086726553	ENSG00000100731	53.0	0.418436815606652	ENSG00000100731	53.0	0.356254837905909	ENSG00000182732	53.0	0.488135562834772	ENSG00000100731	53.0	0.831685340921798	ENSG00000100731	53.0	0.309021851597298	ENSG00000100731	54.0	0.662438462697781	ENSG00000100731	54.0	0.443233994879797	ENSG00000100731	50.0	0.162794055052829	ENSG00000100731	48.0	0.357380194521827	ENSG00000258644	48.0	0.446252931362257	ENSG00000100731	31.0	0.356254837905909	ENSG00000182732	0.446252931362257	ENSG00000100731	0.831685340921798	ENSG00000100731	0.831685340921798	ENSG00000100731	True	False	False	True	True
1-rs12042444	1	rs12042444	73988149	73226149	74182149	0.404	7.002e-19	1.0693	0.0075	pass	73522466.0	72522466.0	74522466.0	0.0635091376102243	ENSG00000172260	11.0	0.0869003838235271	ENSG00000286863	12.0	0.0876834303134138	ENSG00000233894	17.0	0.0567316366924607	ENSG00000172260	13.0	0.114617675087437	ENSG00000172260	13.0	0.0710478886613865	ENSG00000237324	13.0	0.0900782776844536	ENSG00000233894	11.0	0.0989893856082428	ENSG00000162621	14.0	0.0597142474667827	ENSG00000172260	18.0	0.298578674346167	ENSG00000237324	17.0	0.0610747934500563	ENSG00000286863	14.0	0.0691782078886781	ENSG00000172260	12.0	0.0685968745185841	ENSG00000259030	11.0	0.0201224419263078	ENSG00000116791	9.0	0.0710478886613865	ENSG00000237324	0.0201224419263078	ENSG00000116791	0.298578674346167	ENSG00000237324	0.298578674346167	ENSG00000237324	True	False	False	False	False
5-rs7709645	5	rs7709645	60731458	60007959	60905458	0.526	7.58e-19	0.93454	0.0076	pass	61435631.0	60435631.0	62435631.0	0.0921681590073945	ENSG00000288936	16.0	0.123930997549795	ENSG00000164182	16.0	0.140318480751329	ENSG00000188725	15.0	0.673601511132462	ENSG00000049167	15.0	0.381369101436124	ENSG00000130449	16.0	0.0866634635438692	ENSG00000152931	16.0	0.400327105266621	ENSG00000152931	16.0	0.283470281790661	ENSG00000035499	17.0	0.150907730463871	ENSG00000068796	16.0	0.112501786160116	ENSG00000188725	15.0	0.083336800125295	ENSG00000086189	15.0	0.198104285079119	ENSG00000178722	17.0	0.185637287241863	ENSG00000035499	18.0	0.307461266896906	ENSG00000130449	11.0	0.0866634635438692	ENSG00000152931	0.307461266896906	ENSG00000130449	0.673601511132462	ENSG00000049167	0.673601511132462	ENSG00000049167	True	False	False	False	False
3-rs71312200	3	rs71312200	180729148	180475148	181295605	0.825	9.853e-18	1.08491	0.0095	pass	181011360.0	180011360.0	182011360.0	0.426099514284531	ENSG00000284862	37.0	0.323048367730196	ENSG00000244302	35.0	0.255386754563191	ENSG00000121879	38.0	0.212129072503639	ENSG00000260743	27.0	0.250129762407384	ENSG00000272699	30.0	0.109579104511932	ENSG00000058056	36.0	0.265815907228269	ENSG00000242808	35.0	0.148331678841246	ENSG00000272660	37.0	0.173088929798996	ENSG00000272910	37.0	0.191976970428249	ENSG00000136521	36.0	0.126372643928378	ENSG00000272910	37.0	0.113439682908593	ENSG00000243187	33.0	0.119775205856223	ENSG00000239381	36.0	0.335987510154364	ENSG00000114416	18.0	0.109579104511932	ENSG00000058056	0.335987510154364	ENSG00000114416	0.426099514284531	ENSG00000284862	0.426099514284531	ENSG00000284862	True	False	False	False	False
10-rs7893279	10	rs7893279	18745105	18522105	19019105	0.89	1.2690000000000001e-17	1.1086	0.0121	pass	18456176.0	17456176.0	19456176.0	0.0886485146559617	ENSG00000148488	28.0	0.0846660577198137	ENSG00000260314	28.0	0.220600203042965	ENSG00000229190	28.0	0.386981734856764	ENSG00000165997	22.0	0.1430346758133	ENSG00000148482	22.0	0.124708921747674	ENSG00000148482	28.0	0.0871020808765896	ENSG00000148488	27.0	0.193852871023992	ENSG00000148488	28.0	0.145394195824497	ENSG00000229190	28.0	0.282565315174877	ENSG00000148488	28.0	0.26320052226887	ENSG00000148488	28.0	0.122682954109333	ENSG00000260314	25.0	0.133770166674521	ENSG00000165996	27.0	0.0561273767241057	ENSG00000260314	16.0	0.124708921747674	ENSG00000148482	0.0561273767241057	ENSG00000260314	0.386981734856764	ENSG00000165997	0.386981734856764	ENSG00000165997	True	False	False	False	False
2-rs778371	2	rs778371	233743109	233501109	233864909	0.741	1.402e-17	0.93146	0.0083	pass	232878399.0	231878399.0	233878399.0	0.202251794061426	ENSG00000115474	41.0	0.192750867012789	ENSG00000171551	39.0	0.195808019466446	ENSG00000144535	45.0	0.108167235885525	ENSG00000221944	34.0	0.241827226440123	ENSG00000144535	36.0	0.238361549441726	ENSG00000115474	37.0	0.1791538223903	ENSG00000171551	37.0	0.214952532521002	ENSG00000261096	42.0	0.0852349864648394	ENSG00000144481	44.0	0.323429167132913	ENSG00000156973	44.0	0.228111050415427	ENSG00000156973	42.0	0.340986242510661	ENSG00000237412	35.0	0.0900388325220564	ENSG00000115474	36.0	0.0718865672866693	ENSG00000242515	49.0	0.238361549441726	ENSG00000115474	0.0718865672866693	ENSG00000242515	0.340986242510661	ENSG00000237412	0.340986242510661	ENSG00000237412	True	False	False	False	False
11-rs61902811	11	rs61902811	113370758	113235958	113501268	0.722	8.041000000000001e-17	1.07251	0.0084	pass	113500036.0	112500036.0	114500036.0	0.231177099382079	ENSG00000150787	45.0	0.144970428069536	ENSG00000247416	46.0	0.228512332999271	ENSG00000286463	45.0	0.420576151192388	ENSG00000149294	50.0	0.773843489615141	ENSG00000256452	50.0	0.144359523912033	ENSG00000076053	45.0	0.271390477516707	ENSG00000166741	45.0	0.14468391067909	ENSG00000137720	47.0	0.381972899400195	ENSG00000197580	47.0	0.0945686556137073	ENSG00000287006	43.0	0.177334294403997	ENSG00000180425	45.0	0.203010756752125	ENSG00000256757	43.0	0.323284295253817	ENSG00000270179	46.0	0.772038326087739	ENSG00000228607	38.0	0.144359523912033	ENSG00000076053	0.772038326087739	ENSG00000228607	0.773843489615141	ENSG00000256452	0.773843489615141	ENSG00000256452	True	False	False	False	False
7-rs35274762	7	rs35274762	86412221	85525221	86644221	0.896	1.182e-16	1.10374	0.0119	pass	86782905.0	85782905.0	87782905.0	0.191947523733202	ENSG00000127954	20.0	0.10208548213357	ENSG00000224046	20.0	0.156177206650062	ENSG00000224046	20.0	0.15311410878617	ENSG00000164659	19.0	0.663319113312527	ENSG00000233073	19.0	0.0955061792930772	ENSG00000224046	20.0	0.161570793753658	ENSG00000105784	20.0	0.128718645402193	ENSG00000224046	21.0	0.132369493545676	ENSG00000135164	21.0	0.172125249719119	ENSG00000085563	20.0	0.11418971500346	ENSG00000198822	20.0	0.17055425192231	ENSG00000224046	19.0	0.296290295877349	ENSG00000008277	20.0	0.542064624027463	ENSG00000198822	15.0	0.0955061792930772	ENSG00000224046	0.542064624027463	ENSG00000198822	0.663319113312527	ENSG00000233073	0.663319113312527	ENSG00000233073	True	False	False	False	False
20-rs1006945	20	rs1006945	37458009	37216846	37567558	0.46	1.347e-16	0.94167	0.0073	pass	38829366.0	37829366.0	39829366.0	0.204619131021832	ENSG00000101445	37.0	0.100288352280449	ENSG00000274825	34.0	0.434827050885833	ENSG00000101442	36.0	0.333441433608441	ENSG00000101442	32.0	0.36988620782069	ENSG00000101442	33.0	0.260204234122742	ENSG00000277829	35.0	0.0960733132476403	ENSG00000101425	35.0	0.110938519647718	ENSG00000101438	38.0	0.153040433659692	ENSG00000182035	37.0	0.115063715920756	ENSG00000101438	37.0	0.248687733165003	ENSG00000101442	35.0	0.228114917070464	ENSG00000132792	33.0	0.0709613742738216	ENSG00000101445	35.0	0.0340715665775079	ENSG00000101442	28.0	0.260204234122742	ENSG00000277829	0.0340715665775079	ENSG00000101442	0.434827050885833	ENSG00000101442	0.434827050885833	ENSG00000101442	True	False	False	False	False
15-rs3813567	15	rs3813567	78934551	78661551	79155551	0.265	1.412e-16	0.93025	0.0087	pass	78642209.0	77642209.0	79642209.0	0.138172590151984	ENSG00000140403	52.0	0.298120255683086	ENSG00000166426	51.0	0.0827118158439681	ENSG00000259234	52.0	0.129252457561039	ENSG00000259420	55.0	0.298223212420598	ENSG00000041357	57.0	0.0945504854981062	ENSG00000277482	50.0	0.199720996133542	ENSG00000136381	51.0	0.109945267513219	ENSG00000259362	53.0	0.32805225477518	ENSG00000177699	51.0	0.108903060307583	ENSG00000259474	53.0	0.204767304521341	ENSG00000136381	51.0	0.17018863781974	ENSG00000188266	50.0	0.139324347230818	ENSG00000259234	49.0	0.0734940860601821	ENSG00000140382	35.0	0.0945504854981062	ENSG00000277482	0.0734940860601821	ENSG00000140382	0.32805225477518	ENSG00000177699	0.32805225477518	ENSG00000177699	True	False	False	False	False
12-rs4766428	12	rs4766428	110723245	110079434	111539434	0.516	1.563e-16	0.93604	0.008	pass	110285440.0	109285440.0	111285440.0	0.499113605913244	ENSG00000110921	67.0	0.351033411375162	ENSG00000277595	66.0	0.268550106222438	ENSG00000111237	65.0	0.469764651094851	ENSG00000277299	64.0	0.6209831753328	ENSG00000258210	67.0	0.811038111408616	ENSG00000111237	66.0	0.315832016366402	ENSG00000111252	64.0	0.111189836491093	ENSG00000258099	69.0	0.544092989253623	ENSG00000186298	69.0	0.481053800275167	ENSG00000111237	67.0	0.298940206540204	ENSG00000174456	64.0	0.206892457855349	ENSG00000139438	67.0	0.196209955188569	ENSG00000111249	67.0	0.529936184452284	ENSG00000204852	53.0	0.811038111408616	ENSG00000111237	0.529936184452284	ENSG00000204852	0.811038111408616	ENSG00000111237	0.811038111408616	ENSG00000111237	True	True	False	True	True
1-rs2970610	1	rs2970610	44097530	43743530	44530530	0.382	4.4599999999999995e-16	1.06428	0.0077	pass	43631859.0	42631859.0	44631859.0	0.503652741627673	ENSG00000117407	82.0	0.334859243003691	ENSG00000234694	82.0	0.363140389880517	ENSG00000288573	82.0	0.161921411478773	ENSG00000132768	76.0	0.487944475938389	ENSG00000126091	79.0	0.222741475940407	ENSG00000188396	81.0	0.671513876586716	ENSG00000117385	80.0	0.38739433622526	ENSG00000227527	83.0	0.224618995284157	ENSG00000117407	82.0	0.190782639669373	ENSG00000117425	80.0	0.154116342656828	ENSG00000234917	81.0	0.178216623008496	ENSG00000142949	83.0	0.127491212496392	ENSG00000117400	81.0	0.0545082751932232	ENSG00000142949	66.0	0.222741475940407	ENSG00000188396	0.0545082751932232	ENSG00000142949	0.671513876586716	ENSG00000117385	0.671513876586716	ENSG00000117385	True	False	False	False	False
2-rs11680723	2	rs11680723	200810957	200485957	201365138	0.854	4.705e-16	0.92201	0.01	pass	199946234.0	198946234.0	200946234.0	0.286433630146296	ENSG00000237166	34.0	0.512265715358914	ENSG00000226124	34.0	0.277510406034733	ENSG00000226312	34.0	0.19428687415579	ENSG00000287299	32.0	0.236801372071673	ENSG00000162971	32.0	0.43844808909654	ENSG00000155729	33.0	0.412293753484601	ENSG00000238217	32.0	0.12516207120642	ENSG00000238217	34.0	0.113876505731054	ENSG00000013441	33.0	0.293909396048962	ENSG00000238217	34.0	0.206306547186008	ENSG00000226312	31.0	0.281719360688237	ENSG00000138356	31.0	0.152337597997571	ENSG00000162972	31.0	0.58998917827883	ENSG00000226124	27.0	0.43844808909654	ENSG00000155729	0.58998917827883	ENSG00000226124	0.512265715358914	ENSG00000226124	0.58998917827883	ENSG00000226124	True	False	False	False	False
18-rs55858161	18	rs55858161	77653508	77325016	77975508	0.635	4.743e-16	0.93763	0.0079	pass	79893508.0	78893508.0	80893508.0	0.146946844871354	ENSG00000122490	28.0	0.0935563384708341	ENSG00000287879	25.0	0.245852545037531	ENSG00000263146	27.0	0.1655493444114	ENSG00000166377	20.0	0.535958376278554	ENSG00000122490	21.0	0.125819309597306	ENSG00000267655	26.0	0.105442820647728	ENSG00000275186	22.0	0.151836796176663	ENSG00000275186	28.0	0.226401515133688	ENSG00000122490	28.0	0.601669695539546	ENSG00000287879	28.0	0.499058004448805	ENSG00000178184	24.0	0.33834807233696	ENSG00000122490	28.0	0.42351269985714	ENSG00000122490	26.0	0.452142983745749	ENSG00000178342	12.0	0.125819309597306	ENSG00000267655	0.452142983745749	ENSG00000178342	0.601669695539546	ENSG00000287879	0.601669695539546	ENSG00000287879	True	False	False	False	False
16-rs9925915	16	rs9925915	29993686	29770686	30430686	0.574	4.85e-16	1.06152	0.0074	pass	29982365.0	28982365.0	30982365.0	0.931858918870698	ENSG00000169592	155.0	0.951598025619807	ENSG00000169592	151.0	0.946974007165921	ENSG00000169592	154.0	0.970573921869676	ENSG00000169592	156.0	0.919441850034073	ENSG00000169592	160.0	0.954109236223933	ENSG00000169592	156.0	0.973518433052203	ENSG00000169592	151.0	0.925658715849359	ENSG00000169592	160.0	0.956842329559131	ENSG00000169592	160.0	0.962983473099577	ENSG00000169592	154.0	0.963810497210474	ENSG00000169592	153.0	0.725991655752616	ENSG00000169592	154.0	0.595298478038597	ENSG00000174939	154.0	0.9773837056857	ENSG00000169592	117.0	0.954109236223933	ENSG00000169592	0.9773837056857	ENSG00000169592	0.973518433052203	ENSG00000169592	0.9773837056857	ENSG00000169592	True	True	True	True	True
19-rs8101499	19	rs8101499	19476984	19274984	19849984	0.363	7.738000000000002e-16	1.06279	0.0076	pass	19366175.0	18366175.0	20366175.0	0.190066039892456	ENSG00000258674	107.0	0.227786012598875	ENSG00000064490	103.0	0.310412821399259	ENSG00000250067	106.0	0.822659899668106	ENSG00000213996	104.0	0.704961858475764	ENSG00000213996	105.0	0.581628393790555	ENSG00000167491	108.0	0.39557620575791	ENSG00000213996	102.0	0.625220772680971	ENSG00000064547	108.0	0.157828363736476	ENSG00000213988	108.0	0.248208492169056	ENSG00000250067	106.0	0.434260008005656	ENSG00000129933	109.0	0.609230240492362	ENSG00000129933	104.0	0.181881496125214	ENSG00000256771	106.0	0.940620645850174	ENSG00000167491	92.0	0.581628393790555	ENSG00000167491	0.940620645850174	ENSG00000167491	0.822659899668106	ENSG00000213996	0.940620645850174	ENSG00000167491	True	False	True	True	True
4-rs12498839	4	rs12498839	176731401	176648701	177024221	0.932	8.942e-16	0.88861	0.0147	pass	175810250.0	174810250.0	176810250.0	0.749107766427403	ENSG00000249106	23.0	0.88514339019365	ENSG00000249106	23.0	0.797817339960814	ENSG00000249106	25.0	0.994749505775204	ENSG00000249106	18.0	0.509432991377462	ENSG00000249106	18.0	0.920684692119664	ENSG00000249106	23.0	0.947823881833061	ENSG00000249106	23.0	0.941689488533429	ENSG00000249106	24.0	0.970920464625927	ENSG00000249106	24.0	0.996597790382418	ENSG00000249106	24.0	0.671842074662038	ENSG00000249106	23.0	0.1915384988946	ENSG00000249106	23.0	0.315830082634511	ENSG00000249106	24.0	0.0543714091094606	ENSG00000150625	13.0	0.920684692119664	ENSG00000249106	0.0543714091094606	ENSG00000150625	0.996597790382418	ENSG00000249106	0.996597790382418	ENSG00000249106	True	True	False	True	True
1-rs56335113	1	rs56335113	30427639	30355139	30566739	0.368	1.4640000000000001e-15	1.06556	0.008	pass	29954792.0	28954792.0	30954792.0	0.311619499371352	ENSG00000060656	51.0	0.0721695074770292	ENSG00000225750	51.0	0.134809597939729	ENSG00000162510	52.0	0.17153354171189	ENSG00000116353	48.0	0.0955680607994691	ENSG00000116353	48.0	0.240535201138648	ENSG00000060656	51.0	0.289824073291066	ENSG00000162510	51.0	0.146506387229105	ENSG00000287510	52.0	0.209284807371848	ENSG00000130770	50.0	0.11323558657957	ENSG00000223382	52.0	0.0946455779701152	ENSG00000130772	52.0	0.0854498045223938	ENSG00000287510	51.0	0.134717162211121	ENSG00000253304	49.0	0.104343388770047	ENSG00000198492	34.0	0.240535201138648	ENSG00000060656	0.104343388770047	ENSG00000198492	0.311619499371352	ENSG00000060656	0.311619499371352	ENSG00000060656	True	False	False	False	False
2-rs12471454	2	rs12471454	200014483	199634483	200364483	0.486	1.7080000000000001e-15	0.94233	0.0075	pass	199149760.0	198149760.0	200149760.0	0.320452890199242	ENSG00000237166	37.0	0.560804057117178	ENSG00000226124	34.0	0.117278532577818	ENSG00000225421	37.0	0.227034236170823	ENSG00000287299	30.0	0.214347366978352	ENSG00000196141	31.0	0.470795307344007	ENSG00000155729	35.0	0.446420899888287	ENSG00000238217	34.0	0.132114579837869	ENSG00000238217	37.0	0.139227447021053	ENSG00000287299	37.0	0.326900254830948	ENSG00000238217	36.0	0.198445782677534	ENSG00000196141	34.0	0.344244181040603	ENSG00000138356	32.0	0.174567133152239	ENSG00000162972	35.0	0.627970537080541	ENSG00000226124	27.0	0.470795307344007	ENSG00000155729	0.627970537080541	ENSG00000226124	0.560804057117178	ENSG00000226124	0.627970537080541	ENSG00000226124	True	False	False	False	False
1-rs11587347	1	rs11587347	239198959	238885959	239302559	0.914	4.081000000000001e-15	0.90159	0.0132	pass	239035659.0	238035659.0	240035659.0	0.141590060941428	ENSG00000133019	7.0	0.0735512282066387	ENSG00000231979	10.0	0.0596967388457297	ENSG00000215808	8.0	0.0581400508849337	ENSG00000155816	6.0	0.061567452821769	ENSG00000215808	7.0	0.0603626382426133	ENSG00000155816	11.0	0.0639574325168934	ENSG00000231979	10.0	0.0681337411043394	ENSG00000215808	8.0	0.0764681869571043	ENSG00000215808	7.0	0.0586356456965794	ENSG00000155816	8.0	0.0594380888333178	ENSG00000155816	8.0	0.0610713518361378	ENSG00000155816	5.0	0.0663818421390452	ENSG00000155816	6.0	0.0571859094208064	ENSG00000270188	5.0	0.0603626382426133	ENSG00000155816	0.0571859094208064	ENSG00000270188	0.141590060941428	ENSG00000133019	0.141590060941428	ENSG00000133019	True	False	False	False	False
12-rs61937595	12	rs61937595	57682956	57209814	57900956	0.926	4.176e-15	1.12727	0.0153	pass	57289173.0	56289173.0	58289173.0	0.187309486953947	ENSG00000135482	105.0	0.216916345094358	ENSG00000257809	104.0	0.176779561286748	ENSG00000139547	105.0	0.471591188561886	ENSG00000196465	108.0	0.369954548242335	ENSG00000135454	110.0	0.190556566267104	ENSG00000185482	106.0	0.177751327113031	ENSG00000166860	105.0	0.272973897556702	ENSG00000110944	110.0	0.186047702828864	ENSG00000139645	104.0	0.465271037347081	ENSG00000135423	104.0	0.184058075970136	ENSG00000196465	105.0	0.496706000240976	ENSG00000229117	104.0	0.166686503295781	ENSG00000198056	104.0	0.254479326490744	ENSG00000111087	101.0	0.190556566267104	ENSG00000185482	0.254479326490744	ENSG00000111087	0.496706000240976	ENSG00000229117	0.496706000240976	ENSG00000229117	True	False	False	False	False
15-rs11638554	15	rs11638554	85148231	84515231	85483231	0.754	4.283e-15	1.06919	0.0085	pass	84605000.0	83605000.0	85605000.0	0.362996931835006	ENSG00000177082	40.0	0.426295269208199	ENSG00000177082	40.0	0.744786011408354	ENSG00000177082	41.0	0.862579683272039	ENSG00000256278	38.0	0.617321429076768	ENSG00000136383	39.0	0.74091456749577	ENSG00000177082	41.0	0.228151751939272	ENSG00000136383	39.0	0.403264081794622	ENSG00000256278	43.0	0.48636224015962	ENSG00000177082	41.0	0.507209477304177	ENSG00000177082	41.0	0.257585001798794	ENSG00000177082	40.0	0.208746855013411	ENSG00000177082	42.0	0.301801417673844	ENSG00000286872	39.0	0.922973000167829	ENSG00000197696	26.0	0.74091456749577	ENSG00000177082	0.922973000167829	ENSG00000197696	0.862579683272039	ENSG00000256278	0.922973000167829	ENSG00000197696	True	False	True	True	True
14-rs10873538	14	rs10873538	104255569	103670420	104587569	0.682	4.696000000000001e-15	0.94111	0.0077	pass	103789232.0	102789232.0	104789232.0	0.62000570599201	ENSG00000287346	87.0	0.554417598810259	ENSG00000270108	85.0	0.456649037330282	ENSG00000259508	90.0	0.353546473650129	ENSG00000126215	78.0	0.567565904139843	ENSG00000269958	84.0	0.757955196589783	ENSG00000100865	84.0	0.293895692450607	ENSG00000088808	84.0	0.73171746874442	ENSG00000287346	88.0	0.525629939273495	ENSG00000197102	91.0	0.498054665749099	ENSG00000166166	92.0	0.704821990764678	ENSG00000126215	87.0	0.286673199140648	ENSG00000126215	81.0	0.199867393681763	ENSG00000126215	83.0	0.736116872501539	ENSG00000088808	54.0	0.757955196589783	ENSG00000100865	0.736116872501539	ENSG00000088808	0.757955196589783	ENSG00000100865	0.757955196589783	ENSG00000100865	True	False	False	False	False
22-rs732381	22	rs732381	40051166	39822166	40141566	0.604	6.274e-15	0.93435	0.0087	pass	39655161.0	38655161.0	40655161.0	0.261570451662513	ENSG00000100335	95.0	0.189208355573708	ENSG00000231993	98.0	0.450882217833532	ENSG00000196236	100.0	0.18764366087592	ENSG00000100246	97.0	0.269721531693166	ENSG00000279833	98.0	0.109392727072224	ENSG00000100380	98.0	0.408373244105057	ENSG00000272834	97.0	0.321399616812983	ENSG00000183864	101.0	0.37298404714588	ENSG00000100242	97.0	0.507547171142291	ENSG00000128285	100.0	0.599837205992995	ENSG00000227188	98.0	0.435877646899749	ENSG00000100246	98.0	0.137395405444592	ENSG00000284633	97.0	0.702910553438228	ENSG00000100399	77.0	0.109392727072224	ENSG00000100380	0.702910553438228	ENSG00000100399	0.599837205992995	ENSG00000227188	0.702910553438228	ENSG00000100399	True	False	False	False	False
7-rs7803571	7	rs7803571	110993511	110525511	111409511	0.611	7.588e-15	1.05971	0.0075	pass	111353455.0	110353455.0	112353455.0	0.154252928579866	ENSG00000287011	12.0	0.0983591115946344	ENSG00000287011	12.0	0.452979224478731	ENSG00000184903	14.0	0.203346389367162	ENSG00000184903	13.0	0.101038919371931	ENSG00000225572	14.0	0.12516932305269	ENSG00000128512	12.0	0.222453000619003	ENSG00000287011	12.0	0.219493290083565	ENSG00000184903	13.0	0.250325346591329	ENSG00000128512	13.0	0.262565380150265	ENSG00000184903	14.0	0.471682100188407	ENSG00000287011	12.0	0.0903065314230032	ENSG00000228540	14.0	0.190063306524125	ENSG00000226851	12.0	0.186338796665683	ENSG00000184903	10.0	0.12516932305269	ENSG00000128512	0.186338796665683	ENSG00000184903	0.471682100188407	ENSG00000287011	0.471682100188407	ENSG00000287011	True	False	False	False	False
3-rs10935184	3	rs10935184	136153468	135569468	136803468	0.525	1.154e-14	1.06078	0.0076	pass	136434626.0	135434626.0	137434626.0	0.922901113175583	ENSG00000261758	25.0	0.454135514694156	ENSG00000114054	22.0	0.826412392921364	ENSG00000261758	25.0	0.570208349196123	ENSG00000168917	22.0	0.654608899696149	ENSG00000114054	22.0	0.877727685654975	ENSG00000114054	24.0	0.846652732041596	ENSG00000261758	23.0	0.901506609857362	ENSG00000261758	25.0	0.918950055220284	ENSG00000261758	28.0	0.859053040797605	ENSG00000261758	25.0	0.898675516217701	ENSG00000114054	23.0	0.929907690463945	ENSG00000261758	25.0	0.854000001233668	ENSG00000261758	26.0	0.947463679396818	ENSG00000114054	19.0	0.877727685654975	ENSG00000114054	0.947463679396818	ENSG00000114054	0.929907690463945	ENSG00000261758	0.947463679396818	ENSG00000114054	True	True	True	True	True
5-rs10035564	5	rs10035564	45252500	44592500	46454851	0.601	1.398e-14	0.94271	0.0077	pass	45252398.0	44252398.0	46252398.0	0.544212467658534	ENSG00000070193	16.0	0.233342679362495	ENSG00000249203	16.0	0.185540059104751	ENSG00000070193	17.0	0.0815354322674143	ENSG00000164588	15.0	0.146372776565025	ENSG00000249203	15.0	0.0966924968058336	ENSG00000272335	17.0	0.15246006069593	ENSG00000251141	17.0	0.472288061701075	ENSG00000249203	17.0	0.500658072900765	ENSG00000272335	17.0	0.184215014608224	ENSG00000249203	16.0	0.103028575140192	ENSG00000164588	16.0	0.182178261791164	ENSG00000272335	16.0	0.154199041570558	ENSG00000272335	16.0	0.645771620801561	ENSG00000164588	9.0	0.0966924968058336	ENSG00000272335	0.645771620801561	ENSG00000164588	0.544212467658534	ENSG00000070193	0.645771620801561	ENSG00000164588	True	False	False	False	False
19-rs7251	19	rs7251	50162909	50007909	50252109	0.628	1.528e-14	1.06216	0.0078	pass	49659652.0	48659652.0	50659652.0	0.495004566438564	ENSG00000169169	160.0	0.4041885800936	ENSG00000126464	153.0	0.689307880869177	ENSG00000169169	155.0	0.936332548973543	ENSG00000126456	154.0	0.974161331244541	ENSG00000126456	159.0	0.402535887229724	ENSG00000104870	157.0	0.479177513741101	ENSG00000126464	154.0	0.336641765901073	ENSG00000197813	165.0	0.456837182297566	ENSG00000169169	162.0	0.399003559799357	ENSG00000104870	156.0	0.543481385183911	ENSG00000126457	154.0	0.741492558958066	ENSG00000104870	159.0	0.615505642140454	ENSG00000105472	157.0	0.540475179333501	ENSG00000262874	160.0	0.402535887229724	ENSG00000104870	0.540475179333501	ENSG00000262874	0.974161331244541	ENSG00000126456	0.974161331244541	ENSG00000126456	True	False	False	True	True
2-rs11693094	2	rs11693094	185601420	185356420	186107420	0.563	1.847e-14	1.05876	0.0075	pass	184736693.0	183736693.0	185736693.0	0.0610811081236594	ENSG00000170396	16.0	0.075590698578552	ENSG00000231646	16.0	0.0467318284565456	ENSG00000170396	16.0	0.0839377439599053	ENSG00000231646	15.0	0.0670584608959971	ENSG00000170396	15.0	0.0509533976234184	ENSG00000231646	16.0	0.287828775196167	ENSG00000170396	16.0	0.16244333721702	ENSG00000170396	16.0	0.118728174754755	ENSG00000283839	15.0	0.0450578609849778	ENSG00000231646	15.0	0.0524117812038324	ENSG00000231646	16.0	0.125495977727039	ENSG00000231646	16.0	0.0806791614957388	ENSG00000231646	15.0	0.413456328946514	ENSG00000170396	9.0	0.0509533976234184	ENSG00000231646	0.413456328946514	ENSG00000170396	0.287828775196167	ENSG00000170396	0.413456328946514	ENSG00000170396	True	False	False	False	False
11-rs4936215	11	rs4936215	133852684	133552666	133956837	0.82	2.827e-14	1.07853	0.0099	pass	133982789.0	132982789.0	134982789.0	0.109263946007547	ENSG00000183715	19.0	0.340983023085395	ENSG00000285735	22.0	0.0751324339187061	ENSG00000080854	18.0	0.0601201876393846	ENSG00000080854	17.0	0.695541883465164	ENSG00000080854	18.0	0.108412437752524	ENSG00000255348	24.0	0.205327942539508	ENSG00000254648	22.0	0.139265423683014	ENSG00000254896	22.0	0.0936403189805043	ENSG00000166105	21.0	0.161955113897635	ENSG00000183715	19.0	0.105685755154244	ENSG00000166086	18.0	0.0733995312381971	ENSG00000151503	14.0	0.097305680318744	ENSG00000151503	16.0	0.0240225130493441	ENSG00000151503	11.0	0.108412437752524	ENSG00000255348	0.0240225130493441	ENSG00000151503	0.695541883465164	ENSG00000080854	0.695541883465164	ENSG00000080854	True	False	False	False	False
2-rs12991836	2	rs12991836	145141541	144913851	145270151	0.635	2.89e-14	0.94346	0.0076	pass	144383974.0	143383974.0	145383974.0	0.0952706423716433	ENSG00000121964	10.0	0.12007061237922	ENSG00000232606	9.0	0.147271739181067	ENSG00000283118	9.0	0.0740039002798658	ENSG00000121964	3.0	0.0534258984609837	ENSG00000287115	4.0	0.0705588558047424	ENSG00000238057	8.0	0.175327191380823	ENSG00000257277	8.0	0.106376989007216	ENSG00000232606	11.0	0.107480416241525	ENSG00000287115	9.0	0.129105114961203	ENSG00000121964	8.0	0.0855927060578305	ENSG00000287115	8.0	0.141367970648538	ENSG00000283994	12.0	0.128326800800233	ENSG00000257226	13.0	0.0476368713277938	ENSG00000169554	4.0	0.0705588558047424	ENSG00000238057	0.0476368713277938	ENSG00000169554	0.175327191380823	ENSG00000257277	0.175327191380823	ENSG00000257277	True	False	False	False	False
11-rs3016384	11	rs3016384	132573390	132452190	132633690	0.504	4.644e-14	1.05633	0.0073	pass	132703495.0	131703495.0	133703495.0	0.0742224563206642	ENSG00000224795	26.0	0.0988067144110611	ENSG00000224795	27.0	0.139446804907182	ENSG00000224795	26.0	0.171532512096528	ENSG00000224795	22.0	0.0729389820917715	ENSG00000224795	23.0	0.108541658316201	ENSG00000183715	27.0	0.0986765387944998	ENSG00000287068	25.0	0.156474719415324	ENSG00000254896	28.0	0.497847898272242	ENSG00000287068	26.0	0.126965882075845	ENSG00000238117	26.0	0.14145292138953	ENSG00000237654	27.0	0.0577253287871109	ENSG00000285980	19.0	0.11427298393393	ENSG00000183715	22.0	0.0687961403988257	ENSG00000080854	13.0	0.108541658316201	ENSG00000183715	0.0687961403988257	ENSG00000080854	0.497847898272242	ENSG00000287068	0.497847898272242	ENSG00000287068	True	False	False	False	False
1-rs16851048	1	rs16851048	177276006	177032006	177478006	0.788	4.694e-14	0.93491	0.0089	pass	177306870.0	176306870.0	178306870.0	0.669638651374804	ENSG00000227579	19.0	0.111532336289513	ENSG00000116183	20.0	0.272395456983073	ENSG00000116194	18.0	0.0767914004042499	ENSG00000116191	17.0	0.113706538567216	ENSG00000273384	17.0	0.149087062063021	ENSG00000116191	21.0	0.204072388636319	ENSG00000075391	21.0	0.101582367889096	ENSG00000286754	21.0	0.143475076091583	ENSG00000116183	19.0	0.194578566222379	ENSG00000143207	19.0	0.0826025359175733	ENSG00000152092	17.0	0.132776578498771	ENSG00000224687	17.0	0.383808790208136	ENSG00000116183	18.0	0.0262392646412066	ENSG00000188585	14.0	0.149087062063021	ENSG00000116191	0.0262392646412066	ENSG00000188585	0.669638651374804	ENSG00000227579	0.669638651374804	ENSG00000227579	True	False	False	False	False
10-rs17731	10	rs17731	3821561	3739861	3884461	0.653	4.7829999999999997e-14	0.94469	0.0076	pass	3779369.0	2779369.0	4779369.0	0.0694848196912986	ENSG00000288566	24.0	0.0838218980246688	ENSG00000228353	26.0	0.0463763152042994	ENSG00000067082	20.0	0.125549338662007	ENSG00000067057	17.0	0.0765556070239375	ENSG00000067057	18.0	0.528103680039076	ENSG00000228353	30.0	0.146424108904396	ENSG00000067082	29.0	0.19071079748802	ENSG00000067082	25.0	0.0613364000874374	ENSG00000288657	24.0	0.0554977847277115	ENSG00000067082	21.0	0.0887769600712998	ENSG00000273001	22.0	0.115426991303309	ENSG00000237399	18.0	0.0898888814632604	ENSG00000273001	18.0	0.033956596789674	ENSG00000165568	16.0	0.528103680039076	ENSG00000228353	0.033956596789674	ENSG00000165568	0.528103680039076	ENSG00000228353	0.528103680039076	ENSG00000228353	True	False	False	False	False
5-rs72802887	5	rs72802887	152249082	151364104	152835561	0.774	4.818e-14	1.0709	0.0091	pass	152869522.0	151869522.0	153869522.0	0.0948396048412847	ENSG00000164574	27.0	0.277673671992319	ENSG00000132911	27.0	0.710732446331539	ENSG00000249484	30.0	0.134095741026235	ENSG00000113140	28.0	0.0833219121752929	ENSG00000164574	29.0	0.187232768759116	ENSG00000260581	29.0	0.148823586659679	ENSG00000177556	27.0	0.0947483835651298	ENSG00000113140	29.0	0.160825427235575	ENSG00000286749	31.0	0.139455235476002	ENSG00000286749	28.0	0.610341315558378	ENSG00000249484	31.0	0.112227571522229	ENSG00000086570	29.0	0.103913244465602	ENSG00000249035	29.0	0.032327020164786	ENSG00000113140	24.0	0.187232768759116	ENSG00000260581	0.032327020164786	ENSG00000113140	0.710732446331539	ENSG00000249484	0.710732446331539	ENSG00000249484	True	False	False	False	False
8-rs73219806	8	rs73219806	26279173	26069173	26329865	0.794	5.158e-14	0.93202	0.0093	pass	26421657.0	25421657.0	27421657.0	0.134649008291243	ENSG00000104756	30.0	0.0846292767017109	ENSG00000104756	30.0	0.0750192757732864	ENSG00000092964	31.0	0.346118803496658	ENSG00000120915	30.0	0.367964758598534	ENSG00000120903	31.0	0.181607288824566	ENSG00000120907	30.0	0.113211859357526	ENSG00000240694	30.0	0.0785552752840307	ENSG00000104765	32.0	0.156958585939591	ENSG00000104756	33.0	0.091208621119279	ENSG00000120903	32.0	0.0773837408972375	ENSG00000168081	31.0	0.0998335678419675	ENSG00000253476	32.0	0.0849517853115322	ENSG00000221818	33.0	0.940625126533871	ENSG00000120903	27.0	0.181607288824566	ENSG00000120907	0.940625126533871	ENSG00000120903	0.367964758598534	ENSG00000120903	0.940625126533871	ENSG00000120903	True	False	True	False	True
18-rs11083369	18	rs11083369	27481687	27382087	27871687	0.712	5.243e-14	0.94045	0.0082	pass	29901722.0	28901722.0	30901722.0	0.0686895495263297	ENSG00000286605	13.0	0.0493714372064765	ENSG00000265888	12.0	0.0448240793145008	ENSG00000134755	12.0	0.0434639922585704	ENSG00000265888	8.0	0.0465603789637815	ENSG00000134755	9.0	0.0643854763939209	ENSG00000265888	15.0	0.0462759538779808	ENSG00000263698	13.0	0.0545943915376332	ENSG00000134755	12.0	0.0491223282493469	ENSG00000265888	12.0	0.0739402746221136	ENSG00000134755	12.0	0.0533763239427437	ENSG00000265888	10.0	0.0491099908805523	ENSG00000134755	10.0	0.0673269552253143	ENSG00000134755	11.0	0.0206124241230979	ENSG00000134762	11.0	0.0643854763939209	ENSG00000265888	0.0206124241230979	ENSG00000134762	0.0739402746221136	ENSG00000134755	0.0739402746221136	ENSG00000134755	True	False	False	False	False
15-rs11632947	15	rs11632947	61852732	61762932	61959732	0.538	6.239999999999999e-14	0.9463	0.0074	pass	61560533.0	60560533.0	62560533.0	0.0955359104798509	ENSG00000259591	36.0	0.104652781928506	ENSG00000274340	31.0	0.0666645702596743	ENSG00000182718	34.0	0.122187852771466	ENSG00000273792	32.0	0.16671467569827	ENSG00000259575	34.0	0.138405767111863	ENSG00000273958	31.0	0.234197679262449	ENSG00000069667	29.0	0.0964248179740019	ENSG00000171914	36.0	0.0654301811169641	ENSG00000259481	38.0	0.246685823564147	ENSG00000182718	37.0	0.128020396743494	ENSG00000198535	34.0	0.0849680642280175	ENSG00000198535	32.0	0.146799372280438	ENSG00000129003	38.0	0.0721306781716771	ENSG00000182718	18.0	0.138405767111863	ENSG00000273958	0.0721306781716771	ENSG00000182718	0.246685823564147	ENSG00000182718	0.246685823564147	ENSG00000182718	True	False	False	False	False
13-rs9545047	13	rs9545047	79859456	79759456	80301456	0.665	7.628e-14	1.05961	0.0077	pass	79285321.0	78285321.0	80285321.0	0.313834144306607	ENSG00000227676	16.0	0.93508741289678	ENSG00000227676	16.0	0.810262185560639	ENSG00000227676	19.0	0.945314090322111	ENSG00000139746	16.0	0.828808729674147	ENSG00000139746	16.0	0.951580239126759	ENSG00000227676	16.0	0.925755313740218	ENSG00000227676	15.0	0.51969109993915	ENSG00000227676	16.0	0.696762292381522	ENSG00000227676	16.0	0.96895009073378	ENSG00000227676	15.0	0.63408478106905	ENSG00000227676	17.0	0.85128779191401	ENSG00000227676	17.0	0.761551949962779	ENSG00000227676	19.0	0.327877040958994	ENSG00000102471	9.0	0.951580239126759	ENSG00000227676	0.327877040958994	ENSG00000102471	0.96895009073378	ENSG00000227676	0.96895009073378	ENSG00000227676	True	True	False	True	True
7-rs2057884	7	rs2057884	104930250	104422250	105124250	0.364	8.568e-14	1.05728	0.0075	pass	105289803.0	104289803.0	106289803.0	0.167037409744056	ENSG00000272918	28.0	0.254472038240946	ENSG00000242154	28.0	0.123763519532796	ENSG00000272918	28.0	0.188603460695595	ENSG00000187416	28.0	0.207784618681781	ENSG00000187416	28.0	0.153450304875614	ENSG00000228393	28.0	0.326072414937683	ENSG00000228393	28.0	0.145490013858726	ENSG00000272604	28.0	0.284339734972378	ENSG00000272918	29.0	0.363010216322596	ENSG00000272918	29.0	0.200533893133806	ENSG00000005483	28.0	0.273554814592567	ENSG00000273320	29.0	0.369992054216394	ENSG00000242154	28.0	0.0482875147612349	ENSG00000170615	20.0	0.153450304875614	ENSG00000228393	0.0482875147612349	ENSG00000170615	0.369992054216394	ENSG00000242154	0.369992054216394	ENSG00000242154	True	False	False	False	False
22-rs9607782	22	rs9607782	41587556	41024556	42765301	0.755	1.0450000000000001e-13	0.93463	0.0091	pass	41191552.0	40191552.0	42191552.0	0.853804400299971	ENSG00000183066	79.0	0.838698570796873	ENSG00000183066	81.0	0.693913020500008	ENSG00000198951	81.0	0.919101434521295	ENSG00000198951	81.0	0.950724239855293	ENSG00000198951	81.0	0.973570121269887	ENSG00000232710	81.0	0.862973915591452	ENSG00000205704	80.0	0.657702172988053	ENSG00000198951	83.0	0.678065185030544	ENSG00000183172	81.0	0.902982893698302	ENSG00000198951	81.0	0.763951299987034	ENSG00000198951	80.0	0.71847778849576	ENSG00000183172	81.0	0.60661600822132	ENSG00000183172	80.0	0.23840733915541	ENSG00000100167	66.0	0.973570121269887	ENSG00000232710	0.23840733915541	ENSG00000100167	0.973570121269887	ENSG00000232710	0.973570121269887	ENSG00000232710	True	True	False	True	True
18-rs9636107	18	rs9636107	53200117	52666697	53680258	0.468	1.056e-13	0.94544	0.0075	pass	55532886.0	54532886.0	56532886.0	0.0692737938059621	ENSG00000091157	15.0	0.109583004490779	ENSG00000091157	17.0	0.158923919210826	ENSG00000286777	18.0	0.18332722014778	ENSG00000286777	14.0	0.0789431580661373	ENSG00000101751	15.0	0.194967250922286	ENSG00000101751	18.0	0.628365871077478	ENSG00000134046	17.0	0.145592641125485	ENSG00000134046	20.0	0.09088032717525	ENSG00000196628	19.0	0.334975458907227	ENSG00000267325	17.0	0.440392138321616	ENSG00000286777	17.0	0.100457802887664	ENSG00000091157	15.0	0.101992057538972	ENSG00000267327	16.0	0.101679479887585	ENSG00000178690	13.0	0.194967250922286	ENSG00000101751	0.101679479887585	ENSG00000178690	0.628365871077478	ENSG00000134046	0.628365871077478	ENSG00000134046	True	False	False	False	False
14-rs12883788	14	rs12883788	33303540	33207940	33359940	0.599	1.209e-13	0.9463	0.0074	pass	32834334.0	31834334.0	33834334.0	0.0883021012621019	ENSG00000258386	25.0	0.0563974078133397	ENSG00000286527	25.0	0.144127120926842	ENSG00000289111	25.0	0.163366780245674	ENSG00000258580	20.0	0.0940835210536648	ENSG00000151322	20.0	0.13694899140824	ENSG00000151320	23.0	0.294727474855535	ENSG00000258655	22.0	0.137307792670271	ENSG00000151320	25.0	0.15297835578435	ENSG00000151322	24.0	0.0645331198430414	ENSG00000151320	23.0	0.311909669248584	ENSG00000100852	24.0	0.106725044327221	ENSG00000289111	23.0	0.19808870923035	ENSG00000100852	22.0	0.0473900836577448	ENSG00000165410	17.0	0.13694899140824	ENSG00000151320	0.0473900836577448	ENSG00000165410	0.311909669248584	ENSG00000100852	0.311909669248584	ENSG00000100852	True	False	False	False	False
2-rs2914983	2	rs2914983	198314568	198093568	199004568	0.339	1.374e-13	1.05834	0.0077	pass	197449844.0	196449844.0	198449844.0	0.223542323614822	ENSG00000287858	24.0	0.101473050961516	ENSG00000286020	21.0	0.341682227187183	ENSG00000115524	23.0	0.592952579027524	ENSG00000065413	16.0	0.684069948312022	ENSG00000115524	17.0	0.16522432406006	ENSG00000115524	22.0	0.108531272406898	ENSG00000115896	21.0	0.219428972400224	ENSG00000287858	24.0	0.215193578970829	ENSG00000065413	25.0	0.162540794991678	ENSG00000081320	22.0	0.112962654602031	ENSG00000115524	20.0	0.291053050500802	ENSG00000115524	21.0	0.134243353932748	ENSG00000115896	23.0	0.949476402251694	ENSG00000115524	18.0	0.16522432406006	ENSG00000115524	0.949476402251694	ENSG00000115524	0.684069948312022	ENSG00000115524	0.949476402251694	ENSG00000115524	True	False	True	False	True
16-rs12925872	16	rs12925872	13752356	13595356	13857556	0.801	1.437e-13	0.93613	0.0089	pass	13658499.0	12658499.0	14658499.0	0.161899814455643	ENSG00000262267	39.0	0.174654498540593	ENSG00000103381	39.0	0.326076520812408	ENSG00000103381	40.0	0.0648418300801776	ENSG00000262097	40.0	0.162583546269677	ENSG00000274834	44.0	0.0707108109082041	ENSG00000276564	36.0	0.228288496405107	ENSG00000262454	35.0	0.106621457999849	ENSG00000103381	40.0	0.113300542710494	ENSG00000262801	42.0	0.161003798611425	ENSG00000262097	40.0	0.1101582166328	ENSG00000274834	39.0	0.131492548386445	ENSG00000186260	39.0	0.120595630660018	ENSG00000103429	39.0	0.252929298952561	ENSG00000103429	24.0	0.0707108109082041	ENSG00000276564	0.252929298952561	ENSG00000103429	0.326076520812408	ENSG00000103381	0.326076520812408	ENSG00000103381	True	False	False	False	False
2-rs68002929	2	rs68002929	146419989	146343489	146491789	0.84	1.747e-13	0.92969	0.0099	pass	145662421.0	144662421.0	146662421.0	0.0457282004291394	ENSG00000287115	8.0	0.108783768335891	ENSG00000287115	7.0	0.107339233812716	ENSG00000287115	7.0	0.0395073504599839	ENSG00000287115	3.0	0.06256764840539	ENSG00000169554	4.0	0.0493780255039415	ENSG00000238057	6.0	0.0614241229982711	ENSG00000169554	6.0	0.0533172170832278	ENSG00000238057	7.0	0.045251707325316	ENSG00000238057	6.0	0.0473419483401331	ENSG00000121964	6.0	0.0639400155609537	ENSG00000238057	6.0	0.047057820624967	ENSG00000238057	8.0	0.0580193418238285	ENSG00000169554	9.0	0.0237012913326001	ENSG00000169554	2.0	0.0493780255039415	ENSG00000238057	0.0237012913326001	ENSG00000169554	0.108783768335891	ENSG00000287115	0.108783768335891	ENSG00000287115	True	False	False	False	False
11-rs893949	11	rs893949	134296384	134184387	134349944	0.417	2.372e-13	1.05612	0.0075	pass	134426490.0	133426490.0	135426490.0	0.118479780691817	ENSG00000183715	19.0	0.278578679668434	ENSG00000285735	22.0	0.080302712680089	ENSG00000080854	18.0	0.0643307140875614	ENSG00000080854	16.0	0.699433379749331	ENSG00000080854	17.0	0.110069813231047	ENSG00000255348	24.0	0.211319557682242	ENSG00000254648	22.0	0.150667268738779	ENSG00000254896	22.0	0.0919270326407704	ENSG00000166105	21.0	0.173125396226559	ENSG00000183715	19.0	0.109894512475187	ENSG00000166086	18.0	0.0734232813232104	ENSG00000151503	14.0	0.0980335964992882	ENSG00000151503	16.0	0.0241744069436152	ENSG00000183715	11.0	0.110069813231047	ENSG00000255348	0.0241744069436152	ENSG00000183715	0.699433379749331	ENSG00000080854	0.699433379749331	ENSG00000080854	True	False	False	False	False
7-rs7807720	7	rs7807720	110073755	109874755	110207255	0.659	3.037e-13	1.05887	0.0078	pass	110433698.0	109433698.0	111433698.0	0.169442602224238	ENSG00000287011	10.0	0.113471431549522	ENSG00000287011	10.0	0.473239363908817	ENSG00000184903	10.0	0.201462077527342	ENSG00000184903	9.0	0.122299754798334	ENSG00000225572	10.0	0.154017702966458	ENSG00000128512	9.0	0.249089731287203	ENSG00000287011	9.0	0.271409823108793	ENSG00000184903	10.0	0.284061340219336	ENSG00000128512	10.0	0.302507398421472	ENSG00000184903	10.0	0.532813014557835	ENSG00000287011	9.0	0.0915988631427583	ENSG00000198839	11.0	0.0999109477053351	ENSG00000287011	9.0	0.697299641302	ENSG00000128512	8.0	0.154017702966458	ENSG00000128512	0.697299641302	ENSG00000128512	0.532813014557835	ENSG00000287011	0.697299641302	ENSG00000128512	True	False	False	False	False
11-rs12541	11	rs12541	124623492	124528292	124703892	0.73	3.95e-13	1.06481	0.0086	pass	124753596.0	123753596.0	125753596.0	0.317359240118172	ENSG00000149554	54.0	0.328233825005315	ENSG00000064309	58.0	0.325869788353014	ENSG00000019102	59.0	0.26159733402283	ENSG00000064199	58.0	0.313751517006809	ENSG00000064309	63.0	0.881588363916776	ENSG00000019102	59.0	0.682079481422241	ENSG00000019102	56.0	0.220197587512038	ENSG00000166257	56.0	0.18723184614512	ENSG00000149554	60.0	0.597477669536699	ENSG00000019102	58.0	0.190795050955636	ENSG00000019102	54.0	0.116346323295877	ENSG00000019102	54.0	0.226017599130879	ENSG00000149547	52.0	0.314785976202532	ENSG00000182634	68.0	0.881588363916776	ENSG00000019102	0.314785976202532	ENSG00000182634	0.881588363916776	ENSG00000019102	0.881588363916776	ENSG00000019102	True	True	False	True	True
1-rs61833239	1	rs61833239	244010441	243470441	244127979	0.851	6.385999999999999e-13	0.91962	0.0117	pass	243847139.0	242847139.0	244847139.0	0.259983552476437	ENSG00000179456	28.0	0.0711058405104674	ENSG00000143702	29.0	0.206593404356506	ENSG00000227230	29.0	0.151138188354713	ENSG00000035687	33.0	0.0837907741879867	ENSG00000227230	34.0	0.12542257743744	ENSG00000289055	30.0	0.216519103722379	ENSG00000035687	29.0	0.348067422630161	ENSG00000143702	32.0	0.106461613368024	ENSG00000143702	29.0	0.118735965166832	ENSG00000227230	28.0	0.103147378692703	ENSG00000284188	28.0	0.150684993243707	ENSG00000117020	27.0	0.213114735158954	ENSG00000226828	27.0	0.0521547352792722	ENSG00000284188	16.0	0.12542257743744	ENSG00000289055	0.0521547352792722	ENSG00000284188	0.348067422630161	ENSG00000143702	0.348067422630161	ENSG00000143702	True	False	False	False	False
18-rs715170	18	rs715170	53795514	53719014	53888114	0.769	1.055e-12	1.06343	0.0086	pass	56128283.0	55128283.0	57128283.0	0.0992462118507107	ENSG00000101751	22.0	0.0990626552080512	ENSG00000091157	24.0	0.130473284781719	ENSG00000267325	25.0	0.0828719908807991	ENSG00000277324	21.0	0.119750435325678	ENSG00000101751	22.0	0.110216007762313	ENSG00000041353	25.0	0.0837982320513115	ENSG00000101751	24.0	0.107741211761506	ENSG00000041353	27.0	0.108030005782327	ENSG00000166845	26.0	0.305031422095089	ENSG00000267325	24.0	0.0884156130223655	ENSG00000166845	24.0	0.0974344857363919	ENSG00000134046	22.0	0.106048214617745	ENSG00000174448	23.0	0.146863625529362	ENSG00000119547	17.0	0.110216007762313	ENSG00000041353	0.146863625529362	ENSG00000119547	0.305031422095089	ENSG00000267325	0.305031422095089	ENSG00000267325	True	False	False	False	False
2-rs3770752	2	rs3770752	37576136	36970036	37710536	0.71	1.364e-12	1.06003	0.0082	pass	37348993.0	36348993.0	38348993.0	0.750332111685534	ENSG00000115816	35.0	0.176981868803859	ENSG00000115828	35.0	0.815599886493391	ENSG00000115816	35.0	0.908942534987359	ENSG00000003509	33.0	0.78835893264327	ENSG00000115825	32.0	0.492061219460907	ENSG00000115816	38.0	0.586224952085901	ENSG00000115825	37.0	0.194527188101236	ENSG00000115816	37.0	0.608118128696971	ENSG00000115825	34.0	0.709931724115067	ENSG00000115828	36.0	0.611245474051013	ENSG00000003509	35.0	0.298468193332651	ENSG00000008869	32.0	0.548905672153772	ENSG00000218739	32.0	0.894318260392416	ENSG00000003509	26.0	0.492061219460907	ENSG00000115816	0.894318260392416	ENSG00000003509	0.908942534987359	ENSG00000003509	0.908942534987359	ENSG00000003509	True	False	True	True	True
8-rs73229090	8	rs73229090	27442127	27227127	27607127	0.902	1.746e-12	1.10131	0.0137	pass	27584610.0	26584610.0	28584610.0	0.0753227174277512	ENSG00000104290	35.0	0.131092022466632	ENSG00000168081	34.0	0.484177844201831	ENSG00000286804	34.0	0.167205549329839	ENSG00000186918	35.0	0.417766585376755	ENSG00000253567	36.0	0.122836634096258	ENSG00000254362	35.0	0.113710962631529	ENSG00000120899	34.0	0.136274095835927	ENSG00000253567	36.0	0.0741873349665823	ENSG00000286804	35.0	0.346149707759484	ENSG00000214050	37.0	0.154106245402112	ENSG00000168079	34.0	0.139032352282045	ENSG00000120907	34.0	0.136176816093597	ENSG00000214050	36.0	0.196223870533563	ENSG00000189233	28.0	0.122836634096258	ENSG00000254362	0.196223870533563	ENSG00000189233	0.484177844201831	ENSG00000286804	0.484177844201831	ENSG00000286804	True	False	False	False	False
1-rs2494638	1	rs2494638	2372133	2315883	2454333	0.359	2.297e-12	0.93482	0.0096	pass	2440694.0	1440694.0	3440694.0	0.229115377705359	ENSG00000160072	120.0	0.261159516362258	ENSG00000283259	117.0	0.41671461320359	ENSG00000283259	118.0	0.637736614165107	ENSG00000205090	109.0	0.787888454190202	ENSG00000228594	110.0	0.194183229614136	ENSG00000224969	117.0	0.149842062110726	ENSG00000285945	116.0	0.193864429499344	ENSG00000189409	121.0	0.306607453588525	ENSG00000162585	118.0	0.894103865227798	ENSG00000238164	118.0	0.256086837747955	ENSG00000287828	112.0	0.17882579559754	ENSG00000008128	113.0	0.222965137957884	ENSG00000162585	113.0	0.256223660931942	ENSG00000205090	76.0	0.194183229614136	ENSG00000224969	0.256223660931942	ENSG00000205090	0.894103865227798	ENSG00000238164	0.894103865227798	ENSG00000238164	True	False	False	True	True
9-rs505061	9	rs505061	22767164	22546164	22962164	0.497	2.532e-12	0.95047	0.0073	pass	22767165.0	21767165.0	23767165.0	0.177508285301368	ENSG00000265194	16.0	0.0752123353667913	ENSG00000099810	14.0	0.0540310040686374	ENSG00000107105	15.0	0.174617182113988	ENSG00000147883	16.0	0.144650539199532	ENSG00000265194	20.0	0.0822010706727428	ENSG00000107105	17.0	0.0878931814528617	ENSG00000147889	15.0	0.0788679566561826	ENSG00000265194	16.0	0.0900847209702622	ENSG00000266446	19.0	0.119587656857264	ENSG00000099810	14.0	0.0989694933059759	ENSG00000176399	14.0	0.353706768173095	ENSG00000099810	12.0	0.10248494838943	ENSG00000147883	18.0	0.0782173241209595	ENSG00000107105	24.0	0.0822010706727428	ENSG00000107105	0.0782173241209595	ENSG00000107105	0.353706768173095	ENSG00000099810	0.353706768173095	ENSG00000099810	True	False	False	False	False
6-rs6938026	6	rs6938026	43185733	43026733	43308233	0.736	2.54e-12	1.06247	0.0087	pass	43217995.0	42217995.0	44217995.0	0.164248621527362	ENSG00000112624	86.0	0.223976348476004	ENSG00000171467	83.0	0.952373332795416	ENSG00000112659	83.0	0.165264372224752	ENSG00000272223	82.0	0.219175886584069	ENSG00000112655	83.0	0.549921898920481	ENSG00000112659	82.0	0.610678388475127	ENSG00000137221	82.0	0.217432093623492	ENSG00000171453	87.0	0.322475556795948	ENSG00000146223	84.0	0.463318434669397	ENSG00000272223	86.0	0.652719675390616	ENSG00000112659	84.0	0.234391759649604	ENSG00000221821	82.0	0.287441551049798	ENSG00000124733	81.0	0.241741667149698	ENSG00000146221	74.0	0.549921898920481	ENSG00000112659	0.241741667149698	ENSG00000146221	0.952373332795416	ENSG00000112659	0.952373332795416	ENSG00000112659	True	False	False	True	True
17-rs959071	17	rs959071	19142226	18861226	19461226	0.671	3.145e-12	1.07745	0.0107	pass	19238913.0	18238913.0	20238913.0	0.162504169802314	ENSG00000176994	70.0	0.169663706534581	ENSG00000083290	72.0	0.566345756970895	ENSG00000177427	74.0	0.138955449164284	ENSG00000108591	72.0	0.374694339362045	ENSG00000154016	76.0	0.29647686867152	ENSG00000128482	75.0	0.267422932432822	ENSG00000128482	72.0	0.545976244829614	ENSG00000128482	78.0	0.278133939938116	ENSG00000235979	72.0	0.238095862935883	ENSG00000266369	74.0	0.443244854856207	ENSG00000287196	74.0	0.173544166831561	ENSG00000266677	70.0	0.570458463757048	ENSG00000235979	69.0	0.165144114340056	ENSG00000189152	50.0	0.29647686867152	ENSG00000128482	0.165144114340056	ENSG00000189152	0.570458463757048	ENSG00000235979	0.570458463757048	ENSG00000235979	True	False	False	False	False
11-rs4937935	11	rs4937935	134580591	134394591	134651991	0.477	4.102e-12	0.94838	0.0076	pass	134710697.0	133710697.0	135710697.0	0.123845339112029	ENSG00000183715	19.0	0.278578679668434	ENSG00000285735	22.0	0.0844386966640652	ENSG00000080854	18.0	0.0675543110047453	ENSG00000080854	16.0	0.701325357715863	ENSG00000080854	17.0	0.114108504111295	ENSG00000255348	24.0	0.218272213462181	ENSG00000254648	22.0	0.158519825345001	ENSG00000254896	22.0	0.0957579283533747	ENSG00000166105	21.0	0.180361888460948	ENSG00000183715	19.0	0.114567600311351	ENSG00000166086	18.0	0.077031774195536	ENSG00000151503	14.0	0.102280493147212	ENSG00000151503	16.0	0.0257560028204133	ENSG00000183715	11.0	0.114108504111295	ENSG00000255348	0.0257560028204133	ENSG00000183715	0.701325357715863	ENSG00000080854	0.701325357715863	ENSG00000080854	True	False	False	False	False
7-rs79210963	7	rs79210963	24717969	24465969	24906969	0.902	5.307e-12	0.91888	0.0123	pass	24678350.0	23678350.0	25678350.0	0.218344818835216	ENSG00000228649	34.0	0.325764981247314	ENSG00000136243	33.0	0.14289727910576	ENSG00000230658	35.0	0.0712577984959588	ENSG00000196683	29.0	0.0824031990353823	ENSG00000172115	30.0	0.0825086880693686	ENSG00000172115	32.0	0.435839254152058	ENSG00000228649	33.0	0.091081332305402	ENSG00000179428	33.0	0.114410661578488	ENSG00000169193	36.0	0.131893557897561	ENSG00000172115	37.0	0.186764450892337	ENSG00000226816	34.0	0.187683635513398	ENSG00000136244	35.0	0.0678153447786585	ENSG00000122591	34.0	0.0740832935816448	ENSG00000105954	23.0	0.0825086880693686	ENSG00000172115	0.0740832935816448	ENSG00000105954	0.435839254152058	ENSG00000228649	0.435839254152058	ENSG00000228649	True	False	False	False	False
11-rs77502336	11	rs77502336	123394636	123301336	123446846	0.677	7.615e-12	0.94772	0.0078	pass	123523928.0	122523928.0	124523928.0	0.405001759656623	ENSG00000064199	36.0	0.541676988915808	ENSG00000255537	38.0	0.34146155075576	ENSG00000109971	39.0	0.153042578080113	ENSG00000109971	35.0	0.201085816560664	ENSG00000259290	37.0	0.110537734359661	ENSG00000165478	38.0	0.16705293293396	ENSG00000154133	37.0	0.324490280392746	ENSG00000023171	39.0	0.540015613568187	ENSG00000154144	39.0	0.190085446878302	ENSG00000110013	37.0	0.153275378738627	ENSG00000255248	35.0	0.819936151747283	ENSG00000165495	37.0	0.117388988502768	ENSG00000279342	34.0	0.888964059986537	ENSG00000170953	49.0	0.110537734359661	ENSG00000165478	0.888964059986537	ENSG00000170953	0.819936151747283	ENSG00000165495	0.888964059986537	ENSG00000170953	True	False	True	True	True
3-rs17194490	3	rs17194490	2547786	2381786	2626286	0.858	7.92e-12	0.92635	0.0112	pass	2506102.0	1506102.0	3506102.0	0.18897192371784	ENSG00000144619	16.0	0.0683503768029842	ENSG00000144619	14.0	0.0598643056956417	ENSG00000271870	17.0	0.0499115595352459	ENSG00000227588	19.0	0.0451445800005508	ENSG00000271870	20.0	0.0798425556373492	ENSG00000227588	14.0	0.061381617250435	ENSG00000113851	14.0	0.0466637653266779	ENSG00000113851	16.0	0.141120661796407	ENSG00000271870	16.0	0.0540556657153375	ENSG00000072756	15.0	0.338710484115609	ENSG00000144619	14.0	0.0691198234264857	ENSG00000227588	18.0	0.120496196465782	ENSG00000271870	14.0	0.869834663280377	ENSG00000144619	9.0	0.0798425556373492	ENSG00000227588	0.869834663280377	ENSG00000144619	0.338710484115609	ENSG00000144619	0.869834663280377	ENSG00000144619	True	False	True	False	True
4-rs61405217	4	rs61405217	170322312	170150312	170703312	0.428	9.053999999999999e-12	1.05211	0.0074	pass	169401161.0	168401161.0	170401161.0	0.335398397055589	ENSG00000249955	18.0	0.12582205330641	ENSG00000198948	16.0	0.22901383959335	ENSG00000109572	16.0	0.16704610593866	ENSG00000249609	15.0	0.129730888070874	ENSG00000198948	16.0	0.0919277469034408	ENSG00000198948	16.0	0.133160274123912	ENSG00000109572	15.0	0.510876787087658	ENSG00000289249	17.0	0.130037990094468	ENSG00000145439	17.0	0.164254961095658	ENSG00000249609	16.0	0.495009111918442	ENSG00000145439	16.0	0.196364214628087	ENSG00000198948	16.0	0.118466773815432	ENSG00000137601	18.0	0.562593703755994	ENSG00000109572	11.0	0.0919277469034408	ENSG00000198948	0.562593703755994	ENSG00000109572	0.510876787087658	ENSG00000289249	0.562593703755994	ENSG00000109572	True	False	False	False	False
16-rs9674103	16	rs9674103	9909123	9784423	10047223	0.752	9.587e-12	0.94356	0.0085	pass	9815266.0	8815266.0	10815266.0	0.301910881661322	ENSG00000260468	42.0	0.171616597830103	ENSG00000187555	44.0	0.27553761701847	ENSG00000287830	42.0	0.268026648717444	ENSG00000287830	39.0	0.19684976575743	ENSG00000184857	38.0	0.0980152497683124	ENSG00000166676	44.0	0.179843098902348	ENSG00000261481	42.0	0.247883611940269	ENSG00000263279	45.0	0.220198646110484	ENSG00000260350	47.0	0.116906469422604	ENSG00000187555	43.0	0.164368863228897	ENSG00000103274	43.0	0.310281577141804	ENSG00000166669	42.0	0.128331326533433	ENSG00000260979	41.0	0.0761440906637841	ENSG00000283516	29.0	0.0980152497683124	ENSG00000166676	0.0761440906637841	ENSG00000283516	0.310281577141804	ENSG00000166669	0.310281577141804	ENSG00000166669	True	False	False	False	False
15-rs2929278	15	rs2929278	44250313	43491313	44513313	0.687	9.886e-12	1.05982	0.0085	pass	43958115.0	42958115.0	44958115.0	0.187947760155447	ENSG00000166762	68.0	0.829191806220947	ENSG00000242866	68.0	0.743716442795321	ENSG00000166762	73.0	0.568207583446495	ENSG00000284772	72.0	0.690218362337575	ENSG00000284772	73.0	0.763888963119402	ENSG00000242866	69.0	0.929409295230009	ENSG00000242866	69.0	0.22425307022275	ENSG00000166762	75.0	0.529093531719464	ENSG00000242866	73.0	0.869668930100195	ENSG00000242866	72.0	0.813664785889369	ENSG00000242866	72.0	0.181986679955843	ENSG00000223572	70.0	0.510638923259178	ENSG00000140259	72.0	0.97308273138944	ENSG00000092470	59.0	0.763888963119402	ENSG00000242866	0.97308273138944	ENSG00000092470	0.929409295230009	ENSG00000242866	0.97308273138944	ENSG00000092470	True	False	True	True	True
8-8-4180090-T-A	8	8:4180090_T_A	4180090	4120790	4303590	0.784	1.085e-11	0.93923	0.0092	pass	4322568.0	3322568.0	5322568.0	0.0553340855843475	ENSG00000183117	7.0	0.443733285532569	ENSG00000286934	8.0	0.0781281520791935	ENSG00000183117	10.0	0.0558564490384652	ENSG00000183117	9.0	0.0439358016228027	ENSG00000183117	11.0	0.0595270314150636	ENSG00000183117	10.0	0.0686410081714461	ENSG00000286934	8.0	0.071640101462387	ENSG00000286934	8.0	0.0503063233262727	ENSG00000183117	9.0	0.071595032823009	ENSG00000286934	11.0	0.0392902656601169	ENSG00000183117	7.0	0.0420208973697726	ENSG00000183117	7.0	0.0623534647205014	ENSG00000183117	6.0	0.0166842337337998	ENSG00000183117	1.0	0.0595270314150636	ENSG00000183117	0.0166842337337998	ENSG00000183117	0.443733285532569	ENSG00000286934	0.443733285532569	ENSG00000286934	True	False	False	False	False
8-rs4043663	8	rs4043663	89275232	89138432	89811232	0.269	1.2109999999999999e-11	1.05961	0.0085	pass	88263003.0	87263003.0	89263003.0	0.0623485354707666	ENSG00000156103	14.0	0.0735357766630317	ENSG00000253553	14.0	0.101498742544137	ENSG00000156103	13.0	0.0432217652529631	ENSG00000156103	11.0	0.0712809671198179	ENSG00000156103	12.0	0.828844786428626	ENSG00000253553	15.0	0.151712959413355	ENSG00000253553	14.0	0.379419218333588	ENSG00000156103	14.0	0.0791771817965326	ENSG00000253553	14.0	0.134352334947807	ENSG00000156103	14.0	0.0777963633264078	ENSG00000253171	13.0	0.109494222041997	ENSG00000156103	12.0	0.0868721974329457	ENSG00000156103	13.0	0.125005611221501	ENSG00000156103	13.0	0.828844786428626	ENSG00000253553	0.125005611221501	ENSG00000156103	0.828844786428626	ENSG00000253553	0.828844786428626	ENSG00000253553	True	True	False	True	True
5-rs187653	5	rs187653	137882698	137400698	137998098	0.513	1.23e-11	1.05317	0.0076	pass	138547009.0	137547009.0	139547009.0	0.146724050362956	ENSG00000289267	60.0	0.139559689486692	ENSG00000131508	58.0	0.308589777078058	ENSG00000120738	61.0	0.426171200591051	ENSG00000120738	63.0	0.135612260016764	ENSG00000120709	63.0	0.200363123285938	ENSG00000120705	58.0	0.393837489319935	ENSG00000177733	58.0	0.340486703059536	ENSG00000170476	62.0	0.201923144362943	ENSG00000120738	62.0	0.848690358323742	ENSG00000131508	62.0	0.270504342017098	ENSG00000094880	60.0	0.150500159128038	ENSG00000132563	58.0	0.149711663314694	ENSG00000112981	57.0	0.748202667384532	ENSG00000113013	43.0	0.200363123285938	ENSG00000120705	0.748202667384532	ENSG00000113013	0.848690358323742	ENSG00000131508	0.848690358323742	ENSG00000131508	True	False	False	True	True
3-rs1399551	3	rs1399551	80548877	79813877	81192877	0.291	1.518e-11	0.94724	0.008	pass	80499727.0	79499727.0	81499727.0	0.0568451978512716	ENSG00000242190	4.0	0.070494031403834	ENSG00000242190	4.0	0.0778380264315942	ENSG00000288105	4.0	0.110050633369116	ENSG00000169855	4.0	0.085388826526079	ENSG00000242828	4.0	0.128955201787437	ENSG00000288105	4.0	0.115571292699839	ENSG00000242190	4.0	0.0859611847276745	ENSG00000242190	5.0	0.0545021050781179	ENSG00000288105	5.0	0.0633850814407413	ENSG00000114480	5.0	0.132979789466997	ENSG00000114480	4.0	0.0576128924720145	ENSG00000242190	3.0	0.0646669113722059	ENSG00000114480	3.0	0.0230288587205294	ENSG00000114480	2.0	0.128955201787437	ENSG00000288105	0.0230288587205294	ENSG00000114480	0.132979789466997	ENSG00000114480	0.132979789466997	ENSG00000114480	True	False	False	False	False
15-rs56282503	15	rs56282503	40566759	40500159	40652259	0.762	1.603e-11	0.94242	0.0088	pass	40274558.0	39274558.0	41274558.0	0.265237623230943	ENSG00000104129	73.0	0.544468070132006	ENSG00000273855	73.0	0.972095416992999	ENSG00000259288	78.0	0.996881627904128	ENSG00000230778	81.0	0.996382768432393	ENSG00000230778	81.0	0.563603063290465	ENSG00000273855	73.0	0.50009613021037	ENSG00000273855	71.0	0.571353555379811	ENSG00000273855	78.0	0.448843722967956	ENSG00000137841	74.0	0.815723955535518	ENSG00000259288	78.0	0.720655322507725	ENSG00000273855	75.0	0.140378522551262	ENSG00000273855	72.0	0.36700286544706	ENSG00000188549	72.0	0.167797405472985	ENSG00000174197	56.0	0.563603063290465	ENSG00000273855	0.167797405472985	ENSG00000174197	0.996881627904128	ENSG00000230778	0.996881627904128	ENSG00000230778	True	False	False	True	True
8-rs298216	8	rs298216	65293195	65227495	65803361	0.116	2.095e-11	0.9258	0.0115	pass	64380638.0	63380638.0	65380638.0	0.153322491982716	ENSG00000254006	24.0	0.302447974144437	ENSG00000172817	23.0	0.0944725152022105	ENSG00000172817	22.0	0.862270759813372	ENSG00000172817	17.0	0.752363823961269	ENSG00000172817	17.0	0.44646395176055	ENSG00000172817	24.0	0.173849664799593	ENSG00000172817	24.0	0.206143005118556	ENSG00000261542	24.0	0.159268771977286	ENSG00000254377	21.0	0.178748964770118	ENSG00000066855	21.0	0.0799996849367055	ENSG00000254377	21.0	0.143752082125897	ENSG00000254081	16.0	0.122980202101384	ENSG00000137561	17.0	0.920090430078273	ENSG00000172817	11.0	0.44646395176055	ENSG00000172817	0.920090430078273	ENSG00000172817	0.862270759813372	ENSG00000172817	0.920090430078273	ENSG00000172817	True	False	True	True	True
3-rs4678552	3	rs4678552	36844522	36784122	37048522	0.707	2.127e-11	0.94526	0.0084	pass	36803031.0	35803031.0	37803031.0	0.168107148863691	ENSG00000076242	31.0	0.123061090419941	ENSG00000144677	31.0	0.12824655058307	ENSG00000144677	31.0	0.13009396383389	ENSG00000076242	30.0	0.267835048706102	ENSG00000279727	31.0	0.206482665112625	ENSG00000163673	31.0	0.19424727988884	ENSG00000271993	31.0	0.182876232830749	ENSG00000144677	31.0	0.129092713848107	ENSG00000271993	31.0	0.281896912994011	ENSG00000279727	31.0	0.102338918988069	ENSG00000144668	31.0	0.115114025025583	ENSG00000187091	30.0	0.0933772771681183	ENSG00000288972	29.0	0.980975235261834	ENSG00000163673	22.0	0.206482665112625	ENSG00000163673	0.980975235261834	ENSG00000163673	0.281896912994011	ENSG00000279727	0.980975235261834	ENSG00000163673	True	False	True	False	True
13-rs11619756	13	rs11619756	44329004	43985004	44584004	0.558	2.459e-11	1.05369	0.0078	pass	43754868.0	42754868.0	44754868.0	0.393539246032364	ENSG00000237585	37.0	0.360824800731917	ENSG00000274001	38.0	0.19614775097435	ENSG00000102804	39.0	0.0659260120240237	ENSG00000151778	29.0	0.122080675622103	ENSG00000120658	29.0	0.667563320266392	ENSG00000274001	37.0	0.121795430667765	ENSG00000277831	33.0	0.175523082758041	ENSG00000151773	39.0	0.118650127586966	ENSG00000151778	38.0	0.192241778675856	ENSG00000278156	40.0	0.0939194233346931	ENSG00000235285	35.0	0.473918464309503	ENSG00000151773	33.0	0.139848496523336	ENSG00000151778	33.0	0.0398560256097888	ENSG00000102804	22.0	0.667563320266392	ENSG00000274001	0.0398560256097888	ENSG00000102804	0.667563320266392	ENSG00000274001	0.667563320266392	ENSG00000274001	True	False	False	False	False
7-rs1593304	7	rs1593304	131619847	131478547	131677577	0.248	2.702e-11	0.93866	0.0095	pass	131935088.0	130935088.0	132935088.0	0.321670773449188	ENSG00000128585	29.0	0.138076756661376	ENSG00000236753	28.0	0.12379771255668	ENSG00000273319	26.0	0.130472320716988	ENSG00000259920	26.0	0.086249177705996	ENSG00000233559	26.0	0.0825052363048644	ENSG00000106484	29.0	0.125218882966281	ENSG00000233559	27.0	0.118669069007704	ENSG00000146842	29.0	0.100730801576211	ENSG00000273319	29.0	0.0826930068412352	ENSG00000128585	28.0	0.242247893824787	ENSG00000226380	26.0	0.0894876379487944	ENSG00000233559	24.0	0.118959489535566	ENSG00000226380	29.0	0.0517831147622417	ENSG00000165120	19.0	0.0825052363048644	ENSG00000106484	0.0517831147622417	ENSG00000165120	0.321670773449188	ENSG00000128585	0.321670773449188	ENSG00000128585	True	False	False	False	False
17-rs2696466	17	rs2696466	44289832	43413832	44938832	0.587	2.7169999999999998e-11	1.05422	0.0079	pass	46212466.0	45212466.0	47212466.0	0.872412125951515	ENSG00000228696	100.0	0.871731692013863	ENSG00000228696	97.0	0.872427840235625	ENSG00000228696	97.0	0.872427863404999	ENSG00000228696	100.0	0.872427863619657	ENSG00000228696	103.0	0.931444345128803	ENSG00000185829	99.0	0.872427865695358	ENSG00000228696	96.0	0.872427868024077	ENSG00000228696	101.0	0.872427863369987	ENSG00000228696	100.0	0.872427862581899	ENSG00000228696	99.0	0.872427859081153	ENSG00000228696	97.0	0.872427864083923	ENSG00000228696	96.0	0.869947778173331	ENSG00000228696	98.0	0.979564196502287	ENSG00000238083	65.0	0.931444345128803	ENSG00000185829	0.979564196502287	ENSG00000238083	0.931444345128803	ENSG00000185829	0.979564196502287	ENSG00000238083	True	True	True	True	True
3-rs13090130	3	rs13090130	161777035	161092453	161969035	0.635	3.214e-11	1.05148	0.0076	pass	162059247.0	161059247.0	163059247.0	0.0821706963290164	ENSG00000169251	12.0	0.0845947209273662	ENSG00000169255	12.0	0.174915514668726	ENSG00000260572	10.0	0.0961346885631678	ENSG00000196542	11.0	0.0867981420105554	ENSG00000169251	11.0	0.0797320306930574	ENSG00000169255	11.0	0.175348766282992	ENSG00000169251	13.0	0.0733695306329157	ENSG00000169255	12.0	0.0732303590861575	ENSG00000260572	11.0	0.0722326314893151	ENSG00000068885	11.0	0.127551552923565	ENSG00000068885	11.0	0.0803919644078819	ENSG00000186432	11.0	0.181087622425854	ENSG00000186432	11.0	0.237898273581237	ENSG00000213186	11.0	0.0797320306930574	ENSG00000169255	0.237898273581237	ENSG00000213186	0.181087622425854	ENSG00000186432	0.237898273581237	ENSG00000213186	True	False	False	False	False
11-rs12363019	11	rs12363019	24374545	24153545	24584545	0.595	3.568e-11	0.94952	0.0078	pass	24352999.0	23352999.0	25352999.0	0.0398653234852641	ENSG00000187398	7.0	0.0567390969730342	ENSG00000187398	6.0	0.0342681239597473	ENSG00000187398	7.0	0.256133763418028	ENSG00000187398	5.0	0.0348732175947749	ENSG00000187398	5.0	0.0416019981104056	ENSG00000187398	6.0	0.0688631814617275	ENSG00000187398	7.0	0.0512206908231281	ENSG00000187398	6.0	0.0352638108249096	ENSG00000187398	7.0	0.0327986626279588	ENSG00000187398	7.0	0.0811423929581779	ENSG00000187398	7.0	0.0537078652963338	ENSG00000187398	6.0	0.097198160530231	ENSG00000187398	6.0	0.022403039087243	ENSG00000187398	6.0	0.0416019981104056	ENSG00000187398	0.022403039087243	ENSG00000187398	0.256133763418028	ENSG00000187398	0.256133763418028	ENSG00000187398	True	False	False	False	False
12-rs302317	12	rs302317	29921443	29848243	29997043	0.702	3.68e-11	1.0539	0.0079	pass	29768510.0	28768510.0	30768510.0	0.216688969725959	ENSG00000133704	30.0	0.223440349612814	ENSG00000064763	30.0	0.172534286416405	ENSG00000133687	34.0	0.0667757058913811	ENSG00000285870	32.0	0.898089614644281	ENSG00000133687	32.0	0.0642697750547348	ENSG00000274315	31.0	0.0755609732314624	ENSG00000246331	32.0	0.246079205436511	ENSG00000133687	34.0	0.0717497665029858	ENSG00000087502	33.0	0.531090797785417	ENSG00000064763	34.0	0.253706722040464	ENSG00000133687	33.0	0.0540481931062287	ENSG00000064763	30.0	0.118422751230515	ENSG00000257456	30.0	0.215258250715618	ENSG00000013573	15.0	0.0642697750547348	ENSG00000274315	0.215258250715618	ENSG00000013573	0.898089614644281	ENSG00000133687	0.898089614644281	ENSG00000133687	True	False	False	True	True
17-rs12943566	17	rs12943566	2157774	1933774	2279074	0.356	4.306e-11	0.95018	0.0077	pass	2254480.0	1254480.0	3254480.0	0.395430395230041	ENSG00000167699	84.0	0.164031525690217	ENSG00000167721	82.0	0.129128130390646	ENSG00000235361	83.0	0.27442495951824	ENSG00000167699	83.0	0.359535718650648	ENSG00000197879	86.0	0.109258250109131	ENSG00000171861	84.0	0.174486218803907	ENSG00000262061	82.0	0.294797744038808	ENSG00000070444	87.0	0.200334187750696	ENSG00000132383	86.0	0.549083084706406	ENSG00000159842	84.0	0.251231250217849	ENSG00000167699	82.0	0.134715416452596	ENSG00000186594	86.0	0.11319159635582	ENSG00000187624	82.0	0.320200357004425	ENSG00000196689	68.0	0.109258250109131	ENSG00000171861	0.320200357004425	ENSG00000196689	0.549083084706406	ENSG00000159842	0.549083084706406	ENSG00000159842	True	False	False	False	False
11-rs10767735	11	rs10767735	28642561	27946561	28758261	0.551	4.659e-11	1.05096	0.0075	pass	28621014.0	27621014.0	29621014.0	0.166000871301518	ENSG00000148942	20.0	0.189412606432598	ENSG00000148943	17.0	0.733780448466112	ENSG00000148942	21.0	0.1020202270909	ENSG00000129151	12.0	0.148759907632752	ENSG00000205213	13.0	0.206289655923539	ENSG00000148943	17.0	0.105252924641129	ENSG00000245573	17.0	0.163015596947251	ENSG00000148942	20.0	0.118039777851971	ENSG00000148943	20.0	0.176716983170222	ENSG00000245573	23.0	0.339821183519382	ENSG00000148942	20.0	0.165293370473496	ENSG00000176697	17.0	0.156062691800882	ENSG00000255496	19.0	0.612808502184313	ENSG00000176971	13.0	0.206289655923539	ENSG00000148943	0.612808502184313	ENSG00000176971	0.733780448466112	ENSG00000148942	0.733780448466112	ENSG00000148942	True	False	False	False	False
6-rs217310	6	rs217310	84364565	83928565	84459265	0.589	6.556e-11	1.04917	0.0074	pass	83654846.0	82654846.0	84654846.0	0.168172893858522	ENSG00000146250	20.0	0.170550158069635	ENSG00000065609	20.0	0.102297634559405	ENSG00000135315	22.0	0.0567222291735423	ENSG00000013392	20.0	0.135269287132093	ENSG00000227215	22.0	0.649767905413104	ENSG00000065609	22.0	0.143029007593633	ENSG00000065609	21.0	0.222039776155879	ENSG00000230852	22.0	0.454580058975011	ENSG00000146250	23.0	0.0837813740527439	ENSG00000146250	22.0	0.114208613417181	ENSG00000065609	22.0	0.105420376077527	ENSG00000118420	22.0	0.110851714945345	ENSG00000230852	22.0	0.893234090670267	ENSG00000065609	18.0	0.649767905413104	ENSG00000065609	0.893234090670267	ENSG00000065609	0.649767905413104	ENSG00000065609	0.893234090670267	ENSG00000065609	True	False	True	False	True
3-rs6804677	3	rs6804677	17856693	16654616	17938293	0.426	6.574e-11	0.94961	0.0079	pass	17815201.0	16815201.0	18815201.0	0.0904378339958008	ENSG00000206560	18.0	0.230077511741494	ENSG00000131386	17.0	0.44183127705859	ENSG00000154814	17.0	0.151364711208404	ENSG00000285731	17.0	0.335254625461091	ENSG00000154822	17.0	0.0953217396932784	ENSG00000285654	20.0	0.198314540621181	ENSG00000286689	17.0	0.24045617071757	ENSG00000206560	20.0	0.385137828659694	ENSG00000131374	18.0	0.460256296603842	ENSG00000131374	17.0	0.168820485007762	ENSG00000286689	18.0	0.260191582668415	ENSG00000154813	18.0	0.183322062770407	ENSG00000131386	18.0	0.0739845114368082	ENSG00000131386	10.0	0.0953217396932784	ENSG00000285654	0.0739845114368082	ENSG00000131386	0.460256296603842	ENSG00000131374	0.460256296603842	ENSG00000131374	True	False	False	False	False
15-rs2238304	15	rs2238304	89843950	89682950	89996950	0.504	7.634e-11	1.0497	0.0074	pass	89300719.0	88300719.0	90300719.0	0.438588041356932	ENSG00000140522	69.0	0.802123330559222	ENSG00000140522	67.0	0.75734196487203	ENSG00000140522	70.0	0.362693607944764	ENSG00000185033	67.0	0.727090298251665	ENSG00000140525	69.0	0.387840995357771	ENSG00000140521	69.0	0.46206088359795	ENSG00000140522	67.0	0.202894274661902	ENSG00000140522	69.0	0.78670066661504	ENSG00000140522	70.0	0.533310432997237	ENSG00000140522	70.0	0.778707808367154	ENSG00000140522	68.0	0.387439044587422	ENSG00000140521	66.0	0.182578221870599	ENSG00000166825	69.0	0.938848705779419	ENSG00000140525	44.0	0.387840995357771	ENSG00000140521	0.938848705779419	ENSG00000140525	0.802123330559222	ENSG00000140522	0.938848705779419	ENSG00000140525	True	False	True	True	True
5-rs11241041	5	rs11241041	109183341	108940341	109266241	0.747	8.480999999999999e-11	0.94073	0.0094	pass	109847640.0	108847640.0	110847640.0	0.104713373421355	ENSG00000112893	16.0	0.134571791839892	ENSG00000271849	15.0	0.29406157748115	ENSG00000112893	17.0	0.0692731450016979	ENSG00000271849	18.0	0.095009779992228	ENSG00000112893	18.0	0.105302171983686	ENSG00000112893	16.0	0.166134762783936	ENSG00000271849	15.0	0.17737865516846	ENSG00000286503	16.0	0.0962205945355979	ENSG00000198961	17.0	0.13660504955064	ENSG00000112893	16.0	0.13667919813773	ENSG00000112893	16.0	0.0963476127873973	ENSG00000272523	17.0	0.287275773796658	ENSG00000164209	18.0	0.0245317255738182	ENSG00000145777	10.0	0.105302171983686	ENSG00000112893	0.0245317255738182	ENSG00000145777	0.29406157748115	ENSG00000112893	0.29406157748115	ENSG00000112893	True	False	False	False	False
13-rs9597388	13	rs9597388	56928696	56388696	57527696	0.813	8.579999999999999e-11	1.06354	0.0095	pass	56354562.0	55354562.0	57354562.0	0.0486759433615668	ENSG00000118946	3.0	0.204139126675324	ENSG00000286709	4.0	0.0360287076095703	ENSG00000118946	2.0	0.0941745615072384	ENSG00000118946	2.0	0.0371194922130846	ENSG00000288765	2.0	0.0679148990027689	ENSG00000288765	2.0	0.0450853303667979	ENSG00000288765	2.0	0.0972354045301802	ENSG00000118946	4.0	0.0467140865110255	ENSG00000288765	2.0	0.0360394996085533	ENSG00000288765	2.0	0.0392876932180981	ENSG00000288765	2.0	0.036312023638793	ENSG00000118946	2.0	0.0545332731441492	ENSG00000288765	2.0	0.0222112148253004	ENSG00000234278	6.0	0.0679148990027689	ENSG00000288765	0.0222112148253004	ENSG00000234278	0.204139126675324	ENSG00000286709	0.204139126675324	ENSG00000286709	True	False	False	False	False
5-rs7701188	5	rs7701188	88744550	87404550	88921550	0.872	9.306e-11	1.07767	0.0115	pass	89448733.0	88448733.0	90448733.0	0.196407662148637	ENSG00000255647	27.0	0.23143741810747	ENSG00000248309	27.0	0.183568178902809	ENSG00000245526	25.0	0.132848819423783	ENSG00000113356	24.0	0.379855440430097	ENSG00000113356	24.0	0.13062344129786	ENSG00000113356	26.0	0.184602493108256	ENSG00000176018	25.0	0.869786208022308	ENSG00000287862	27.0	0.0957652490007775	ENSG00000164180	26.0	0.258699362048402	ENSG00000247828	26.0	0.114135913236448	ENSG00000287862	26.0	0.11073770889895	ENSG00000176018	26.0	0.162668556411928	ENSG00000287862	26.0	0.0485171762434666	ENSG00000164199	8.0	0.13062344129786	ENSG00000113356	0.0485171762434666	ENSG00000164199	0.869786208022308	ENSG00000287862	0.869786208022308	ENSG00000287862	True	False	False	True	True
17-rs4793888	17	rs4793888	55737740	55664240	55844240	0.802	1.195e-10	0.94233	0.0092	pass	57660379.0	56660379.0	58660379.0	0.180760991883086	ENSG00000108387	59.0	0.0939605255070184	ENSG00000153982	57.0	0.170533290489367	ENSG00000262298	58.0	0.196335826705176	ENSG00000263089	59.0	0.248076840797861	ENSG00000153944	61.0	0.234937163743771	ENSG00000136451	59.0	0.119119642572935	ENSG00000265206	57.0	0.227335920913089	ENSG00000263120	61.0	0.122358549035145	ENSG00000287337	58.0	0.296287628442315	ENSG00000289147	60.0	0.399075294518762	ENSG00000289147	56.0	0.10959943252411	ENSG00000011143	57.0	0.200825706643706	ENSG00000263004	58.0	0.26794765933648	ENSG00000108375	41.0	0.234937163743771	ENSG00000136451	0.26794765933648	ENSG00000108375	0.399075294518762	ENSG00000289147	0.399075294518762	ENSG00000289147	True	False	False	False	False
2-rs6430491	2	rs6430491	134840967	134789537	134966867	0.738	1.257e-10	1.05665	0.0086	pass	134083396.0	133083396.0	135083396.0	0.0697806994835876	ENSG00000287463	20.0	0.207555350928613	ENSG00000224043	18.0	0.100871633933244	ENSG00000224043	21.0	0.381158687311494	ENSG00000152127	16.0	0.918575183112634	ENSG00000152127	17.0	0.103339089148597	ENSG00000224043	18.0	0.261277643484288	ENSG00000226953	17.0	0.0951219603105982	ENSG00000152128	25.0	0.0674183622222889	ENSG00000176771	20.0	0.182684773925723	ENSG00000152127	21.0	0.121661804253367	ENSG00000286697	19.0	0.103207856150094	ENSG00000226953	20.0	0.193266201973988	ENSG00000115839	20.0	0.130683618354313	ENSG00000076003	16.0	0.103339089148597	ENSG00000224043	0.130683618354313	ENSG00000076003	0.918575183112634	ENSG00000152127	0.918575183112634	ENSG00000152127	True	False	False	True	True
4-rs35734242	4	rs35734242	706700	648290	887700	0.594	1.363e-10	0.95266	0.0076	pass	712911.0	1.0	1712911.0	0.315214834457537	ENSG00000163950	66.0	0.234422233249801	ENSG00000068078	66.0	0.285077924360743	ENSG00000145214	67.0	0.549320654014412	ENSG00000272588	68.0	0.12445894014447	ENSG00000286205	68.0	0.185841050583532	ENSG00000280927	65.0	0.555895159186914	ENSG00000178950	64.0	0.105772976725669	ENSG00000159692	66.0	0.132556411121417	ENSG00000178222	65.0	0.12822865763687	ENSG00000215375	67.0	0.329021452028312	ENSG00000272602	66.0	0.421783239339612	ENSG00000168993	64.0	0.148473530484928	ENSG00000178222	61.0	0.401596942161306	ENSG00000168993	43.0	0.185841050583532	ENSG00000280927	0.401596942161306	ENSG00000168993	0.555895159186914	ENSG00000178950	0.555895159186914	ENSG00000178950	True	False	False	False	False
20-rs6125656	20	rs6125656	48090779	47984279	48181679	0.843	1.4450000000000002e-10	0.93866	0.0099	pass	49474242.0	48474242.0	50474242.0	0.120631717534133	ENSG00000124207	44.0	0.0905323126097266	ENSG00000172216	38.0	0.112807876370501	ENSG00000286159	43.0	0.154508316859395	ENSG00000124207	38.0	0.175360889702431	ENSG00000124216	38.0	0.124903341543688	ENSG00000124126	39.0	0.0870267502885977	ENSG00000124226	39.0	0.245418714257762	ENSG00000203999	42.0	0.14101132853692	ENSG00000124198	45.0	0.161690935992779	ENSG00000278231	42.0	0.111098524004581	ENSG00000234698	42.0	0.222679400775451	ENSG00000244687	39.0	0.148777033534774	ENSG00000124126	44.0	0.0198766363955526	ENSG00000244687	26.0	0.124903341543688	ENSG00000124126	0.0198766363955526	ENSG00000244687	0.245418714257762	ENSG00000203999	0.245418714257762	ENSG00000203999	True	False	False	False	False
1-rs2252865	1	rs2252865	8422676	8316476	9018676	0.277	1.465e-10	1.05411	0.0082	pass	8362616.0	7362616.0	9362616.0	0.363266014462657	ENSG00000142583	54.0	0.922767438915019	ENSG00000142599	54.0	0.947891333617039	ENSG00000142599	54.0	0.33257271680817	ENSG00000230679	54.0	0.467737920462459	ENSG00000142583	56.0	0.911590116846757	ENSG00000142599	52.0	0.297909493008323	ENSG00000237402	52.0	0.490916211259217	ENSG00000142583	55.0	0.0925532776942285	ENSG00000234546	57.0	0.367305199262603	ENSG00000142599	54.0	0.914765846238522	ENSG00000142599	54.0	0.233246403407133	ENSG00000237402	53.0	0.281039238634647	ENSG00000269978	55.0	0.948826228280432	ENSG00000142599	38.0	0.911590116846757	ENSG00000142599	0.948826228280432	ENSG00000142599	0.947891333617039	ENSG00000142599	0.948826228280432	ENSG00000142599	True	True	True	True	True
14-rs1540840	14	rs1540840	99733384	99607191	99801284	0.631	1.7940000000000002e-10	1.05612	0.0086	pass	99267047.0	98267047.0	100267047.0	0.188725041274624	ENSG00000246223	34.0	0.104842230778337	ENSG00000182218	31.0	0.0926587213785064	ENSG00000100811	33.0	0.251882522460786	ENSG00000205476	31.0	0.10242982264412	ENSG00000247970	30.0	0.30894484240918	ENSG00000182218	30.0	0.126307772012604	ENSG00000066629	30.0	0.185762224752976	ENSG00000258383	33.0	0.0828229445957335	ENSG00000258982	32.0	0.0871858340976503	ENSG00000036530	34.0	0.177092544545665	ENSG00000258904	34.0	0.143088981147611	ENSG00000182218	29.0	0.0796652908385284	ENSG00000036530	30.0	0.0238496591507277	ENSG00000196405	18.0	0.30894484240918	ENSG00000182218	0.0238496591507277	ENSG00000196405	0.30894484240918	ENSG00000182218	0.30894484240918	ENSG00000182218	True	False	False	False	False
2-rs72974238	2	rs72974238	225432470	225223470	225525570	0.691	1.82e-10	1.05138	0.0079	pass	224567753.0	223567753.0	225567753.0	0.682303798413012	ENSG00000036257	16.0	0.141496015638001	ENSG00000171951	15.0	0.915219739801522	ENSG00000036257	15.0	0.116022566273547	ENSG00000152056	15.0	0.114158528515202	ENSG00000036257	15.0	0.965175392395386	ENSG00000036257	15.0	0.199249231836828	ENSG00000036257	15.0	0.174086712484626	ENSG00000135919	15.0	0.140908364367319	ENSG00000228802	16.0	0.706680505340844	ENSG00000036257	17.0	0.156339515843475	ENSG00000036257	16.0	0.0578345815687522	ENSG00000144460	14.0	0.0922978832460025	ENSG00000135919	16.0	0.122453432829709	ENSG00000135919	14.0	0.965175392395386	ENSG00000036257	0.122453432829709	ENSG00000135919	0.965175392395386	ENSG00000036257	0.965175392395386	ENSG00000036257	True	True	False	True	True
6-rs9398171	6	rs9398171	108983527	108825527	109081127	0.344	2.015e-10	1.0519	0.008	pass	108662324.0	107662324.0	109662324.0	0.774864192004617	ENSG00000260273	39.0	0.19277059260938	ENSG00000272398	39.0	0.608418809309914	ENSG00000112335	39.0	0.603067526209799	ENSG00000286511	36.0	0.966398796314461	ENSG00000286511	37.0	0.757723004749064	ENSG00000286511	40.0	0.473111019201863	ENSG00000272398	40.0	0.236065339135621	ENSG00000286511	39.0	0.308852060599171	ENSG00000112335	40.0	0.131220689559684	ENSG00000272476	39.0	0.107913029070063	ENSG00000135537	39.0	0.388944020394966	ENSG00000286511	37.0	0.16557522460226	ENSG00000230290	36.0	0.0951513881221585	ENSG00000164494	28.0	0.757723004749064	ENSG00000286511	0.0951513881221585	ENSG00000164494	0.966398796314461	ENSG00000286511	0.966398796314461	ENSG00000286511	True	False	False	True	True
1-rs12138231	1	rs12138231	150115398	149949398	151165398	0.195	2.03e-10	0.93501	0.0106	pass	150143220.0	149143220.0	151143220.0	0.253991848729761	ENSG00000285184	103.0	0.684794833375699	ENSG00000285184	100.0	0.839838077666243	ENSG00000285184	103.0	0.911395645253346	ENSG00000285184	107.0	0.9226403546341	ENSG00000285184	106.0	0.830263104217891	ENSG00000285184	101.0	0.771764738256764	ENSG00000285184	99.0	0.759342439606257	ENSG00000285184	102.0	0.817132002503004	ENSG00000285184	103.0	0.8302036110697	ENSG00000285184	101.0	0.52032410961438	ENSG00000285184	101.0	0.506092226302964	ENSG00000285184	103.0	0.165191348856668	ENSG00000285184	102.0	0.697151659689219	ENSG00000143401	84.0	0.830263104217891	ENSG00000285184	0.697151659689219	ENSG00000143401	0.9226403546341	ENSG00000285184	0.9226403546341	ENSG00000285184	True	True	False	True	True
8-rs59498392	8	rs59498392	38260433	37964433	38394533	0.775	2.075e-10	1.05707	0.0087	pass	38402915.0	37402915.0	39402915.0	0.185283207718914	ENSG00000147526	38.0	0.306408050048617	ENSG00000285632	36.0	0.539043382389857	ENSG00000168615	35.0	0.825306145535056	ENSG00000147535	38.0	0.878010427486546	ENSG00000085788	38.0	0.35249443327004	ENSG00000085788	38.0	0.597302739738177	ENSG00000147535	36.0	0.577619938233779	ENSG00000168615	40.0	0.512870439188711	ENSG00000104221	37.0	0.33426927949159	ENSG00000285632	35.0	0.270039879414752	ENSG00000285632	35.0	0.142303036653001	ENSG00000104221	39.0	0.155948960283771	ENSG00000168615	35.0	0.825056072976087	ENSG00000147535	31.0	0.35249443327004	ENSG00000085788	0.825056072976087	ENSG00000147535	0.878010427486546	ENSG00000085788	0.878010427486546	ENSG00000085788	True	False	True	True	True
6-rs12190758	6	rs12190758	93148341	92947341	93472341	0.801	2.172e-10	0.94327	0.0092	pass	92438623.0	91438623.0	93438623.0	0.0591445195041371	ENSG00000135333	3.0	0.0531510855187975	ENSG00000135333	3.0	0.0530201963037066	ENSG00000289081	5.0	0.0660280493588193	ENSG00000289081	4.0	0.0660533721755292	ENSG00000135333	4.0	0.0961064546530526	ENSG00000135333	4.0	0.0789326694189146	ENSG00000135333	3.0	0.0917323458340219	ENSG00000224605	6.0	0.056352959816608	ENSG00000135333	4.0	0.0506884339841116	ENSG00000135333	5.0	0.0575650152736504	ENSG00000289081	4.0	0.0670856357258042	ENSG00000135333	3.0	0.0648190242027735	ENSG00000135333	4.0	0.0190964842570775	ENSG00000135333	2.0	0.0961064546530526	ENSG00000135333	0.0190964842570775	ENSG00000135333	0.0961064546530526	ENSG00000135333	0.0961064546530526	ENSG00000135333	True	False	False	False	False
12-rs6538539	12	rs6538539	95195293	95110593	95366293	0.468	2.661e-10	1.04697	0.0073	pass	94801517.0	93801517.0	95801517.0	0.120068816684192	ENSG00000074527	34.0	0.109326812080689	ENSG00000120798	33.0	0.242040400932877	ENSG00000257283	34.0	0.18104549435301	ENSG00000289476	35.0	0.278892520503048	ENSG00000074527	37.0	0.294238857608007	ENSG00000028203	34.0	0.158203848487252	ENSG00000120798	33.0	0.127729296993927	ENSG00000120798	38.0	0.14980254163245	ENSG00000074527	35.0	0.143242643701535	ENSG00000028203	35.0	0.0968409743169501	ENSG00000180263	33.0	0.14895509499458	ENSG00000136040	33.0	0.116341306395313	ENSG00000120798	34.0	0.0360138118625047	ENSG00000139344	24.0	0.294238857608007	ENSG00000028203	0.0360138118625047	ENSG00000139344	0.294238857608007	ENSG00000028203	0.294238857608007	ENSG00000028203	True	False	False	False	False
4-rs1454606	4	rs1454606	33642614	33592614	34395614	0.781	2.699e-10	0.93876	0.01	pass	33640992.0	32640992.0	34640992.0	0.0654551166862955	ENSG00000250597	3.0	0.0111247990401648	ENSG00000251129	1.0	0.0818029372785753	ENSG00000250597	1.0							0.177974184176902	ENSG00000250954	2.0	0.136008271326387	ENSG00000250954	3.0	0.0594463261158031	ENSG00000250597	2.0	0.0772352537730847	ENSG00000250597	2.0	0.0718693500079416	ENSG00000250597	2.0				0.0877109188765658	ENSG00000250597	2.0	0.0722812214771802	ENSG00000250597	2.0				0.177974184176902	ENSG00000250954			0.177974184176902	ENSG00000250954	0.177974184176902	ENSG00000250954	True	False	False	False	False
16-rs11076631	16	rs11076631	89877975	89352975	90324372	0.498	2.903e-10	1.05253	0.0081	pass	89811567.0	88811567.0	90811567.0	0.195494877759148	ENSG00000131165	77.0	0.141466495115634	ENSG00000051523	74.0	0.472604547038207	ENSG00000158792	73.0	0.98928246900089	ENSG00000204991	75.0	0.981588729947597	ENSG00000204991	75.0	0.88714520301059	ENSG00000258839	76.0	0.46514384683131	ENSG00000187741	74.0	0.568633998585015	ENSG00000260259	77.0	0.899204271012699	ENSG00000187741	73.0	0.300615986319683	ENSG00000167515	73.0	0.390508721505153	ENSG00000158792	71.0	0.297736001412197	ENSG00000259803	69.0	0.95248690015454	ENSG00000204991	69.0	0.130752930715749	ENSG00000158792	44.0	0.88714520301059	ENSG00000258839	0.130752930715749	ENSG00000158792	0.98928246900089	ENSG00000204991	0.98928246900089	ENSG00000204991	True	True	False	True	True
11-rs708228	11	rs708228	57585662	57204493	57872662	0.734	3.103e-10	0.95009	0.0081	pass	57818190.0	56818190.0	58818190.0	0.175597188047254	ENSG00000242689	38.0	0.0875014538642963	ENSG00000149115	38.0	0.279004408300427	ENSG00000149150	37.0	0.475289186273082	ENSG00000156603	39.0	0.255045438582696	ENSG00000213593	40.0	0.471320733333745	ENSG00000242689	39.0	0.125537382195052	ENSG00000156599	39.0	0.179435186190265	ENSG00000149150	37.0	0.266635559914006	ENSG00000156603	39.0	0.160048942547212	ENSG00000156587	38.0	0.13844826131504	ENSG00000149150	36.0	0.16561301512465	ENSG00000181273	40.0	0.133941119250528	ENSG00000242689	37.0	0.914432414481933	ENSG00000156599	91.0	0.471320733333745	ENSG00000242689	0.914432414481933	ENSG00000156599	0.475289186273082	ENSG00000156603	0.914432414481933	ENSG00000156599	True	False	True	False	True
12-rs61952922	12	rs61952922	122520575	122433875	122853575	0.515	3.131e-10	0.95476	0.0074	pass	122082669.0	121082669.0	123082669.0	0.276212222806994	ENSG00000111358	106.0	0.642105386848712	ENSG00000274427	106.0	0.686747981166806	ENSG00000183955	106.0	0.983562515783753	ENSG00000090975	105.0	0.977908941115489	ENSG00000183955	106.0	0.372112952018636	ENSG00000111325	106.0	0.245191492972824	ENSG00000277423	104.0	0.591986412719519	ENSG00000111325	105.0	0.232230249245176	ENSG00000277423	107.0	0.63867910000476	ENSG00000130921	105.0	0.760274276795236	ENSG00000184445	106.0	0.192462410195691	ENSG00000183955	106.0	0.182720108274657	ENSG00000276188	106.0	0.960959554192338	ENSG00000130921	77.0	0.372112952018636	ENSG00000111325	0.960959554192338	ENSG00000130921	0.983562515783753	ENSG00000090975	0.983562515783753	ENSG00000090975	True	False	True	True	True
17-rs75329315	17	rs75329315	1245442	1165943	1424442	0.891	3.258e-10	1.08383	0.0128	pass	1342148.0	342148.0	2342148.0	0.352357790398492	ENSG00000167699	66.0	0.185969012194959	ENSG00000167721	63.0	0.145014485015608	ENSG00000263345	63.0	0.228024592962675	ENSG00000167699	66.0	0.344882431659911	ENSG00000132359	69.0	0.0978749717907391	ENSG00000177374	67.0	0.149890036067169	ENSG00000167721	65.0	0.331937441019701	ENSG00000070444	69.0	0.194880388424509	ENSG00000132383	68.0	0.500101028022326	ENSG00000159842	64.0	0.213992272733676	ENSG00000167699	61.0	0.145687679478784	ENSG00000007168	66.0	0.124612897743355	ENSG00000236838	64.0	0.0904279087209788	ENSG00000070444	48.0	0.0978749717907391	ENSG00000177374	0.0904279087209788	ENSG00000070444	0.500101028022326	ENSG00000159842	0.500101028022326	ENSG00000159842	True	False	False	False	False
13-rs1924378	13	rs1924378	38361744	38241944	38412106	0.487	3.325e-10	1.04854	0.0075	pass	37787607.0	36787607.0	38787607.0	0.153786971008648	ENSG00000120693	26.0	0.0933338637310829	ENSG00000188811	24.0	0.125144231928004	ENSG00000120693	25.0	0.269981725729102	ENSG00000120685	17.0	0.121127048920483	ENSG00000273507	17.0	0.0910686073073114	ENSG00000120685	23.0	0.0751302692790752	ENSG00000188811	23.0	0.149923503267329	ENSG00000133115	26.0	0.163271392497316	ENSG00000133115	26.0	0.121836498903618	ENSG00000236711	25.0	0.144023664950066	ENSG00000120697	23.0	0.159845616785882	ENSG00000133110	24.0	0.264973222472626	ENSG00000236711	22.0	0.400984554148579	ENSG00000133107	21.0	0.0910686073073114	ENSG00000120685	0.400984554148579	ENSG00000133107	0.269981725729102	ENSG00000120685	0.400984554148579	ENSG00000133107	True	False	False	False	False
8-rs6471815	8	rs6471815	60698795	60426795	61167795	0.363	3.4560000000000003e-10	1.04791	0.0075	pass	59786236.0	58786236.0	60786236.0	0.0820182082283741	ENSG00000104388	19.0	0.309586509107216	ENSG00000178538	17.0	0.0686814114615666	ENSG00000035681	20.0	0.357167404935034	ENSG00000228862	20.0	0.231826487926402	ENSG00000104388	22.0	0.137657703055274	ENSG00000035681	17.0	0.226086682492515	ENSG00000198846	17.0	0.148690663033193	ENSG00000287975	19.0	0.269437625473532	ENSG00000167912	21.0	0.0549940565060993	ENSG00000035681	18.0	0.0776068401775384	ENSG00000254777	18.0	0.210869305433944	ENSG00000198846	18.0	0.143311856359652	ENSG00000167912	18.0	0.0465753201392226	ENSG00000198846	11.0	0.137657703055274	ENSG00000035681	0.0465753201392226	ENSG00000198846	0.357167404935034	ENSG00000228862	0.357167404935034	ENSG00000228862	True	False	False	False	False
19-rs2387414	19	rs2387414	51034243	50891843	51102143	0.424	3.7809999999999997e-10	0.95151	0.0079	pass	50530986.0	49530986.0	51530986.0	0.518301029553121	ENSG00000169169	168.0	0.441349808362061	ENSG00000126464	161.0	0.718637127188568	ENSG00000169169	164.0	0.936211570760946	ENSG00000126456	162.0	0.974651382391242	ENSG00000126456	166.0	0.627726705500597	ENSG00000161618	165.0	0.508805234184866	ENSG00000126464	162.0	0.37988936922682	ENSG00000197813	174.0	0.597347127129725	ENSG00000161618	170.0	0.472802830031381	ENSG00000104870	164.0	0.580018720355807	ENSG00000126457	164.0	0.77651479927024	ENSG00000104870	167.0	0.567219011904234	ENSG00000105472	167.0	0.409126185662437	ENSG00000196337	159.0	0.627726705500597	ENSG00000161618	0.409126185662437	ENSG00000196337	0.974651382391242	ENSG00000126456	0.974651382391242	ENSG00000126456	True	False	False	True	True
1-rs645383	1	rs645383	36373823	35541823	36708642	0.808	3.883e-10	1.07347	0.0113	pass	35908222.0	34908222.0	36908222.0	0.142025431947263	ENSG00000092850	56.0	0.175637221270112	ENSG00000197056	55.0	0.12952336233819	ENSG00000163867	55.0	0.329668659344719	ENSG00000286899	53.0	0.166857429975547	ENSG00000188910	55.0	0.224946645429932	ENSG00000239636	55.0	0.219064395069198	ENSG00000189280	56.0	0.270489659903406	ENSG00000134697	58.0	0.366821159000737	ENSG00000214193	56.0	0.197139441330534	ENSG00000126067	56.0	0.190077140995078	ENSG00000189280	54.0	0.173914577950478	ENSG00000142686	55.0	0.188363165781062	ENSG00000163867	54.0	0.958425964447419	ENSG00000116819	48.0	0.224946645429932	ENSG00000239636	0.958425964447419	ENSG00000116819	0.366821159000737	ENSG00000214193	0.958425964447419	ENSG00000116819	True	False	True	False	True
8-rs10086619	8	rs10086619	111580570	111295570	112312570	0.826	3.956e-10	0.94158	0.0096	pass	110568341.0	109568341.0	111568341.0	0.182327238528135	ENSG00000147654	9.0	0.0747984051265183	ENSG00000147642	10.0	0.143933862500666	ENSG00000147654	9.0	0.112816499338342	ENSG00000147642	6.0	0.0565178958014783	ENSG00000253877	7.0	0.0723007295789778	ENSG00000147654	10.0	0.204278153104274	ENSG00000147654	10.0	0.241206256680425	ENSG00000253122	10.0	0.075144362710809	ENSG00000147654	10.0	0.07037217749449	ENSG00000253877	9.0	0.0693408212621329	ENSG00000147654	9.0	0.0770071067640389	ENSG00000164794	8.0	0.0915277310144343	ENSG00000147642	8.0	0.0287553898047697	ENSG00000147654	8.0	0.0723007295789778	ENSG00000147654	0.0287553898047697	ENSG00000147654	0.241206256680425	ENSG00000253122	0.241206256680425	ENSG00000253122	True	False	False	False	False
1-rs6588168	1	rs6588168	66324118	66229118	66603118	0.485	4.163e-10	0.95504	0.0074	pass	65858435.0	64858435.0	66858435.0	0.173136416118576	ENSG00000177414	30.0	0.167780500095071	ENSG00000248458	30.0	0.303131260933371	ENSG00000227466	28.0	0.180332722943634	ENSG00000116675	25.0	0.138111388672612	ENSG00000184588	25.0	0.0881249307328131	ENSG00000116678	28.0	0.460283290502509	ENSG00000158966	26.0	0.119102941112127	ENSG00000184588	30.0	0.295816876761704	ENSG00000116675	29.0	0.240125376139046	ENSG00000229294	29.0	0.247011867857269	ENSG00000116675	26.0	0.400899657611695	ENSG00000237852	28.0	0.0817242666732645	ENSG00000288804	28.0	0.0207588912076863	ENSG00000162437	21.0	0.0881249307328131	ENSG00000116678	0.0207588912076863	ENSG00000162437	0.460283290502509	ENSG00000158966	0.460283290502509	ENSG00000158966	True	False	False	False	False
14-rs17571951	14	rs17571951	30017039	29949239	30350039	0.809	4.245e-10	0.93913	0.0101	pass	29547833.0	28547833.0	30547833.0	0.136451444224892	ENSG00000287142	22.0	0.15034778668089	ENSG00000258107	24.0	0.164034141841704	ENSG00000257904	23.0	0.0500122227077449	ENSG00000092140	13.0	0.049482960159049	ENSG00000092140	13.0	0.138557777507543	ENSG00000287142	25.0	0.103799991994217	ENSG00000257522	23.0	0.096018721541467	ENSG00000257056	24.0	0.0602300781549535	ENSG00000092108	21.0	0.0757422168095431	ENSG00000257904	24.0	0.384947804646953	ENSG00000287142	23.0	0.14306622864948	ENSG00000092108	15.0	0.0906813084727037	ENSG00000092108	16.0	0.022045205251396	ENSG00000176165	13.0	0.138557777507543	ENSG00000287142	0.022045205251396	ENSG00000176165	0.384947804646953	ENSG00000287142	0.384947804646953	ENSG00000287142	True	False	False	False	False
5-rs115037896	5	rs115037896	49545069	49357069	50212069	0.48	4.6e-10	1.05001	0.0078	pass	50249235.0	49249235.0	51249235.0	0.138586188062953	ENSG00000271752	4.0	0.0749169130365018	ENSG00000271752	4.0	0.177619510159421	ENSG00000250360	9.0	0.0628697284946382	ENSG00000289056	4.0	0.148390001108416	ENSG00000151883	4.0	0.227902701273223	ENSG00000151883	4.0	0.161378946159423	ENSG00000151883	4.0	0.152357907560191	ENSG00000170571	4.0	0.477088384886661	ENSG00000271752	9.0	0.177069439983252	ENSG00000271752	9.0	0.0786725265707416	ENSG00000271752	9.0	0.103207542025275	ENSG00000151883	5.0	0.0982799319034489	ENSG00000271752	6.0	0.883908633663548	ENSG00000170571	3.0	0.227902701273223	ENSG00000151883	0.883908633663548	ENSG00000170571	0.477088384886661	ENSG00000271752	0.883908633663548	ENSG00000170571	True	False	True	False	True
1-rs11209828	1	rs11209828	72175700	72063000	72321300	0.597	4.806e-10	1.04823	0.0076	pass	71710017.0	70710017.0	72710017.0	0.352506684491151	ENSG00000172260	15.0	0.0964844697062832	ENSG00000172260	15.0	0.0606776493174105	ENSG00000231985	12.0	0.111407218011083	ENSG00000172260	13.0	0.0730433927562273	ENSG00000172260	14.0	0.0574515394882782	ENSG00000172260	15.0	0.0903169356816569	ENSG00000172260	15.0	0.0680855133058116	ENSG00000269933	15.0	0.0673063063562185	ENSG00000269933	15.0	0.0569411956205919	ENSG00000172260	15.0	0.0762963506781529	ENSG00000269933	13.0	0.396168283732793	ENSG00000269933	14.0	0.20439710941394	ENSG00000269933	16.0	0.0450995757168867	ENSG00000132485	8.0	0.0574515394882782	ENSG00000172260	0.0450995757168867	ENSG00000132485	0.396168283732793	ENSG00000269933	0.396168283732793	ENSG00000269933	True	False	False	False	False
17-rs6504163	17	rs6504163	61545779	61495779	61629579	0.342	4.981e-10	0.95247	0.0078	pass	63468418.0	62468418.0	64468418.0	0.154133833104961	ENSG00000261371	49.0	0.974002653041949	ENSG00000159640	49.0	0.175485775561824	ENSG00000159640	53.0	0.789009659545727	ENSG00000266402	47.0	0.975170904285096	ENSG00000159640	51.0	0.954467235939491	ENSG00000159640	53.0	0.235638908325638	ENSG00000136490	49.0	0.386363047050823	ENSG00000159640	54.0	0.15797206497532	ENSG00000178607	50.0	0.314049990156557	ENSG00000136478	50.0	0.199218065884893	ENSG00000274565	51.0	0.203048122060681	ENSG00000266173	52.0	0.237467368773937	ENSG00000178607	50.0	0.992830434240505	ENSG00000159640	43.0	0.954467235939491	ENSG00000159640	0.992830434240505	ENSG00000159640	0.975170904285096	ENSG00000159640	0.992830434240505	ENSG00000159640	True	True	True	True	True
5-rs246024	5	rs246024	140333952	139678952	140568952	0.453	5.026e-10	1.04624	0.0073	pass	140954367.0	139954367.0	141954367.0	0.358327514577964	ENSG00000250120	125.0	0.666451338792047	ENSG00000250120	128.0	0.599722025389445	ENSG00000250120	123.0	0.781961582203356	ENSG00000170445	130.0	0.777795900378021	ENSG00000170445	135.0	0.850758954869048	ENSG00000250120	127.0	0.469742163029014	ENSG00000250120	130.0	0.312290240570047	ENSG00000170445	123.0	0.501024737396772	ENSG00000249158	128.0	0.778082352047137	ENSG00000250120	127.0	0.854224747413554	ENSG00000250120	120.0	0.361819632254959	ENSG00000204963	121.0	0.240605358890115	ENSG00000255408	120.0	0.901288987173629	ENSG00000250120	103.0	0.850758954869048	ENSG00000250120	0.901288987173629	ENSG00000250120	0.854224747413554	ENSG00000250120	0.901288987173629	ENSG00000250120	True	True	True	True	True
3-rs167924	3	rs167924	107379837	107118837	107600837	0.36	5.454e-10	0.94971	0.0083	pass	107660990.0	106660990.0	108660990.0	0.127094248949283	ENSG00000273125	22.0	0.391671061519844	ENSG00000273125	21.0	0.160065488922388	ENSG00000114446	21.0	0.333933985869739	ENSG00000272597	17.0	0.0941529114726189	ENSG00000163507	17.0	0.103704766620478	ENSG00000114446	21.0	0.210288010840702	ENSG00000144821	20.0	0.204857909363288	ENSG00000144821	23.0	0.124084470801512	ENSG00000273125	22.0	0.140095115682842	ENSG00000144821	22.0	0.0796666561895396	ENSG00000114446	21.0	0.112883248995474	ENSG00000163507	21.0	0.12683189876859	ENSG00000214381	22.0	0.217246106178203	ENSG00000241224	16.0	0.103704766620478	ENSG00000114446	0.217246106178203	ENSG00000241224	0.391671061519844	ENSG00000273125	0.391671061519844	ENSG00000273125	True	False	False	False	False
19-rs72986630	19	rs72986630	11849736	11631736	11993736	0.946	5.531000000000001e-10	0.8996	0.0171	pass	11738921.0	10738921.0	12738921.0	0.141332411945818	ENSG00000129347	143.0	0.192045947939097	ENSG00000130734	141.0	0.202577952354394	ENSG00000267062	142.0	0.129173039968303	ENSG00000161860	146.0	0.182717152910571	ENSG00000268744	147.0	0.243124940484174	ENSG00000197933	143.0	0.205080639428336	ENSG00000267197	138.0	0.393621268850271	ENSG00000129347	146.0	0.32723056630284	ENSG00000160877	143.0	0.181740523145866	ENSG00000130173	141.0	0.760237083200347	ENSG00000105401	139.0	0.154721915343499	ENSG00000267100	135.0	0.192069749951723	ENSG00000142453	139.0	0.999788418722094	ENSG00000197933	118.0	0.243124940484174	ENSG00000197933	0.999788418722094	ENSG00000197933	0.760237083200347	ENSG00000105401	0.999788418722094	ENSG00000197933	True	False	True	False	True
4-rs7699241	4	rs7699241	166204489	166020489	166300189	0.887	5.701e-10	0.93016	0.0117	pass	165283337.0	164283337.0	166283337.0	0.0906514884683129	ENSG00000183439	13.0	0.103915240421484	ENSG00000038295	13.0	0.0773021716574902	ENSG00000038295	13.0	0.0790246109250926	ENSG00000038295	13.0	0.090307478639982	ENSG00000145416	13.0	0.111790278609672	ENSG00000145416	13.0	0.0543736210830117	ENSG00000145416	13.0	0.110052631301536	ENSG00000038295	14.0	0.0635002395654637	ENSG00000038295	13.0	0.0696245555915059	ENSG00000109472	13.0	0.0652566614460018	ENSG00000038295	13.0	0.0597958774564616	ENSG00000038295	13.0	0.0651042182948139	ENSG00000145416	13.0	0.0326444792707126	ENSG00000176979	18.0	0.111790278609672	ENSG00000145416	0.0326444792707126	ENSG00000176979	0.111790278609672	ENSG00000145416	0.111790278609672	ENSG00000145416	True	False	False	False	False
2-rs62152282	2	rs62152282	104981749	104869649	105067149	0.786	5.805e-10	0.94374	0.0093	pass	104365291.0	103365291.0	105365291.0	0.148248897285806	ENSG00000135974	33.0	0.221392249490718	ENSG00000226508	34.0	0.129341155024302	ENSG00000226508	33.0	0.0733379334304977	ENSG00000135974	29.0	0.335520860798289	ENSG00000224509	32.0	0.180120851712655	ENSG00000135974	34.0	0.101763487700722	ENSG00000238273	34.0	0.158686760065172	ENSG00000228528	34.0	0.18629007090883	ENSG00000135974	33.0	0.154048719772069	ENSG00000231851	33.0	0.12647069116948	ENSG00000135966	33.0	0.241227115548443	ENSG00000135966	30.0	0.250828923886299	ENSG00000135966	33.0	0.0467197869711314	ENSG00000135973	14.0	0.180120851712655	ENSG00000135974	0.0467197869711314	ENSG00000135973	0.335520860798289	ENSG00000224509	0.335520860798289	ENSG00000224509	True	False	False	False	False
5-rs39967	5	rs39967	57744788	57388788	57947788	0.144	6.044e-10	0.93838	0.0103	pass	58448961.0	57448961.0	59448961.0	0.0850612499359463	ENSG00000248475	14.0	0.0749331819962301	ENSG00000248475	15.0	0.0727908449092569	ENSG00000175857	14.0	0.115143820579721	ENSG00000152932	11.0	0.0611599975182984	ENSG00000289152	12.0	0.104714205356901	ENSG00000249436	13.0	0.0578223732776725	ENSG00000249436	13.0	0.0871274859356497	ENSG00000175857	16.0	0.062600559663747	ENSG00000152932	15.0	0.167315859079182	ENSG00000175857	14.0	0.092989402304629	ENSG00000152932	14.0	0.0629724027838638	ENSG00000062194	12.0	0.12998154657686	ENSG00000152932	13.0	0.0277240081722509	ENSG00000062194	10.0	0.104714205356901	ENSG00000249436	0.0277240081722509	ENSG00000062194	0.167315859079182	ENSG00000175857	0.167315859079182	ENSG00000175857	True	False	False	False	False
5-rs815609	5	rs815609	153516901	153300901	153737901	0.457	6.128e-10	0.95047	0.0082	pass	154137341.0	153137341.0	155137341.0	0.120299637186384	ENSG00000286749	14.0	0.320004154078075	ENSG00000132911	14.0	0.0750738375190384	ENSG00000132911	15.0	0.0652537391629898	ENSG00000037749	13.0	0.0817766287965044	ENSG00000132911	14.0	0.0686881032285813	ENSG00000132911	15.0	0.218854182581503	ENSG00000164574	14.0	0.0877696296849068	ENSG00000132911	15.0	0.439533451314439	ENSG00000286749	15.0	0.127790972444283	ENSG00000155506	14.0	0.0941124946930966	ENSG00000155511	15.0	0.563723124846751	ENSG00000286749	14.0	0.15604290302546	ENSG00000155511	14.0	0.0989319665409862	ENSG00000155506	14.0	0.0686881032285813	ENSG00000132911	0.0989319665409862	ENSG00000155506	0.563723124846751	ENSG00000286749	0.563723124846751	ENSG00000286749	True	False	False	False	False
10-rs7900775	10	rs7900775	106600343	106354343	106939343	0.33	6.21e-10	1.0497	0.0078	pass	104840585.0	103840585.0	105840585.0	0.385275378496821	ENSG00000228261	32.0	0.217189464805471	ENSG00000228261	33.0	0.198787777603167	ENSG00000156384	34.0	0.159509651366179	ENSG00000076685	31.0	0.144745727444049	ENSG00000120051	33.0	0.30503147139708	ENSG00000156395	33.0	0.205935377086412	ENSG00000107957	34.0	0.125739859921748	ENSG00000156395	32.0	0.437713933534269	ENSG00000138172	34.0	0.197528823674907	ENSG00000273108	33.0	0.245483862901617	ENSG00000076685	33.0	0.598581507801873	ENSG00000107957	29.0	0.159186631896115	ENSG00000107957	31.0	0.255112891674232	ENSG00000148798	25.0	0.30503147139708	ENSG00000156395	0.255112891674232	ENSG00000148798	0.598581507801873	ENSG00000107957	0.598581507801873	ENSG00000107957	True	False	False	False	False
1-rs61828917	1	rs61828917	173580303	173320303	175060303	0.869	6.264e-10	1.06855	0.0107	pass	173611164.0	172611164.0	174611164.0	0.429225532603683	ENSG00000117593	35.0	0.248891222008334	ENSG00000120337	33.0	0.77780208517672	ENSG00000183831	36.0	0.316143223417032	ENSG00000152061	35.0	0.489945608603752	ENSG00000117601	37.0	0.979527281306459	ENSG00000183831	34.0	0.922027841695787	ENSG00000183831	33.0	0.815188668674752	ENSG00000117593	37.0	0.518208702645317	ENSG00000117601	36.0	0.67849357300791	ENSG00000162753	36.0	0.737970497890036	ENSG00000162753	36.0	0.282502065666618	ENSG00000117593	31.0	0.165323307912999	ENSG00000260990	34.0	0.990887252167932	ENSG00000162753	26.0	0.979527281306459	ENSG00000183831	0.990887252167932	ENSG00000162753	0.979527281306459	ENSG00000183831	0.990887252167932	ENSG00000162753	True	True	True	True	True
7-rs2944821	7	rs2944821	71795998	71386998	71922898	0.632	6.309e-10	1.04833	0.0076	pass	72331013.0	71331013.0	73331013.0	0.0936040383994352	ENSG00000130305	30.0	0.0608956898214769	ENSG00000185274	29.0	0.129734344892266	ENSG00000155428	32.0	0.0812150362852322	ENSG00000185274	29.0	0.0681552557586055	ENSG00000185274	31.0	0.104497588687907	ENSG00000130305	31.0	0.0918618714464019	ENSG00000130305	29.0	0.178352141586375	ENSG00000130305	31.0	0.110720978434252	ENSG00000130305	32.0	0.157929285529788	ENSG00000183166	32.0	0.111961697155153	ENSG00000185274	29.0	0.0842520023650147	ENSG00000185274	31.0	0.119226887243112	ENSG00000285886	30.0	0.103966766499817	ENSG00000165171	31.0	0.104497588687907	ENSG00000130305	0.103966766499817	ENSG00000165171	0.178352141586375	ENSG00000130305	0.178352141586375	ENSG00000130305	True	False	False	False	False
7-rs6461561	7	rs6461561	21474610	21418640	21614810	0.248	6.802e-10	1.0539	0.0085	pass	21434992.0	20434992.0	22434992.0	0.088342689539449	ENSG00000105877	25.0	0.0717485362062258	ENSG00000136237	23.0	0.825855069835295	ENSG00000105877	22.0	0.0816591183188798	ENSG00000105866	16.0	0.464467724427734	ENSG00000105866	16.0	0.0677490234902661	ENSG00000105866	23.0	0.156098452332411	ENSG00000164649	23.0	0.0972455209905472	ENSG00000164651	25.0	0.074101047416478	ENSG00000164649	26.0	0.105076124843868	ENSG00000105866	23.0	0.724382355795832	ENSG00000105877	22.0	0.135074834370685	ENSG00000164649	22.0	0.209409149742068	ENSG00000105866	21.0	0.942977673896973	ENSG00000105866	18.0	0.0677490234902661	ENSG00000105866	0.942977673896973	ENSG00000105866	0.825855069835295	ENSG00000105877	0.942977673896973	ENSG00000105866	True	False	True	True	True
10-rs61857878	10	rs61857878	92789488	92639488	92894388	0.797	7.369e-10	1.0595	0.0094	pass	91029731.0	90029731.0	92029731.0	0.117554596047026	ENSG00000095564	33.0	0.200448989187709	ENSG00000107854	33.0	0.12872548735355	ENSG00000180628	34.0	0.076078236671948	ENSG00000119938	33.0	0.229360776151587	ENSG00000119938	32.0	0.11012263325272	ENSG00000095564	34.0	0.133645556102034	ENSG00000174721	33.0	0.185010175219201	ENSG00000107854	35.0	0.172638081720615	ENSG00000165338	34.0	0.463906551807396	ENSG00000180628	34.0	0.0641564485733569	ENSG00000095564	34.0	0.0950204469312573	ENSG00000289228	36.0	0.0857484855893844	ENSG00000095564	34.0	0.0348477528268475	ENSG00000095564	25.0	0.11012263325272	ENSG00000095564	0.0348477528268475	ENSG00000095564	0.463906551807396	ENSG00000180628	0.463906551807396	ENSG00000180628	True	False	False	False	False
7-rs13233308	7	rs13233308	87244960	87088960	87620960	0.556	7.955999999999998e-10	1.04624	0.0074	pass	87615644.0	86615644.0	88615644.0	0.195220562386125	ENSG00000127954	20.0	0.115891506761979	ENSG00000198822	20.0	0.170988161969011	ENSG00000224046	19.0	0.171714818818484	ENSG00000164659	19.0	0.701601215298581	ENSG00000233073	19.0	0.0987953850882154	ENSG00000224046	20.0	0.150022702889998	ENSG00000261462	20.0	0.133143703666062	ENSG00000224046	20.0	0.139862719175641	ENSG00000135164	21.0	0.156861138803183	ENSG00000085563	19.0	0.131889887345042	ENSG00000198822	19.0	0.17810315713711	ENSG00000224046	18.0	0.346172570588829	ENSG00000008277	19.0	0.627243646913323	ENSG00000198822	15.0	0.0987953850882154	ENSG00000224046	0.627243646913323	ENSG00000198822	0.701601215298581	ENSG00000233073	0.701601215298581	ENSG00000233073	True	False	False	False	False
21-rs8134737	21	rs8134737	16439965	16299265	16501465	0.524	8.268e-10	0.95523	0.0075	pass	15067644.0	14067644.0	16067644.0	0.210388428030181	ENSG00000236471	13.0	0.0928351772395548	ENSG00000236471	14.0	0.128968954623237	ENSG00000185272	13.0	0.0727585308904994	ENSG00000281903	15.0	0.170145607022754	ENSG00000235609	16.0	0.0687856488385785	ENSG00000155307	13.0	0.0843688959966702	ENSG00000185272	13.0	0.0767593744964582	ENSG00000236471	14.0	0.166547677136286	ENSG00000155313	14.0	0.0658537034635577	ENSG00000236471	13.0	0.150892842823175	ENSG00000155307	12.0	0.165293635777908	ENSG00000155307	13.0	0.0849514811379884	ENSG00000236471	12.0	0.0408303851923972	ENSG00000155307	7.0	0.0687856488385785	ENSG00000155307	0.0408303851923972	ENSG00000155307	0.210388428030181	ENSG00000236471	0.210388428030181	ENSG00000236471	True	False	False	False	False
12-rs2649999	12	rs2649999	121380544	121038544	121535544	0.349	8.614e-10	1.04938	0.0079	pass	120942741.0	119942741.0	121942741.0	0.135053828227091	ENSG00000089159	83.0	0.197730218557705	ENSG00000175727	82.0	0.473215868605871	ENSG00000157837	83.0	0.547403718094326	ENSG00000157837	79.0	0.708354649878812	ENSG00000157837	80.0	0.459290161778604	ENSG00000158104	82.0	0.351978393009983	ENSG00000157837	80.0	0.193474162368217	ENSG00000157837	82.0	0.220951380386978	ENSG00000157837	84.0	0.589756685715895	ENSG00000157837	82.0	0.418189880315426	ENSG00000157837	82.0	0.140641611982442	ENSG00000089154	83.0	0.3252181122675	ENSG00000122966	82.0	0.652617095809889	ENSG00000157837	63.0	0.459290161778604	ENSG00000158104	0.652617095809889	ENSG00000157837	0.708354649878812	ENSG00000157837	0.708354649878812	ENSG00000157837	True	False	False	False	False
16-rs8048039	16	rs8048039	4498486	4385186	4787486	0.393	8.886e-10	1.04991	0.0079	pass	4448485.0	3448485.0	5448485.0	0.235799362531809	ENSG00000263235	119.0	0.822604997662983	ENSG00000217930	120.0	0.683923246359849	ENSG00000278434	121.0	0.44595011864016	ENSG00000153443	127.0	0.65742949502211	ENSG00000005339	128.0	0.875820084877982	ENSG00000089486	120.0	0.281088235412508	ENSG00000089486	119.0	0.322689986046332	ENSG00000217930	119.0	0.224949584472433	ENSG00000166246	117.0	0.684537215481683	ENSG00000215131	122.0	0.181773539818707	ENSG00000217930	118.0	0.392302353356505	ENSG00000262246	118.0	0.395481570097453	ENSG00000262246	117.0	0.945309828292856	ENSG00000103423	82.0	0.875820084877982	ENSG00000089486	0.945309828292856	ENSG00000103423	0.875820084877982	ENSG00000089486	0.945309828292856	ENSG00000103423	True	True	True	True	True
14-rs10148671	14	rs10148671	29469373	29225373	29676373	0.456	8.937e-10	0.95371	0.0077	pass	29000167.0	28000167.0	30000167.0	0.148826148595085	ENSG00000287142	13.0	0.154871514800096	ENSG00000258107	15.0	0.178554478500397	ENSG00000257904	14.0	0.0762313676743878	ENSG00000092108	5.0	0.0543177286273397	ENSG00000092140	5.0	0.149547394495282	ENSG00000287142	16.0	0.106720996137639	ENSG00000092108	14.0	0.0887015592237857	ENSG00000092108	15.0	0.0671766521260837	ENSG00000092108	12.0	0.0831551856016983	ENSG00000257904	15.0	0.410191544375623	ENSG00000287142	14.0	0.158316721441899	ENSG00000092108	6.0	0.0987999135753169	ENSG00000092108	7.0	0.0391514369606843	ENSG00000092140	5.0	0.149547394495282	ENSG00000287142	0.0391514369606843	ENSG00000092140	0.410191544375623	ENSG00000287142	0.410191544375623	ENSG00000287142	True	False	False	False	False
4-rs28454198	4	rs28454198	80204001	80136401	80305301	0.55	9.555e-10	1.04728	0.0075	pass	79282847.0	78282847.0	80282847.0	0.145545546638539	ENSG00000152784	17.0	0.160292719472259	ENSG00000249307	15.0	0.0887172720703428	ENSG00000249307	16.0	0.058790648780767	ENSG00000249307	17.0	0.0935011509193866	ENSG00000163297	17.0	0.0817949680312521	ENSG00000249307	15.0	0.0652880911621772	ENSG00000152784	16.0	0.0927792822188754	ENSG00000152784	17.0	0.607829774390968	ENSG00000138772	18.0	0.287128403159818	ENSG00000152784	16.0	0.0775286649303349	ENSG00000163297	13.0	0.12520933757104	ENSG00000138756	18.0	0.384999617268106	ENSG00000156269	17.0	0.0439813173693215	ENSG00000138759	15.0	0.0817949680312521	ENSG00000249307	0.0439813173693215	ENSG00000138759	0.607829774390968	ENSG00000138772	0.607829774390968	ENSG00000138772	True	False	False	False	False
13-rs1545660	13	rs1545660	54451624	54020624	54578424	0.249	9.821e-10	1.05485	0.0087	pass	53877489.0	52877489.0	54877489.0	0.0582339392244393	ENSG00000102837	17.0	0.118366956219581	ENSG00000165416	17.0	0.0545089921222131	ENSG00000136110	17.0	0.0627607605384319	ENSG00000136110	14.0	0.0853392086555098	ENSG00000273723	14.0	0.119343475118365	ENSG00000136099	17.0	0.0656594019109171	ENSG00000102837	18.0	0.0897898600441747	ENSG00000136110	17.0	0.0919629860042709	ENSG00000102837	17.0	0.0712461444464706	ENSG00000273723	16.0	0.152654426983791	ENSG00000279325	16.0	0.0773578654471691	ENSG00000102837	14.0	0.0610874095949409	ENSG00000136099	16.0	0.0566257069295532	ENSG00000165416	12.0	0.119343475118365	ENSG00000136099	0.0566257069295532	ENSG00000165416	0.152654426983791	ENSG00000279325	0.152654426983791	ENSG00000279325	True	False	False	False	False
1-rs61789527	1	rs61789527	97146047	96925047	97449047	0.81	9.987e-10	0.9463	0.009	pass	96680491.0	95680491.0	97680491.0	0.17973648619069	ENSG00000117569	19.0	0.0638885505303957	ENSG00000117569	19.0	0.0742664837904857	ENSG00000225206	17.0	0.17542390020806	ENSG00000117569	16.0	0.123473365685548	ENSG00000117569	16.0	0.117976720967935	ENSG00000188641	18.0	0.0609923299861075	ENSG00000188641	17.0	0.172032788692989	ENSG00000188641	19.0	0.293805666357184	ENSG00000188641	20.0	0.0619477472192753	ENSG00000162627	18.0	0.061426761335224	ENSG00000225206	16.0	0.142797016764728	ENSG00000188641	17.0	0.137264322419511	ENSG00000232542	17.0	0.0300186716643376	ENSG00000122481	8.0	0.117976720967935	ENSG00000188641	0.0300186716643376	ENSG00000122481	0.293805666357184	ENSG00000188641	0.293805666357184	ENSG00000188641	True	False	False	False	False
5-rs252812	5	rs252812	106735490	106350490	106848190	0.213	1.098e-09	1.05601	0.0089	pass	107399789.0	106399789.0	108399789.0	0.0940624040220651	ENSG00000272523	7.0	0.0773565571428485	ENSG00000286503	7.0	0.0605848144038366	ENSG00000286503	7.0	0.144399412604045	ENSG00000272523	7.0	0.165280998536082	ENSG00000184349	7.0	0.0778525762736204	ENSG00000272523	6.0	0.0684137952494012	ENSG00000272523	6.0	0.105620995483708	ENSG00000184349	7.0	0.125128747010021	ENSG00000286503	7.0	0.0725035026835763	ENSG00000286503	6.0	0.168149063680831	ENSG00000151422	6.0	0.0860096763065278	ENSG00000272523	8.0	0.0650285055209747	ENSG00000145743	9.0	0.0553195035333495	ENSG00000151422	3.0	0.0778525762736204	ENSG00000272523	0.0553195035333495	ENSG00000151422	0.168149063680831	ENSG00000151422	0.168149063680831	ENSG00000151422	True	False	False	False	False
6-rs6925079	6	rs6925079	64946311	64704311	65295311	0.642	1.141e-09	0.95504	0.0076	pass	64236418.0	63236418.0	65236418.0	0.0653964929356489	ENSG00000266680	4.0	0.075445904622767	ENSG00000266680	4.0	0.059618278429388	ENSG00000266680	4.0	0.0791589991789825	ENSG00000198225	3.0	0.103551129112201	ENSG00000198225	3.0	0.055133007620875	ENSG00000198225	4.0	0.0650369254867189	ENSG00000266680	4.0	0.0871354545043658	ENSG00000118482	4.0	0.109889795786062	ENSG00000118482	5.0	0.0487981360247562	ENSG00000198225	4.0	0.141920821911547	ENSG00000112232	4.0	0.101671399687391	ENSG00000236345	6.0	0.100592351436631	ENSG00000236345	6.0	0.0782066383608969	ENSG00000198225	7.0	0.055133007620875	ENSG00000198225	0.0782066383608969	ENSG00000198225	0.141920821911547	ENSG00000112232	0.141920821911547	ENSG00000112232	True	False	False	False	False
15-rs10906984	15	rs10906984	83366296	82376296	83867296	0.392	1.159e-09	1.04645	0.0075	pass	82697544.0	81697544.0	83697544.0	0.397255227151564	ENSG00000197978	46.0	0.358478977156549	ENSG00000140598	47.0	0.361186735008673	ENSG00000260351	48.0	0.54639916300378	ENSG00000197978	53.0	0.725701497944639	ENSG00000214575	54.0	0.188031734959476	ENSG00000064726	48.0	0.697980430476154	ENSG00000197978	47.0	0.670702904446987	ENSG00000197978	50.0	0.379900150585136	ENSG00000188659	48.0	0.470636563902363	ENSG00000275995	47.0	0.356675602770549	ENSG00000064726	45.0	0.172362708659159	ENSG00000197978	49.0	0.501336759529796	ENSG00000286872	46.0	0.938546099287051	ENSG00000182774	31.0	0.188031734959476	ENSG00000064726	0.938546099287051	ENSG00000182774	0.725701497944639	ENSG00000214575	0.938546099287051	ENSG00000182774	True	False	True	False	True
9-rs10985811	9	rs10985811	101070487	100941387	101129037	0.791	1.186e-09	0.94582	0.0092	pass	98308205.0	97308205.0	99308205.0	0.1216194553311	ENSG00000285706	51.0	0.240388798718841	ENSG00000165138	47.0	0.114445417042244	ENSG00000119514	49.0	0.426627181360454	ENSG00000119523	46.0	0.139522885804296	ENSG00000196116	50.0	0.59033796340831	ENSG00000136928	47.0	0.111008643086956	ENSG00000136925	46.0	0.111156204624788	ENSG00000165138	51.0	0.56780304351839	ENSG00000106803	51.0	0.117963272180093	ENSG00000136938	50.0	0.111261767462859	ENSG00000196116	50.0	0.108810197359466	ENSG00000136842	45.0	0.134172634269505	ENSG00000196116	51.0	0.0471765798016608	ENSG00000106803	35.0	0.59033796340831	ENSG00000136928	0.0471765798016608	ENSG00000106803	0.59033796340831	ENSG00000136928	0.59033796340831	ENSG00000136928	True	False	False	False	False
6-rs1856507	6	rs1856507	73157926	72968926	73221926	0.653	1.24e-09	1.04749	0.0076	pass	72448224.0	71448224.0	73448224.0	0.133543563497432	ENSG00000119900	23.0	0.236890843166832	ENSG00000119899	23.0	0.0782841140674137	ENSG00000119900	24.0	0.160061806904856	ENSG00000079841	21.0	0.157987576639353	ENSG00000079841	22.0	0.305980259728322	ENSG00000080007	23.0	0.453178904963547	ENSG00000080007	23.0	0.0763588773277219	ENSG00000164430	24.0	0.136407089624229	ENSG00000256980	23.0	0.107473852983838	ENSG00000232295	23.0	0.265827567538928	ENSG00000256980	23.0	0.218795791920124	ENSG00000185760	23.0	0.0977977441060283	ENSG00000156535	22.0	0.183419965221091	ENSG00000185760	17.0	0.305980259728322	ENSG00000080007	0.183419965221091	ENSG00000185760	0.453178904963547	ENSG00000080007	0.453178904963547	ENSG00000080007	True	False	False	False	False
10-rs2119242	10	rs2119242	21344773	21267473	21521773	0.848	1.245e-09	0.94045	0.0101	pass	21055844.0	20055844.0	22055844.0	0.0837731607110809	ENSG00000231920	23.0	0.111513260350532	ENSG00000180592	21.0	0.144261473576653	ENSG00000279623	23.0	0.0765325033152607	ENSG00000136770	18.0	0.0692140549787199	ENSG00000136770	18.0	0.0994933154588021	ENSG00000180592	22.0	0.0981524546133033	ENSG00000136770	21.0	0.104242107652196	ENSG00000204682	23.0	0.0688293636104942	ENSG00000136770	23.0	0.118795099392569	ENSG00000238246	23.0	0.172654886465738	ENSG00000078403	22.0	0.094410587484367	ENSG00000279623	23.0	0.259037274003871	ENSG00000078403	22.0	0.0712000716875322	ENSG00000204683	13.0	0.0994933154588021	ENSG00000180592	0.0712000716875322	ENSG00000204683	0.259037274003871	ENSG00000078403	0.259037274003871	ENSG00000078403	True	False	False	False	False
7-rs1589726	7	rs1589726	79348201	79262001	79806201	0.105	1.287e-09	1.07735	0.0123	pass	79718885.0	78718885.0	80718885.0	0.134154747325599	ENSG00000135218	11.0	0.0709018379876407	ENSG00000127955	9.0	0.131928063861207	ENSG00000234456	11.0	0.170085389418379	ENSG00000286855	10.0	0.0997503051924602	ENSG00000187391	11.0	0.164365824082395	ENSG00000127955	11.0	0.0586567914458771	ENSG00000075223	10.0	0.208472930377531	ENSG00000135218	12.0	0.100984752089746	ENSG00000127955	10.0	0.0962003941562875	ENSG00000226978	8.0	0.086680146131898	ENSG00000187391	9.0	0.0827057543625246	ENSG00000075223	11.0	0.0825495096360952	ENSG00000286855	10.0	0.040054725535311	ENSG00000127955	7.0	0.164365824082395	ENSG00000127955	0.040054725535311	ENSG00000127955	0.208472930377531	ENSG00000135218	0.208472930377531	ENSG00000135218	True	False	False	False	False
12-rs578470	12	rs578470	50463325	50410835	51271325	0.631	1.294e-09	0.95418	0.0077	pass	50069542.0	49069542.0	51069542.0	0.590095755222726	ENSG00000272368	96.0	0.696595801379881	ENSG00000272368	90.0	0.540790379361465	ENSG00000050405	94.0	0.357208360268239	ENSG00000257298	96.0	0.499156713823312	ENSG00000272368	98.0	0.966708560596343	ENSG00000272368	97.0	0.704440882591816	ENSG00000272368	90.0	0.540992607701726	ENSG00000272368	95.0	0.931496445144766	ENSG00000272368	96.0	0.468815302545861	ENSG00000178449	96.0	0.723814088388758	ENSG00000272368	94.0	0.947913055980279	ENSG00000110881	96.0	0.881986149572914	ENSG00000178449	96.0	0.713038113143729	ENSG00000086159	83.0	0.966708560596343	ENSG00000272368	0.713038113143729	ENSG00000086159	0.966708560596343	ENSG00000272368	0.966708560596343	ENSG00000272368	True	True	False	True	True
5-rs72723227	5	rs72723227	7245664	7137964	7320264	0.685	1.443e-09	1.04865	0.0078	pass	7245551.0	6245551.0	8245551.0	0.102243521800158	ENSG00000250056	29.0	0.5057067190133	ENSG00000286254	31.0	0.124180942974432	ENSG00000251365	28.0	0.22804999304938	ENSG00000215218	22.0	0.114928615359804	ENSG00000112941	23.0	0.176577836052959	ENSG00000287790	30.0	0.524102445734596	ENSG00000250668	29.0	0.0766173271238654	ENSG00000251168	32.0	0.151165519721997	ENSG00000215218	27.0	0.223383297234737	ENSG00000250668	30.0	0.0896598909893917	ENSG00000124279	25.0	0.071950599196701	ENSG00000145545	25.0	0.0937893187163795	ENSG00000272071	26.0	0.0294964187026886	ENSG00000215217	10.0	0.176577836052959	ENSG00000287790	0.0294964187026886	ENSG00000215217	0.524102445734596	ENSG00000250668	0.524102445734596	ENSG00000250668	True	False	False	False	False
2-rs62183855	2	rs62183855	172956449	172596449	173038149	0.829	1.636e-09	1.06216	0.01	pass	172091721.0	171091721.0	173091721.0	0.234708541129528	ENSG00000115840	36.0	0.166332402220515	ENSG00000172878	36.0	0.145828278698967	ENSG00000091409	34.0	0.26248107295118	ENSG00000225205	30.0	0.0665257147353604	ENSG00000232788	30.0	0.625080309057223	ENSG00000198586	34.0	0.0669758709163657	ENSG00000091428	33.0	0.0841659530359767	ENSG00000225205	35.0	0.108379923814046	ENSG00000144355	37.0	0.102327041981583	ENSG00000152256	34.0	0.21342759162113	ENSG00000225205	34.0	0.091241785670806	ENSG00000115827	28.0	0.120463086285723	ENSG00000091428	33.0	0.0387752149890942	ENSG00000115844	21.0	0.625080309057223	ENSG00000198586	0.0387752149890942	ENSG00000115844	0.625080309057223	ENSG00000198586	0.625080309057223	ENSG00000198586	True	False	False	False	False
6-rs9322058	6	rs9322058	146736408	146635108	146884708	0.446	1.67e-09	0.95609	0.0074	pass	146415272.0	145415272.0	147415272.0	0.107072973420694	ENSG00000288551	14.0	0.089431461922731	ENSG00000288551	13.0	0.150267246932602	ENSG00000152822	14.0	0.0857145911958958	ENSG00000152822	14.0	0.272675140528559	ENSG00000152822	14.0	0.450578720811984	ENSG00000118508	13.0	0.122868547567963	ENSG00000227748	14.0	0.213048869707242	ENSG00000146414	14.0	0.17156824381657	ENSG00000164506	16.0	0.0832612997970618	ENSG00000233452	14.0	0.0949801041850954	ENSG00000152822	15.0	0.145812189569071	ENSG00000118492	14.0	0.0803364975417991	ENSG00000164506	13.0	0.0438016485069832	ENSG00000118508	9.0	0.450578720811984	ENSG00000118508	0.0438016485069832	ENSG00000118508	0.450578720811984	ENSG00000118508	0.450578720811984	ENSG00000118508	True	False	False	False	False
12-rs2686386	12	rs2686386	121639657	121572257	121745157	0.188	1.709e-09	1.05717	0.0092	pass	121201854.0	120201854.0	122201854.0	0.146041457535877	ENSG00000111325	83.0	0.630496667337139	ENSG00000196917	82.0	0.474617053035479	ENSG00000157837	83.0	0.547632477709215	ENSG00000157837	80.0	0.708280199202627	ENSG00000157837	81.0	0.447730499382849	ENSG00000157837	82.0	0.356202477300562	ENSG00000157837	80.0	0.308510277099476	ENSG00000150967	82.0	0.433965778973051	ENSG00000139719	84.0	0.59102012821575	ENSG00000157837	82.0	0.420370823524249	ENSG00000157837	82.0	0.149215918911351	ENSG00000176383	83.0	0.329301940861324	ENSG00000122966	82.0	0.652621466203192	ENSG00000157837	65.0	0.447730499382849	ENSG00000157837	0.652621466203192	ENSG00000157837	0.708280199202627	ENSG00000157837	0.708280199202627	ENSG00000157837	True	False	False	False	False
11-rs11227250	11	rs11227250	65438345	65321645	65713345	0.713	1.827e-09	0.95237	0.0081	pass	65670874.0	64670874.0	66670874.0	0.744669444092268	ENSG00000255517	186.0	0.815137267429089	ENSG00000172922	183.0	0.468308512395496	ENSG00000172500	189.0	0.425130106293572	ENSG00000197136	193.0	0.907326624872033	ENSG00000172922	192.0	0.881434416389658	ENSG00000172922	189.0	0.909568998160156	ENSG00000172922	183.0	0.174538500579275	ENSG00000255557	188.0	0.935584339561729	ENSG00000172922	187.0	0.800083435008226	ENSG00000172922	189.0	0.695773246092185	ENSG00000197136	189.0	0.162093660153066	ENSG00000168056	181.0	0.26332176455334	ENSG00000173442	181.0	0.978756885117168	ENSG00000172922	151.0	0.881434416389658	ENSG00000172922	0.978756885117168	ENSG00000172922	0.935584339561729	ENSG00000172922	0.978756885117168	ENSG00000172922	True	True	True	True	True
9-rs13293831	9	rs13293831	129665139	129588539	130122139	0.844	1.924e-09	0.94111	0.0101	pass	126902860.0	125902860.0	127902860.0	0.14447170522947	ENSG00000106991	82.0	0.244375120566897	ENSG00000106991	83.0	0.147948345221484	ENSG00000171169	82.0	0.344090134552313	ENSG00000106991	78.0	0.342645665176181	ENSG00000148339	81.0	0.22368993511865	ENSG00000136933	83.0	0.214366302043782	ENSG00000148346	83.0	0.133252648275356	ENSG00000148339	82.0	0.402681590834906	ENSG00000148346	84.0	0.429691576445898	ENSG00000232850	84.0	0.167561903021757	ENSG00000106991	82.0	0.288594092680832	ENSG00000136877	81.0	0.246302018815295	ENSG00000106991	83.0	0.205587925908962	ENSG00000136933	62.0	0.22368993511865	ENSG00000136933	0.205587925908962	ENSG00000136933	0.429691576445898	ENSG00000232850	0.429691576445898	ENSG00000232850	True	False	False	False	False
18-rs8084351	18	rs8084351	50726559	50467559	51105559	0.582	2.06e-09	0.95361	0.0079	pass	53200189.0	52200189.0	54200189.0	0.133482267175562	ENSG00000266335	11.0	0.0606077333091017	ENSG00000166845	11.0	0.252647776697698	ENSG00000266335	10.0	0.482834713459404	ENSG00000187323	8.0	0.047017777979546	ENSG00000277324	8.0	0.205217747668971	ENSG00000041353	12.0	0.198231640199301	ENSG00000166845	11.0	0.0668953329299795	ENSG00000134046	11.0	0.127939580775929	ENSG00000266335	12.0	0.0711695039524075	ENSG00000101751	11.0	0.202452541506345	ENSG00000174448	10.0	0.0955643666241806	ENSG00000101751	9.0	0.189658327919093	ENSG00000174448	11.0	0.233527892403474	ENSG00000187323	9.0	0.205217747668971	ENSG00000041353	0.233527892403474	ENSG00000187323	0.482834713459404	ENSG00000187323	0.482834713459404	ENSG00000187323	True	False	False	False	False
4-rs28521069	4	rs28521069	118852986	118607986	119018986	0.681	2.2540000000000003e-09	0.95476	0.0077	pass	117931831.0	116931831.0	118931831.0	0.0619240262817569	ENSG00000150961	15.0	0.106113817692082	ENSG00000172403	18.0	0.27190209072633	ENSG00000286269	17.0	0.810336531584168	ENSG00000164100	15.0	0.0517370777938203	ENSG00000269893	15.0	0.128854958044013	ENSG00000286269	18.0	0.174098609075589	ENSG00000228358	18.0	0.194944102329184	ENSG00000288921	19.0	0.0990990645969653	ENSG00000287845	14.0	0.0705686614958449	ENSG00000174599	16.0	0.0937309390417224	ENSG00000164100	14.0	0.148611030435428	ENSG00000172403	13.0	0.0746551208535501	ENSG00000174599	14.0	0.0344735798554987	ENSG00000172403	12.0	0.128854958044013	ENSG00000286269	0.0344735798554987	ENSG00000172403	0.810336531584168	ENSG00000164100	0.810336531584168	ENSG00000164100	True	False	False	True	True
11-rs10894308	11	rs10894308	130891895	130664895	130944975	0.56	2.2810000000000003e-09	1.0455	0.0075	pass	131022000.0	130022000.0	132022000.0	0.112273816820587	ENSG00000285980	21.0	0.100103598738381	ENSG00000170325	21.0	0.373060160198529	ENSG00000238117	22.0	0.376820276254515	ENSG00000238117	20.0	0.0987220063402358	ENSG00000084234	20.0	0.213019369805453	ENSG00000196323	20.0	0.0933057833390586	ENSG00000134917	19.0	0.0823699825846428	ENSG00000196323	21.0	0.117284909690245	ENSG00000237654	21.0	0.181961970486198	ENSG00000182667	20.0	0.0779894406891862	ENSG00000182667	22.0	0.125911746717649	ENSG00000166106	18.0	0.189077734976417	ENSG00000084234	20.0	0.0405730481832977	ENSG00000120451	12.0	0.213019369805453	ENSG00000196323	0.0405730481832977	ENSG00000120451	0.376820276254515	ENSG00000238117	0.376820276254515	ENSG00000238117	True	False	False	False	False
13-rs9569820	13	rs9569820	58702746	58201746	59340746	0.859	2.3820000000000003e-09	0.93913	0.0105	pass	58128612.0	57128612.0	59128612.0	0.146430175481824	ENSG00000118946	3.0	0.10770512238067	ENSG00000118946	3.0	0.07329861877644	ENSG00000118946	2.0	0.0736833778180543	ENSG00000288765	2.0	0.0778281411397664	ENSG00000118946	2.0	0.205785819058473	ENSG00000118946	2.0	0.0751528982515826	ENSG00000118946	2.0	0.0592027963540048	ENSG00000118946	4.0	0.0677868468521196	ENSG00000118946	2.0	0.0943515036083191	ENSG00000118946	2.0	0.0788207607734628	ENSG00000288765	2.0	0.0733550549971679	ENSG00000288765	2.0	0.0703284272227027	ENSG00000118946	2.0	0.0628431355813712	ENSG00000118946	6.0	0.205785819058473	ENSG00000118946	0.0628431355813712	ENSG00000118946	0.205785819058473	ENSG00000118946	0.205785819058473	ENSG00000118946	True	False	False	False	False
1-rs10157075	1	rs10157075	84210463	84023463	84364463	0.845	2.57e-09	1.06067	0.0099	pass	83744780.0	82744780.0	84744780.0	0.170828905182332	ENSG00000117151	30.0	0.186639309075716	ENSG00000117155	29.0	0.200835820322013	ENSG00000117133	29.0	0.0915451367244022	ENSG00000117151	22.0	0.150387995300082	ENSG00000117155	22.0	0.484848397666328	ENSG00000237076	30.0	0.13276215519587	ENSG00000117133	28.0	0.109600461444526	ENSG00000203943	30.0	0.140218874919944	ENSG00000137941	27.0	0.34847735066897	ENSG00000142875	29.0	0.0710388962905859	ENSG00000122432	28.0	0.102722559493962	ENSG00000233061	26.0	0.124870970140905	ENSG00000122432	25.0	0.025035766490826	ENSG00000137976	19.0	0.484848397666328	ENSG00000237076	0.025035766490826	ENSG00000137976	0.484848397666328	ENSG00000237076	0.484848397666328	ENSG00000237076	True	False	False	False	False
2-rs1396728	2	rs1396728	22697499	22427499	22872499	0.559	2.7420000000000003e-09	1.04707	0.0077	pass	22474627.0	21474627.0	23474627.0	0.111653485335535	ENSG00000233005	26.0	0.0690987322911749	ENSG00000232451	27.0	0.109191243938902	ENSG00000235497	24.0	0.0779911419954911	ENSG00000119771	23.0	0.0815294429524968	ENSG00000119771	23.0	0.0506260522000682	ENSG00000233714	27.0	0.148334912425392	ENSG00000223634	25.0	0.103494546370282	ENSG00000119771	26.0	0.156100191978175	ENSG00000223634	25.0	0.0750920529766204	ENSG00000223634	25.0	0.0805031482223919	ENSG00000119771	25.0	0.0887358863779382	ENSG00000224361	23.0	0.0610164873078994	ENSG00000233005	22.0	0.0257888177073657	ENSG00000118961	17.0	0.0506260522000682	ENSG00000233714	0.0257888177073657	ENSG00000118961	0.156100191978175	ENSG00000223634	0.156100191978175	ENSG00000223634	True	False	False	False	False
16-rs11862968	16	rs11862968	68414975	67403975	68478875	0.791	2.7960000000000003e-09	0.94724	0.0091	pass	68381072.0	67381072.0	69381072.0	0.168177528341735	ENSG00000141076	126.0	0.289651781921637	ENSG00000102904	128.0	0.428799076516515	ENSG00000141076	131.0	0.757191175863113	ENSG00000132604	129.0	0.286614041551974	ENSG00000141084	132.0	0.323050815201657	ENSG00000141076	130.0	0.368146637709514	ENSG00000141076	126.0	0.318412260559215	ENSG00000141076	128.0	0.269843513100435	ENSG00000103047	130.0	0.289870680320637	ENSG00000289618	131.0	0.351721146328458	ENSG00000141076	128.0	0.710980993630445	ENSG00000132600	127.0	0.776672239454224	ENSG00000132600	124.0	0.908784357006455	ENSG00000132604	100.0	0.323050815201657	ENSG00000141076	0.908784357006455	ENSG00000132604	0.776672239454224	ENSG00000132600	0.908784357006455	ENSG00000132604	True	False	True	False	True
4-rs356183	4	rs356183	90626098	90458098	90912098	0.492	2.83e-09	1.04592	0.0076	pass	89704947.0	88704947.0	90704947.0	0.13277633951429	ENSG00000138722	21.0	0.571704887222912	ENSG00000138722	23.0	0.898242311759023	ENSG00000277695	20.0	0.277451358325016	ENSG00000145335	24.0	0.139574797455604	ENSG00000270720	26.0	0.0939838505760915	ENSG00000248019	23.0	0.0884126081040867	ENSG00000277695	23.0	0.0644621835044255	ENSG00000277695	24.0	0.192212852696359	ENSG00000145335	22.0	0.501207181035808	ENSG00000138722	21.0	0.087298432381844	ENSG00000184305	21.0	0.2516321769433	ENSG00000138722	22.0	0.0715705182724966	ENSG00000138722	18.0	0.823431920766581	ENSG00000145335	17.0	0.0939838505760915	ENSG00000248019	0.823431920766581	ENSG00000145335	0.898242311759023	ENSG00000277695	0.898242311759023	ENSG00000277695	True	False	True	True	True
12-rs3764002	12	rs3764002	108618630	108532330	108683730	0.727	2.917e-09	0.95171	0.0083	pass	108224853.0	107224853.0	109224853.0	0.26350722494467	ENSG00000084112	57.0	0.162397373234169	ENSG00000075035	56.0	0.704253405676022	ENSG00000084112	57.0	0.300057646234547	ENSG00000256262	53.0	0.37568130338189	ENSG00000257221	54.0	0.167653156624351	ENSG00000075035	54.0	0.438009124882451	ENSG00000084112	51.0	0.298232697237918	ENSG00000166111	58.0	0.0851783345902372	ENSG00000076248	59.0	0.133123497405557	ENSG00000166111	60.0	0.111875304233386	ENSG00000274598	56.0	0.139967570046493	ENSG00000256139	55.0	0.0768100503817575	ENSG00000256139	56.0	0.0315265930790313	ENSG00000189046	41.0	0.167653156624351	ENSG00000075035	0.0315265930790313	ENSG00000189046	0.704253405676022	ENSG00000084112	0.704253405676022	ENSG00000084112	True	False	False	False	False
7-rs35531336	7	rs35531336	133438132	132761132	133807132	0.894	3.242e-09	1.07681	0.0125	pass	133753379.0	132753379.0	134753379.0	0.10498344829836	ENSG00000085662	23.0	0.0830303805078803	ENSG00000155530	22.0	0.10745608433793	ENSG00000085662	21.0	0.0748110835675018	ENSG00000221866	21.0	0.0765462798805635	ENSG00000172331	23.0	0.150176666752949	ENSG00000106554	21.0	0.0714287328602598	ENSG00000221866	21.0	0.138426235732698	ENSG00000225144	24.0	0.111135980694979	ENSG00000106554	23.0	0.120630808183952	ENSG00000221866	22.0	0.241584655802577	ENSG00000155530	21.0	0.126313302730943	ENSG00000122786	23.0	0.0964622017678743	ENSG00000223436	23.0	0.221831354955922	ENSG00000122786	20.0	0.150176666752949	ENSG00000106554	0.221831354955922	ENSG00000122786	0.241584655802577	ENSG00000155530	0.241584655802577	ENSG00000155530	True	False	False	False	False
12-rs1463209	12	rs1463209	39518293	39163293	40022293	0.525	3.302e-09	1.04624	0.0076	pass	39124491.0	38124491.0	40124491.0	0.0746420048477659	ENSG00000139117	12.0	0.118702207102833	ENSG00000151229	12.0	0.0734065661926025	ENSG00000257718	12.0	0.0760644898687141	ENSG00000151229	12.0	0.093630142284457	ENSG00000173208	12.0	0.0730446420569557	ENSG00000151229	12.0	0.0992445568795883	ENSG00000151229	12.0	0.0747723881122167	ENSG00000175548	12.0	0.0960711764941216	ENSG00000286576	13.0	0.0545783388714107	ENSG00000139117	13.0	0.221858459961882	ENSG00000175548	12.0	0.0601177897736758	ENSG00000151229	10.0	0.117800045477649	ENSG00000258144	12.0	0.0260257140259316	ENSG00000151229	9.0	0.0730446420569557	ENSG00000151229	0.0260257140259316	ENSG00000151229	0.221858459961882	ENSG00000175548	0.221858459961882	ENSG00000175548	True	False	False	False	False
5-rs9687282	5	rs9687282	139065988	138940188	139136688	0.671	3.341e-09	0.95361	0.008	pass	139686403.0	138686403.0	140686403.0	0.42459534307947	ENSG00000146007	127.0	0.95724352726895	ENSG00000250120	129.0	0.91942413659636	ENSG00000250120	128.0	0.958735012342098	ENSG00000204962	138.0	0.977163592446151	ENSG00000279726	142.0	0.939237646898413	ENSG00000170445	128.0	0.916455710336615	ENSG00000250120	131.0	0.694903803626371	ENSG00000171604	129.0	0.341391294449515	ENSG00000250120	132.0	0.95219722162834	ENSG00000250120	131.0	0.8208515523186	ENSG00000250120	126.0	0.220838559933589	ENSG00000204963	126.0	0.201025795595243	ENSG00000113119	122.0	0.953250605317257	ENSG00000112855	113.0	0.939237646898413	ENSG00000170445	0.953250605317257	ENSG00000112855	0.977163592446151	ENSG00000279726	0.977163592446151	ENSG00000279726	True	True	True	True	True
14-rs7141857	14	rs7141857	84664288	84400288	84751788	0.38	3.357e-09	0.95628	0.0076	pass	84197944.0	83197944.0	85197944.0	0.0466320195592563	ENSG00000205562	4.0	0.0732114048826204	ENSG00000205562	4.0	0.0530807197859108	ENSG00000185070	5.0				0.0425008122944054	ENSG00000185070	1.0	0.0483318073913144	ENSG00000258733	4.0	0.0444896969251768	ENSG00000205562	5.0	0.050252182888469	ENSG00000205562	4.0	0.0537825661424056	ENSG00000185070	4.0	0.0421933395757399	ENSG00000185070	3.0	0.0800325950754057	ENSG00000205562	5.0	0.0433273798347794	ENSG00000185070	4.0	0.0522164056616924	ENSG00000185070	4.0	0.0820875778106201	ENSG00000185070	1.0	0.0483318073913144	ENSG00000258733	0.0820875778106201	ENSG00000185070	0.0800325950754057	ENSG00000205562	0.0820875778106201	ENSG00000185070	True	False	False	False	False
3-rs59971314	3	rs59971314	63914618	63665618	64165618	0.675	3.387e-09	0.95514	0.0078	pass	63928942.0	62928942.0	64928942.0	0.82197287689672	ENSG00000163634	20.0	0.907806325922601	ENSG00000163634	18.0	0.93943431464655	ENSG00000163634	21.0	0.726781039981688	ENSG00000163634	19.0	0.839011568621486	ENSG00000163634	19.0	0.945171439198073	ENSG00000163634	21.0	0.976514074619064	ENSG00000163634	18.0	0.970364023531124	ENSG00000163634	20.0	0.521686499739937	ENSG00000163634	20.0	0.953491907623943	ENSG00000163634	20.0	0.626712738581369	ENSG00000163634	19.0	0.112412383263662	ENSG00000163638	17.0	0.136865847165097	ENSG00000163638	19.0	0.974171929258258	ENSG00000163634	11.0	0.945171439198073	ENSG00000163634	0.974171929258258	ENSG00000163634	0.976514074619064	ENSG00000163634	0.976514074619064	ENSG00000163634	True	True	True	True	True
4-rs4697446	4	rs4697446	24269622	24192322	24330522	0.535	3.4239999999999998e-09	0.95686	0.0075	pass	24267999.0	23267999.0	25267999.0	0.144665054424355	ENSG00000249453	20.0	0.0862887809221227	ENSG00000109618	21.0	0.0925015299120574	ENSG00000109618	19.0	0.1434288689432	ENSG00000109618	21.0	0.0734771630127325	ENSG00000152990	21.0	0.123061863437283	ENSG00000289201	22.0	0.0663897425829055	ENSG00000038210	20.0	0.0782834955104076	ENSG00000181982	21.0	0.105221487178599	ENSG00000152990	19.0	0.211108156511815	ENSG00000249453	20.0	0.138541166818459	ENSG00000249453	19.0	0.341303110853093	ENSG00000152990	17.0	0.0889509859717707	ENSG00000038210	18.0	0.0498335268844048	ENSG00000152990	14.0	0.123061863437283	ENSG00000289201	0.0498335268844048	ENSG00000152990	0.341303110853093	ENSG00000152990	0.341303110853093	ENSG00000152990	True	False	False	False	False
2-rs1881046	2	rs1881046	156835793	156785059	156950893	0.66	3.732e-09	1.04676	0.0078	pass	155979281.0	154979281.0	156979281.0	0.231408830629915	ENSG00000162989	14.0	0.465546918949539	ENSG00000162989	13.0	0.0749630595740264	ENSG00000287900	13.0	0.741400788316193	ENSG00000162989	16.0	0.606361545508175	ENSG00000162989	16.0	0.16243724338886	ENSG00000287900	13.0	0.404966575298485	ENSG00000287900	13.0	0.080177181826269	ENSG00000162989	13.0	0.277575213557249	ENSG00000162989	13.0	0.17480317053424	ENSG00000162989	13.0	0.101862187729976	ENSG00000153234	13.0	0.176043684435966	ENSG00000162989	15.0	0.119607017276384	ENSG00000162989	14.0	0.120578959604512	ENSG00000162989	9.0	0.16243724338886	ENSG00000287900	0.120578959604512	ENSG00000162989	0.741400788316193	ENSG00000162989	0.741400788316193	ENSG00000162989	True	False	False	False	False
8-rs1434281	8	rs1434281	103671080	103590480	103751080	0.677	3.816e-09	1.04728	0.0078	pass	102658852.0	101658852.0	103658852.0	0.135591239783867	ENSG00000236939	43.0	0.220256326941512	ENSG00000176406	46.0	0.188423226484242	ENSG00000104517	42.0	0.123751216858237	ENSG00000176406	37.0	0.0740795375955596	ENSG00000155096	38.0	0.223831691924793	ENSG00000155090	47.0	0.195047922831145	ENSG00000250929	47.0	0.149429476464296	ENSG00000286337	45.0	0.0963736317987877	ENSG00000155087	45.0	0.0833258999634836	ENSG00000155090	43.0	0.413917494889694	ENSG00000236939	42.0	0.290889813006294	ENSG00000164932	37.0	0.188190186317738	ENSG00000253395	40.0	0.0596019122813726	ENSG00000104517	21.0	0.223831691924793	ENSG00000155090	0.0596019122813726	ENSG00000104517	0.413917494889694	ENSG00000236939	0.413917494889694	ENSG00000236939	True	False	False	False	False
1-rs7515363	1	rs7515363	200414959	200199959	200515259	0.303	3.893e-09	1.04896	0.0081	pass	200445831.0	199445831.0	201445831.0	0.617432909405354	ENSG00000116852	37.0	0.281964464283689	ENSG00000273093	39.0	0.296333857353547	ENSG00000162702	39.0	0.207290402375638	ENSG00000081237	32.0	0.21547521297028	ENSG00000224536	32.0	0.312947885299738	ENSG00000198892	39.0	0.419773703531772	ENSG00000198700	37.0	0.578029989344915	ENSG00000273093	42.0	0.22664547523294	ENSG00000162702	40.0	0.690063141035241	ENSG00000162702	40.0	0.154428281687481	ENSG00000224536	37.0	0.225885855812861	ENSG00000198700	40.0	0.185366550414463	ENSG00000203721	37.0	0.844379493343978	ENSG00000162702	33.0	0.312947885299738	ENSG00000198892	0.844379493343978	ENSG00000162702	0.690063141035241	ENSG00000162702	0.844379493343978	ENSG00000162702	True	False	True	False	True
19-rs3810450	19	rs3810450	36530562	36434462	36728562	0.937	4.25e-09	1.0956	0.0155	pass	36039660.0	35039660.0	37039660.0	0.236113456435473	ENSG00000011590	144.0	0.0455731135341201	ENSG00000011590	144.0	0.0850687982233966	ENSG00000254004	144.0	0.0886995154471115	ENSG00000205155	140.0	0.0822500078007181	ENSG00000271366	143.0	0.268040690096587	ENSG00000011590	144.0	0.234782744172265	ENSG00000011590	142.0	0.254835326319471	ENSG00000011590	147.0	0.0983855859216649	ENSG00000205155	144.0	0.124538006933126	ENSG00000161249	143.0	0.086084345592802	ENSG00000249115	145.0	0.112788997066495	ENSG00000251247	143.0	0.0699047654258728	ENSG00000011590	143.0	0.985728610464706	ENSG00000105261	102.0	0.268040690096587	ENSG00000011590	0.985728610464706	ENSG00000105261	0.268040690096587	ENSG00000011590	0.985728610464706	ENSG00000105261	True	False	True	False	True
8-rs7464611	8	rs7464611	144933453	144746453	144990113	0.497	4.288e-09	1.0454	0.0076	pass	143851281.0	142851281.0	144851281.0	0.758319045400896	ENSG00000180921	120.0	0.663998641066439	ENSG00000287222	123.0	0.398561270093921	ENSG00000180900	123.0	0.720269292602306	ENSG00000176956	116.0	0.881610321069783	ENSG00000180900	117.0	0.893919867943633	ENSG00000287222	124.0	0.971606075605852	ENSG00000287222	122.0	0.981601706587591	ENSG00000287222	123.0	0.514883214076258	ENSG00000179526	122.0	0.902656382281261	ENSG00000287222	122.0	0.949962318015297	ENSG00000287222	121.0	0.800418413797385	ENSG00000287222	111.0	0.288202754190699	ENSG00000287222	112.0	0.758316501769838	ENSG00000180900	88.0	0.893919867943633	ENSG00000287222	0.758316501769838	ENSG00000180900	0.981601706587591	ENSG00000287222	0.981601706587591	ENSG00000287222	True	True	False	True	True
2-rs999494	2	rs999494	73157395	73079995	73222395	0.798	4.3730000000000005e-09	1.05675	0.0094	pass	72930266.0	71930266.0	73930266.0	0.384310079784274	ENSG00000114993	75.0	0.296229376583596	ENSG00000116127	73.0	0.737628265796171	ENSG00000144035	71.0	0.755037488644303	ENSG00000144035	74.0	0.837514760408984	ENSG00000144035	74.0	0.758353594625473	ENSG00000144035	74.0	0.484356571722154	ENSG00000144035	74.0	0.232983221244128	ENSG00000124356	74.0	0.526785112318699	ENSG00000144035	74.0	0.769650767740015	ENSG00000116127	70.0	0.313437240939688	ENSG00000114993	71.0	0.252978513722069	ENSG00000144035	73.0	0.193006208195906	ENSG00000144035	73.0	0.851424532084582	ENSG00000144035	54.0	0.758353594625473	ENSG00000144035	0.851424532084582	ENSG00000144035	0.837514760408984	ENSG00000144035	0.851424532084582	ENSG00000144035	True	False	True	True	True
15-rs2917627	15	rs2917627	35072407	35001907	35130177	0.868	4.391e-09	0.93473	0.0115	pass	34780206.0	33780206.0	35780206.0	0.163175615272164	ENSG00000182405	27.0	0.29270057177938	ENSG00000159251	27.0	0.0831868370264089	ENSG00000140199	29.0	0.0942465018479198	ENSG00000198146	27.0	0.392226180328764	ENSG00000259287	27.0	0.15932051447683	ENSG00000278472	27.0	0.131149261886609	ENSG00000134153	26.0	0.101739332635945	ENSG00000198146	29.0	0.097871440056713	ENSG00000259181	28.0	0.209541311302223	ENSG00000134146	30.0	0.202228883263473	ENSG00000215252	29.0	0.0834883006753734	ENSG00000259408	28.0	0.0914517380054446	ENSG00000134152	28.0	0.240350398580663	ENSG00000140199	21.0	0.15932051447683	ENSG00000278472	0.240350398580663	ENSG00000140199	0.392226180328764	ENSG00000259287	0.392226180328764	ENSG00000259287	True	False	False	False	False
15-rs653765	15	rs653765	59042012	58802012	59527215	0.572	4.409e-09	1.04949	0.0082	pass	58749813.0	57749813.0	59749813.0	0.486354572272851	ENSG00000245975	44.0	0.213918855759937	ENSG00000137776	38.0	0.814356469878494	ENSG00000245975	40.0	0.403956182028124	ENSG00000245975	38.0	0.305520282945461	ENSG00000245975	45.0	0.414774806443804	ENSG00000245975	40.0	0.856468367453801	ENSG00000140299	35.0	0.80655078786698	ENSG00000245975	45.0	0.331190955564373	ENSG00000137845	44.0	0.336480901007254	ENSG00000245975	40.0	0.668421459331657	ENSG00000245975	41.0	0.91325879125191	ENSG00000137845	49.0	0.0819546373118146	ENSG00000157450	49.0	0.459460908035997	ENSG00000137845	22.0	0.414774806443804	ENSG00000245975	0.459460908035997	ENSG00000137845	0.91325879125191	ENSG00000137845	0.91325879125191	ENSG00000137845	True	False	False	True	True
9-rs2381411	9	rs2381411	36319928	36251028	36550928	0.601	4.493e-09	0.95667	0.0076	pass	36319931.0	35319931.0	37319931.0	0.233522460525481	ENSG00000070601	82.0	0.284326127403301	ENSG00000196196	79.0	0.387684958236523	ENSG00000287287	80.0	0.261505684961817	ENSG00000198853	81.0	0.36488633789886	ENSG00000196196	82.0	0.353817211734551	ENSG00000147905	80.0	0.118764260448697	ENSG00000147905	79.0	0.172436275264509	ENSG00000147905	81.0	0.615471367126866	ENSG00000281649	81.0	0.163671956222625	ENSG00000122707	80.0	0.364121318422238	ENSG00000234160	81.0	0.137994713746292	ENSG00000137133	83.0	0.385504634347065	ENSG00000287287	82.0	0.305761997364479	ENSG00000122696	69.0	0.353817211734551	ENSG00000147905	0.305761997364479	ENSG00000122696	0.615471367126866	ENSG00000281649	0.615471367126866	ENSG00000281649	True	False	False	False	False
9-rs498591	9	rs498591	14509105	14428105	14590705	0.856	5.21e-09	0.94158	0.0103	pass	14509107.0	13509107.0	15509107.0	0.0825562203845369	ENSG00000164975	17.0	0.0817342856135687	ENSG00000175893	19.0	0.082813087320883	ENSG00000273399	18.0	0.238683067381493	ENSG00000288876	20.0	0.0630329144008199	ENSG00000225472	20.0	0.140825571070402	ENSG00000235533	19.0	0.0707673886045132	ENSG00000164985	19.0	0.0744110865832599	ENSG00000164946	17.0	0.137339352097475	ENSG00000164985	19.0	0.0800249223905298	ENSG00000270547	18.0	0.0775748909899155	ENSG00000273399	18.0	0.0795814174841155	ENSG00000147869	18.0	0.0793245535307343	ENSG00000164946	17.0	0.0855242693228955	ENSG00000164989	12.0	0.140825571070402	ENSG00000235533	0.0855242693228955	ENSG00000164989	0.238683067381493	ENSG00000288876	0.238683067381493	ENSG00000288876	True	False	False	False	False
19-rs322124	19	rs322124	11399372	11292572	11480672	0.772	5.2980000000000005e-09	0.95028	0.0087	pass	11288696.0	10288696.0	12288696.0	0.140461334671934	ENSG00000219665	157.0	0.179533516073239	ENSG00000130734	155.0	0.218915978988565	ENSG00000267062	156.0	0.17969178255358	ENSG00000269560	160.0	0.198319010514436	ENSG00000268744	161.0	0.253469620654972	ENSG00000197933	157.0	0.189451465570215	ENSG00000267197	152.0	0.163739756265639	ENSG00000130164	160.0	0.272429550057751	ENSG00000197933	157.0	0.171319629582881	ENSG00000130173	155.0	0.74878331243599	ENSG00000105401	153.0	0.153703991093312	ENSG00000198551	149.0	0.182771367057817	ENSG00000142453	153.0	0.999788721485455	ENSG00000197933	126.0	0.253469620654972	ENSG00000197933	0.999788721485455	ENSG00000197933	0.74878331243599	ENSG00000105401	0.999788721485455	ENSG00000197933	True	False	True	False	True
19-rs758749	19	rs758749	57189718	57114018	57244168	0.871	5.447e-09	0.9396	0.0107	pass	56678350.0	55678350.0	57678350.0	0.238714219823443	ENSG00000127903	167.0	0.173617216816334	ENSG00000251369	165.0	0.423808977867775	ENSG00000127903	168.0	0.300588714444937	ENSG00000178229	167.0	0.169688132514395	ENSG00000268163	169.0	0.369160336828152	ENSG00000178229	163.0	0.285618385043514	ENSG00000127903	164.0	0.318103379354534	ENSG00000267710	167.0	0.197302551509662	ENSG00000267224	171.0	0.983927959678529	ENSG00000127903	170.0	0.813249629575375	ENSG00000127903	168.0	0.158237307677494	ENSG00000285996	165.0	0.143566894924076	ENSG00000267298	165.0	0.481753510455659	ENSG00000127903	141.0	0.369160336828152	ENSG00000178229	0.481753510455659	ENSG00000127903	0.983927959678529	ENSG00000127903	0.983927959678529	ENSG00000127903	True	False	False	True	True
2-rs10173857	2	rs10173857	174951182	174881782	175226182	0.748	5.7430000000000005e-09	1.05317	0.0089	pass	174086454.0	173086454.0	175086454.0	0.0927885382318651	ENSG00000226853	29.0	0.563500295587486	ENSG00000231453	30.0	0.169788776047922	ENSG00000226853	30.0	0.101156884834212	ENSG00000273258	24.0	0.0912875842708106	ENSG00000226853	24.0	0.200529695398304	ENSG00000273258	29.0	0.130696547177016	ENSG00000144354	30.0	0.109961489216266	ENSG00000271151	31.0	0.161010568432766	ENSG00000237798	28.0	0.118121599416563	ENSG00000172845	29.0	0.322944245217961	ENSG00000229750	29.0	0.130258881962539	ENSG00000138433	25.0	0.0894543801540629	ENSG00000115966	29.0	0.876208127066789	ENSG00000154518	18.0	0.200529695398304	ENSG00000273258	0.876208127066789	ENSG00000154518	0.563500295587486	ENSG00000231453	0.876208127066789	ENSG00000154518	True	False	True	False	True
12-rs12315638	12	rs12315638	75340402	75144402	75493402	0.627	5.9e-09	1.0455	0.0077	pass	74946622.0	73946622.0	75946622.0	0.0674695746156196	ENSG00000173401	19.0	0.0906224464308641	ENSG00000180881	19.0	0.0672176368069385	ENSG00000180881	20.0	0.171086791870937	ENSG00000166006	17.0	0.11220127900354	ENSG00000166006	17.0	0.0549178236946284	ENSG00000166006	19.0	0.105383170518551	ENSG00000253719	19.0	0.0745283678997768	ENSG00000257750	22.0	0.0555779840328709	ENSG00000139278	22.0	0.0979202774116078	ENSG00000166006	19.0	0.157425841760989	ENSG00000273987	19.0	0.0874800662862173	ENSG00000173401	20.0	0.087856214711163	ENSG00000273987	23.0	0.0151838476945546	ENSG00000173401	13.0	0.0549178236946284	ENSG00000166006	0.0151838476945546	ENSG00000173401	0.171086791870937	ENSG00000166006	0.171086791870937	ENSG00000166006	True	False	False	False	False
1-rs3900555	1	rs3900555	61063225	60847225	61179625	0.458	5.92e-09	0.9581	0.0074	pass	60597553.0	59597553.0	61597553.0	0.104663393063668	ENSG00000231252	24.0	0.0952847770045588	ENSG00000162598	24.0	0.138402762816802	ENSG00000226476	23.0	0.551353243235431	ENSG00000226476	24.0	0.0985240348222179	ENSG00000134716	24.0	0.0918202686987188	ENSG00000237928	24.0	0.198002317222332	ENSG00000162598	24.0	0.100326973981205	ENSG00000226476	25.0	0.0769064318939847	ENSG00000134716	23.0	0.0931650045087072	ENSG00000237928	23.0	0.285067570477489	ENSG00000162598	22.0	0.267215664954364	ENSG00000231252	21.0	0.133538629702101	ENSG00000162598	22.0	0.0899485156457727	ENSG00000172456	12.0	0.0918202686987188	ENSG00000237928	0.0899485156457727	ENSG00000172456	0.551353243235431	ENSG00000226476	0.551353243235431	ENSG00000226476	True	False	False	False	False
2-rs4672366	2	rs4672366	60389362	60242162	60588362	0.686	6.4919999999999995e-09	1.04959	0.0083	pass	60162227.0	59162227.0	61162227.0	0.103417968529544	ENSG00000228414	28.0	0.183355108895975	ENSG00000162928	27.0	0.0919523195089285	ENSG00000162924	28.0	0.101443183811803	ENSG00000082898	23.0	0.0583034653284452	ENSG00000274769	24.0	0.104356508258548	ENSG00000115464	29.0	0.304345460931336	ENSG00000162929	26.0	0.0962098218342986	ENSG00000115421	27.0	0.114423038596834	ENSG00000115421	28.0	0.124101275742632	ENSG00000285857	30.0	0.504070316318737	ENSG00000082898	28.0	0.163269547592332	ENSG00000162929	28.0	0.478072761905253	ENSG00000162929	28.0	0.0288038965231644	ENSG00000119866	13.0	0.104356508258548	ENSG00000115464	0.0288038965231644	ENSG00000119866	0.504070316318737	ENSG00000082898	0.504070316318737	ENSG00000082898	True	False	False	False	False
1-rs12126806	1	rs12126806	200963825	200824225	201074025	0.742	6.879e-09	1.05001	0.0084	pass	200994697.0	199994697.0	201994697.0	0.597021993044906	ENSG00000116852	44.0	0.305906711495548	ENSG00000273093	47.0	0.318198506258057	ENSG00000162702	47.0	0.0889007924242468	ENSG00000198700	40.0	0.199981762825679	ENSG00000224536	40.0	0.239106001378182	ENSG00000223774	46.0	0.396127929438586	ENSG00000198700	44.0	0.610995677769703	ENSG00000273093	48.0	0.246975534376772	ENSG00000162702	47.0	0.708814377051759	ENSG00000162702	48.0	0.140514431974417	ENSG00000224536	45.0	0.208829966802319	ENSG00000198700	46.0	0.205680243858688	ENSG00000203721	45.0	0.852757147107456	ENSG00000162702	37.0	0.239106001378182	ENSG00000223774	0.852757147107456	ENSG00000162702	0.708814377051759	ENSG00000162702	0.852757147107456	ENSG00000162702	True	False	True	False	True
13-rs650520	13	rs650520	38868178	38718978	38923928	0.623	7.354e-09	0.95456	0.008	pass	38294041.0	37294041.0	39294041.0	0.168239706540555	ENSG00000120693	23.0	0.0825867759296668	ENSG00000188811	21.0	0.611050093850977	ENSG00000120693	22.0	0.0999377454797101	ENSG00000120685	16.0	0.103106308381668	ENSG00000273507	16.0	0.0900317718974178	ENSG00000120697	20.0	0.0823258812449756	ENSG00000120697	20.0	0.133170505068624	ENSG00000133115	23.0	0.13775632994974	ENSG00000133115	23.0	0.129975200091245	ENSG00000236711	22.0	0.153011259695427	ENSG00000120697	20.0	0.168664961028926	ENSG00000133110	21.0	0.277413626073133	ENSG00000236711	19.0	0.404367493658404	ENSG00000133107	18.0	0.0900317718974178	ENSG00000120697	0.404367493658404	ENSG00000133107	0.611050093850977	ENSG00000120693	0.611050093850977	ENSG00000120693	True	False	False	False	False
8-rs876983	8	rs876983	18407858	18269958	18508158	0.552	7.434e-09	1.04456	0.0075	pass	18550348.0	17550348.0	19550348.0	0.16860866593228	ENSG00000245281	32.0	0.0772514549092168	ENSG00000104213	30.0	0.127622772908231	ENSG00000104763	32.0	0.349697233677351	ENSG00000156011	30.0	0.840530581494277	ENSG00000285624	30.0	0.101049920384164	ENSG00000156006	31.0	0.104984283239956	ENSG00000171428	30.0	0.301084395837263	ENSG00000156011	31.0	0.0918901498335845	ENSG00000104611	31.0	0.254680246143932	ENSG00000104611	31.0	0.065275303146997	ENSG00000285624	32.0	0.0798248635777359	ENSG00000285624	33.0	0.103754816507207	ENSG00000254054	32.0	0.101785966215094	ENSG00000036565	23.0	0.101049920384164	ENSG00000156006	0.101785966215094	ENSG00000036565	0.840530581494277	ENSG00000285624	0.840530581494277	ENSG00000285624	True	False	False	True	True
14-rs4903718	14	rs4903718	78647339	78575839	78711039	0.698	8.006e-09	1.04634	0.0079	pass	78180996.0	77180996.0	79180996.0	0.0812958376110536	ENSG00000100583	37.0	0.0704745706593917	ENSG00000165553	39.0	0.186326254045229	ENSG00000100601	39.0	0.381564244013018	ENSG00000100596	37.0	0.0834594158961811	ENSG00000100591	38.0	0.0799962358005357	ENSG00000100596	40.0	0.26849132669431	ENSG00000151445	40.0	0.0731154887231774	ENSG00000119705	40.0	0.08657834742274	ENSG00000100583	39.0	0.16314732010438	ENSG00000165555	42.0	0.37307932640323	ENSG00000165553	38.0	0.09901292652585	ENSG00000165553	34.0	0.0767571676213299	ENSG00000151445	38.0	0.0284684235844036	ENSG00000198894	24.0	0.0799962358005357	ENSG00000100596	0.0284684235844036	ENSG00000198894	0.381564244013018	ENSG00000100596	0.381564244013018	ENSG00000100596	True	False	False	False	False
12-rs61924144	12	rs61924144	72258821	72160621	72372421	0.918	8.267e-09	0.92756	0.013	pass	71865041.0	70865041.0	72865041.0	0.0876414584030675	ENSG00000288530	21.0	0.0956672662266789	ENSG00000139291	21.0	0.0768023097283293	ENSG00000139291	20.0	0.127953204771986	ENSG00000288530	20.0	0.0912843965330631	ENSG00000288530	21.0	0.187055072676658	ENSG00000277223	20.0	0.318027615714614	ENSG00000173451	20.0	0.118804041717213	ENSG00000080371	23.0	0.115426443029729	ENSG00000072657	20.0	0.103551464927042	ENSG00000080371	20.0	0.0820210224868703	ENSG00000139291	20.0	0.161207659676992	ENSG00000236333	21.0	0.163203767913671	ENSG00000288530	23.0	0.0926145949004181	ENSG00000121749	13.0	0.187055072676658	ENSG00000277223	0.0926145949004181	ENSG00000121749	0.318027615714614	ENSG00000173451	0.318027615714614	ENSG00000173451	True	False	False	False	False
21-rs229362	21	rs229362	22116499	22026499	22221699	0.187	8.329000000000001e-09	1.05496	0.0093	pass	20744181.0	19744181.0	21744181.0	0.389351334792349	ENSG00000224924	2.0	0.479023671120279	ENSG00000224924	2.0	0.973348378919885	ENSG00000224924	2.0	0.798110456304351	ENSG00000224924	2.0	0.11948076203703	ENSG00000224924	2.0	0.553881568608572	ENSG00000224924	2.0	0.660367545503143	ENSG00000224924	2.0	0.846350020719464	ENSG00000224924	2.0	0.475201063892328	ENSG00000224924	2.0	0.314845421565441	ENSG00000224924	2.0	0.752676198983333	ENSG00000224924	2.0	0.482474918711699	ENSG00000224924	2.0	0.479058998498231	ENSG00000224924	2.0	0.0359755039579854	ENSG00000154654	1.0	0.553881568608572	ENSG00000224924	0.0359755039579854	ENSG00000154654	0.973348378919885	ENSG00000224924	0.973348378919885	ENSG00000224924	True	False	False	True	True
5-rs34879738	5	rs34879738	90272197	90012197	90470197	0.73	8.448e-09	1.0519	0.0088	pass	90976380.0	89976380.0	91976380.0	0.149587089016808	ENSG00000249984	15.0	0.135260081968421	ENSG00000249984	14.0	0.0894843527198963	ENSG00000285618	14.0	0.0790517079937953	ENSG00000249776	11.0	0.0877504740153899	ENSG00000260871	12.0	0.085106651594746	ENSG00000253321	13.0	0.420245694771969	ENSG00000255647	12.0	0.146801508028197	ENSG00000176055	15.0	0.0834407409796543	ENSG00000113356	14.0	0.268285343239941	ENSG00000260871	14.0	0.141470692908163	ENSG00000255647	14.0	0.467581654999276	ENSG00000113356	16.0	0.140054279608717	ENSG00000249776	15.0	0.0334111469979535	ENSG00000113369	6.0	0.085106651594746	ENSG00000253321	0.0334111469979535	ENSG00000113369	0.467581654999276	ENSG00000113356	0.467581654999276	ENSG00000113356	True	False	False	False	False
7-rs2349487	7	rs2349487	8565024	8490224	8627624	0.67	8.569e-09	0.95686	0.0077	pass	8525394.0	7525394.0	9525394.0	0.0853821112279838	ENSG00000272745	25.0	0.0803303950121163	ENSG00000106415	23.0	0.113713086762831	ENSG00000278254	25.0	0.0829248147163957	ENSG00000233108	23.0	0.0898297106119176	ENSG00000272745	23.0	0.136693676834009	ENSG00000227719	23.0	0.11436785907485	ENSG00000219545	23.0	0.100502838132486	ENSG00000122584	25.0	0.171980148520971	ENSG00000219545	25.0	0.0727147724865147	ENSG00000164654	25.0	0.0957110222092719	ENSG00000122584	24.0	0.0817983274921941	ENSG00000122584	23.0	0.115925296630201	ENSG00000272745	24.0	0.0144029063204779	ENSG00000122584	16.0	0.136693676834009	ENSG00000227719	0.0144029063204779	ENSG00000122584	0.171980148520971	ENSG00000219545	0.171980148520971	ENSG00000219545	True	False	False	False	False
5-rs12652777	5	rs12652777	155775075	155602075	156167075	0.465	8.703e-09	1.04383	0.0074	pass	156348065.0	155348065.0	157348065.0	0.0726071600178797	ENSG00000155868	26.0	0.163587714883291	ENSG00000155868	24.0	0.193970415106939	ENSG00000254246	24.0	0.144222409563781	ENSG00000170624	22.0	0.130575863436246	ENSG00000253653	22.0	0.135149580926299	ENSG00000145850	24.0	0.0730145964104345	ENSG00000253653	24.0	0.181947816643504	ENSG00000135077	25.0	0.103068535762325	ENSG00000170624	27.0	0.095313555092984	ENSG00000145850	25.0	0.148566524112244	ENSG00000254246	23.0	0.160582404082029	ENSG00000253653	25.0	0.120070724247173	ENSG00000254246	24.0	0.0323335795520614	ENSG00000055163	25.0	0.135149580926299	ENSG00000145850	0.0323335795520614	ENSG00000055163	0.193970415106939	ENSG00000254246	0.193970415106939	ENSG00000254246	True	False	False	False	False
2-rs7604885	2	rs7604885	162806408	162746518	162975408	0.622	8.924000000000001e-09	0.956	0.0078	pass	161949898.0	160949898.0	162949898.0	0.0587299459747678	ENSG00000136535	13.0	0.0772609558067773	ENSG00000136535	15.0	0.0540478460428476	ENSG00000144290	10.0	0.0480661915924996	ENSG00000115233	10.0	0.116938818384331	ENSG00000136560	10.0	0.119837778407147	ENSG00000144290	16.0	0.219840241296781	ENSG00000115271	16.0	0.0720017854503003	ENSG00000136560	13.0	0.139022955035074	ENSG00000136560	12.0	0.109886253237874	ENSG00000115267	11.0	0.0756186319875013	ENSG00000136560	10.0	0.175058763663356	ENSG00000115233	12.0	0.110770991660031	ENSG00000115271	10.0	0.0535912893102401	ENSG00000115233	14.0	0.119837778407147	ENSG00000144290	0.0535912893102401	ENSG00000115233	0.219840241296781	ENSG00000115271	0.219840241296781	ENSG00000115271	True	False	False	False	False
13-rs61973697	13	rs61973697	102022648	101922348	102103248	0.79	1.0310000000000001e-08	0.94724	0.0095	pass	101370297.0	100370297.0	102370297.0	0.198542272850049	ENSG00000102452	33.0	0.0818752702980278	ENSG00000102452	30.0	0.109879615904713	ENSG00000102452	29.0	0.107082703565026	ENSG00000102452	37.0	0.172015501078736	ENSG00000234650	37.0	0.153164185899071	ENSG00000134864	31.0	0.0569933107098209	ENSG00000102452	30.0	0.166904686517014	ENSG00000102452	31.0	0.121977695266659	ENSG00000233009	30.0	0.145414257374274	ENSG00000102452	29.0	0.159331999284015	ENSG00000234445	29.0	0.0949286398295366	ENSG00000234650	30.0	0.172587157186127	ENSG00000102452	28.0	0.0299624825941466	ENSG00000134864	18.0	0.153164185899071	ENSG00000134864	0.0299624825941466	ENSG00000134864	0.198542272850049	ENSG00000102452	0.198542272850049	ENSG00000102452	True	False	False	False	False
2-rs7575796	2	rs7575796	97746526	97450526	98649526	0.927	1.049e-08	1.09845	0.0164	pass	97080789.0	96080789.0	98080789.0	0.158057581149047	ENSG00000286036	60.0	0.356084560767442	ENSG00000115073	59.0	0.586408366947248	ENSG00000272913	59.0	0.994982667336498	ENSG00000115073	56.0	0.996402013237952	ENSG00000115073	56.0	0.506228174593566	ENSG00000115073	59.0	0.263352283234782	ENSG00000115073	58.0	0.200038232198876	ENSG00000235480	60.0	0.938845628476125	ENSG00000115073	62.0	0.220644685987364	ENSG00000226791	60.0	0.165440224913043	ENSG00000135940	59.0	0.154552269569086	ENSG00000289135	60.0	0.147216909241248	ENSG00000228486	58.0	0.994961856600552	ENSG00000115073	46.0	0.506228174593566	ENSG00000115073	0.994961856600552	ENSG00000115073	0.996402013237952	ENSG00000115073	0.996402013237952	ENSG00000115073	True	False	True	True	True
1-rs10559	1	rs10559	153920564	153668564	154309564	0.7	1.061e-08	0.95609	0.0078	pass	153948088.0	152948088.0	154948088.0	0.427238863346634	ENSG00000273026	120.0	0.19280400836379	ENSG00000285867	121.0	0.667844611122456	ENSG00000163354	119.0	0.677254727581145	ENSG00000163354	112.0	0.836715262149577	ENSG00000272654	119.0	0.849947972625743	ENSG00000225855	123.0	0.578206058726321	ENSG00000163354	119.0	0.74155611455287	ENSG00000125459	120.0	0.732301024400645	ENSG00000143578	120.0	0.619080766145173	ENSG00000163354	123.0	0.776479248600463	ENSG00000284738	118.0	0.861882206239334	ENSG00000284738	118.0	0.685935647057009	ENSG00000284738	120.0	0.813120058988831	ENSG00000163357	130.0	0.849947972625743	ENSG00000225855	0.813120058988831	ENSG00000163357	0.861882206239334	ENSG00000284738	0.861882206239334	ENSG00000284738	True	True	True	True	True
17-rs11263770	17	rs11263770	34896877	34781177	35011077	0.549	1.094e-08	1.04352	0.0074	pass	36541028.0	35541028.0	37541028.0	0.565428910038215	ENSG00000276085	67.0	0.849437060501182	ENSG00000278259	67.0	0.978844761216169	ENSG00000278311	68.0	0.903187514444167	ENSG00000278535	75.0	0.702345060734777	ENSG00000278259	77.0	0.544382346634928	ENSG00000278259	65.0	0.961699272289565	ENSG00000278259	64.0	0.225448246078482	ENSG00000278619	69.0	0.749522245569099	ENSG00000278259	78.0	0.944420952863277	ENSG00000278259	71.0	0.912266591918307	ENSG00000276085	68.0	0.865202203821704	ENSG00000278311	66.0	0.26805512081509	ENSG00000278535	73.0	0.966678140495343	ENSG00000278259	66.0	0.544382346634928	ENSG00000278259	0.966678140495343	ENSG00000278259	0.978844761216169	ENSG00000278311	0.978844761216169	ENSG00000278311	True	False	True	True	True
2-rs7599488	2	rs7599488	60718347	60654447	60791547	0.524	1.101e-08	1.04404	0.0075	pass	60491212.0	59491212.0	61491212.0	0.100311027482515	ENSG00000228414	26.0	0.171392508719024	ENSG00000162928	25.0	0.136717236727674	ENSG00000170264	26.0	0.0966879792167212	ENSG00000082898	23.0	0.0565080196378832	ENSG00000274769	24.0	0.0998487121799597	ENSG00000115464	26.0	0.27841246117919	ENSG00000162929	24.0	0.0933455068868923	ENSG00000115421	25.0	0.110686354886685	ENSG00000115421	25.0	0.11735706616773	ENSG00000285857	28.0	0.481230542535036	ENSG00000082898	26.0	0.156767600617473	ENSG00000162929	26.0	0.465653401630641	ENSG00000162929	26.0	0.0280605949284346	ENSG00000119866	13.0	0.0998487121799597	ENSG00000115464	0.0280605949284346	ENSG00000119866	0.481230542535036	ENSG00000082898	0.481230542535036	ENSG00000082898	True	False	False	False	False
8-rs79445414	8	rs79445414	33863561	33095561	34870561	0.963	1.103e-08	0.88479	0.0214	pass	34006043.0	33006043.0	35006043.0	0.0752785770447981	ENSG00000254302	12.0	0.0726464817721676	ENSG00000156687	12.0	0.0788995454722291	ENSG00000156687	10.0	0.0762570171447415	ENSG00000198042	9.0	0.10868045446218	ENSG00000198042	9.0	0.082971007717085	ENSG00000247134	11.0	0.0756566708990333	ENSG00000133874	11.0	0.114921100193222	ENSG00000247134	10.0	0.123985310098765	ENSG00000156687	10.0	0.0780546413376451	ENSG00000156687	10.0	0.0727464108060508	ENSG00000172728	10.0	0.0744433470817331	ENSG00000156687	8.0	0.0867347126111441	ENSG00000272338	10.0	0.0532490490212405	ENSG00000129696	6.0	0.082971007717085	ENSG00000247134	0.0532490490212405	ENSG00000129696	0.123985310098765	ENSG00000156687	0.123985310098765	ENSG00000156687	True	False	False	False	False
22-rs6010045	22	rs6010045	51103091	51028291	51189391	0.328	1.115e-08	0.95562	0.008	pass	50664663.0	49664663.0	51664663.0	0.13091840669463	ENSG00000260613	53.0	0.279702933422467	ENSG00000260613	54.0	0.689016449204449	ENSG00000182858	53.0	0.759154480585681	ENSG00000260613	53.0	0.73380124313038	ENSG00000100426	55.0	0.247185458020283	ENSG00000182858	56.0	0.309115872210293	ENSG00000184164	55.0	0.509114980271673	ENSG00000182858	54.0	0.252129617252652	ENSG00000278869	55.0	0.397132593554121	ENSG00000182858	53.0	0.189296374876916	ENSG00000182858	52.0	0.289085425621055	ENSG00000100299	54.0	0.193174754792159	ENSG00000286508	56.0	0.235259048576883	ENSG00000100426	36.0	0.247185458020283	ENSG00000182858	0.235259048576883	ENSG00000100426	0.759154480585681	ENSG00000260613	0.759154480585681	ENSG00000260613	True	False	False	False	False
5-rs2914025	5	rs2914025	90987296	90804296	91082196	0.763	1.122e-08	0.95075	0.0088	pass	91691479.0	90691479.0	92691479.0	0.137882348250085	ENSG00000249984	20.0	0.122031503877843	ENSG00000249984	16.0	0.0937795609470642	ENSG00000285618	18.0	0.0840898967928828	ENSG00000255647	14.0	0.0970976781692703	ENSG00000153140	15.0	0.183152250525409	ENSG00000253321	16.0	0.432337727978854	ENSG00000255647	14.0	0.155132552901445	ENSG00000176055	20.0	0.0903782711375461	ENSG00000113356	19.0	0.286476700608432	ENSG00000260871	17.0	0.152697302556795	ENSG00000255647	18.0	0.484568275936124	ENSG00000113356	20.0	0.126819669753935	ENSG00000249984	19.0	0.036191790116221	ENSG00000153140	7.0	0.183152250525409	ENSG00000253321	0.036191790116221	ENSG00000153140	0.484568275936124	ENSG00000113356	0.484568275936124	ENSG00000113356	True	False	False	False	False
6-rs9390083	6	rs9390083	143647665	143498365	143768265	0.845	1.172e-08	0.94563	0.0098	pass	143326528.0	142326528.0	144326528.0	0.133428637326688	ENSG00000232618	19.0	0.180182110892536	ENSG00000146416	19.0	0.140031650717266	ENSG00000152818	19.0	0.166673463759643	ENSG00000227192	20.0	0.606625924019704	ENSG00000146416	21.0	0.431608943683658	ENSG00000146416	19.0	0.787910483937556	ENSG00000146416	19.0	0.170131317273451	ENSG00000146416	19.0	0.0863488954308517	ENSG00000229017	20.0	0.0876758502200226	ENSG00000152818	19.0	0.104321472107584	ENSG00000169976	19.0	0.0923871818484703	ENSG00000146416	18.0	0.0848173648963676	ENSG00000034693	19.0	0.293194004205256	ENSG00000152818	16.0	0.431608943683658	ENSG00000146416	0.293194004205256	ENSG00000152818	0.787910483937556	ENSG00000146416	0.787910483937556	ENSG00000146416	True	False	False	False	False
9-rs6479494	9	rs6479494	96330499	96099499	96445399	0.827	1.177e-08	0.94441	0.01	pass	93568217.0	92568217.0	94568217.0	0.123627738088001	ENSG00000106819	40.0	0.296081665024491	ENSG00000237385	38.0	0.352978551829875	ENSG00000188938	43.0	0.962595787001378	ENSG00000237385	44.0	0.966577610792342	ENSG00000237385	45.0	0.959078788127832	ENSG00000237385	41.0	0.252899403426647	ENSG00000289031	39.0	0.115904804900874	ENSG00000048828	44.0	0.402917417902814	ENSG00000237385	44.0	0.493929386386476	ENSG00000188938	42.0	0.150592774580159	ENSG00000289031	39.0	0.375414690508711	ENSG00000237385	43.0	0.126457576772727	ENSG00000188938	41.0	0.944659916724704	ENSG00000188938	31.0	0.959078788127832	ENSG00000237385	0.944659916724704	ENSG00000188938	0.966577610792342	ENSG00000237385	0.966577610792342	ENSG00000237385	True	True	True	True	True
2-rs34181670	2	rs34181670	28019856	27451856	28374856	0.69	1.22e-08	1.04875	0.0084	pass	27796989.0	26796989.0	28796989.0	0.222800958680585	ENSG00000272148	74.0	0.148999556158647	ENSG00000163794	74.0	0.296699197027063	ENSG00000084774	74.0	0.255628924533051	ENSG00000163795	74.0	0.326930158053132	ENSG00000157992	77.0	0.340483425904998	ENSG00000138028	79.0	0.41584723909912	ENSG00000115211	74.0	0.107816992093096	ENSG00000231636	74.0	0.155237392674991	ENSG00000115216	78.0	0.111311256332036	ENSG00000171303	74.0	0.148963758514765	ENSG00000171303	73.0	0.202481508419323	ENSG00000138028	76.0	0.206693152307706	ENSG00000163794	72.0	0.676755248099154	ENSG00000171303	63.0	0.340483425904998	ENSG00000138028	0.676755248099154	ENSG00000171303	0.41584723909912	ENSG00000115211	0.676755248099154	ENSG00000171303	True	False	False	False	False
13-rs9603649	13	rs9603649	40506082	40452772	40750082	0.584	1.226e-08	1.04331	0.0074	pass	39931945.0	38931945.0	40931945.0	0.112109927776181	ENSG00000133115	25.0	0.0655410644178422	ENSG00000150907	22.0	0.140902307544856	ENSG00000273507	25.0	0.0526246689770838	ENSG00000183722	21.0	0.0536497477129767	ENSG00000188811	21.0	0.0773431749705597	ENSG00000188811	22.0	0.348790957420718	ENSG00000102738	22.0	0.102599097482485	ENSG00000102738	24.0	0.142189754015443	ENSG00000120685	24.0	0.145843006704708	ENSG00000102738	25.0	0.0746686802379408	ENSG00000215483	23.0	0.153078310471732	ENSG00000150907	23.0	0.0638204109330471	ENSG00000150907	21.0	0.0234975303440896	ENSG00000150907	17.0	0.0773431749705597	ENSG00000188811	0.0234975303440896	ENSG00000150907	0.348790957420718	ENSG00000102738	0.348790957420718	ENSG00000102738	True	False	False	False	False
2-rs12476312	2	rs12476312	228983498	228921898	229072698	0.621	1.228e-08	1.04404	0.0076	pass	228118782.0	227118782.0	229118782.0	0.0807875090753872	ENSG00000123977	19.0	0.162040002800895	ENSG00000169047	19.0	0.0777070218847787	ENSG00000261379	20.0	0.153530224856946	ENSG00000153823	19.0	0.095119971155064	ENSG00000236432	19.0	0.158434729783928	ENSG00000153823	20.0	0.423894565519618	ENSG00000153823	20.0	0.0709064140309939	ENSG00000236432	20.0	0.372472325932415	ENSG00000272622	19.0	0.0843219454152952	ENSG00000153820	20.0	0.0545602244096456	ENSG00000169047	19.0	0.109873226930864	ENSG00000135917	19.0	0.0839264271766316	ENSG00000169047	19.0	0.021927972251026	ENSG00000284704	25.0	0.158434729783928	ENSG00000153823	0.021927972251026	ENSG00000284704	0.423894565519618	ENSG00000153823	0.423894565519618	ENSG00000153823	True	False	False	False	False
19-rs144821294	19	rs144821294	2155136	2054836	2300236	0.966	1.235e-08	0.87652	0.0231	pass	2155137.0	1155137.0	3155137.0	0.165840874839005	ENSG00000115266	163.0	0.0841285179538502	ENSG00000129951	162.0	0.123473366958969	ENSG00000104885	164.0	0.173249267984765	ENSG00000115266	159.0	0.169872545667312	ENSG00000104885	163.0	0.112166353122877	ENSG00000127540	164.0	0.400548570634608	ENSG00000129932	162.0	0.125233430365968	ENSG00000267372	162.0	0.562344935137029	ENSG00000099821	165.0	0.100573194854993	ENSG00000065000	163.0	0.369687573018503	ENSG00000185761	161.0	0.106001343958263	ENSG00000099625	162.0	0.581267575961893	ENSG00000115266	161.0	0.712387770101797	ENSG00000104886	130.0	0.112166353122877	ENSG00000127540	0.712387770101797	ENSG00000104886	0.581267575961893	ENSG00000115266	0.712387770101797	ENSG00000104886	True	False	False	False	False
1-rs41314284	1	rs41314284	226790001	226653701	226971001	0.931	1.331e-08	0.92358	0.014	pass	226602300.0	225602300.0	227602300.0	0.0969114566211274	ENSG00000272562	55.0	0.115274007460203	ENSG00000203685	53.0	0.0893639758330438	ENSG00000143811	55.0	0.110043471853118	ENSG00000289341	53.0	0.101564054666696	ENSG00000228625	57.0	0.0973564886825063	ENSG00000289341	54.0	0.106028462800332	ENSG00000143742	50.0	0.153326381430031	ENSG00000143768	60.0	0.102082336441564	ENSG00000183814	56.0	0.0856673526601743	ENSG00000143772	54.0	0.15040618264364	ENSG00000163050	54.0	0.120297954252788	ENSG00000143776	54.0	0.0822911132884197	ENSG00000182827	58.0	0.0720878344772167	ENSG00000183814	39.0	0.0973564886825063	ENSG00000289341	0.0720878344772167	ENSG00000183814	0.153326381430031	ENSG00000143768	0.153326381430031	ENSG00000143768	True	False	False	False	False
2-rs2033996	2	rs2033996	76284826	76190626	76536826	0.803	1.334e-08	0.94847	0.0093	pass	76057700.0	75057700.0	77057700.0	0.0727649913490199	ENSG00000270571	47.0	0.0623444210005418	ENSG00000286045	46.0	0.0955661351309402	ENSG00000271452	46.0	0.13909509384433	ENSG00000005436	43.0	0.0853449233656233	ENSG00000005436	44.0	0.208795810622078	ENSG00000270996	47.0	0.126047405904299	ENSG00000270996	47.0	0.190148740987892	ENSG00000005436	47.0	0.0669670273034858	ENSG00000115363	47.0	0.0922855385898543	ENSG00000115353	45.0	0.0627514950238632	ENSG00000271452	46.0	0.0881494263127779	ENSG00000286045	47.0	0.0920361486621412	ENSG00000271452	47.0	0.025864998224118	ENSG00000179528	31.0	0.208795810622078	ENSG00000270996	0.025864998224118	ENSG00000179528	0.208795810622078	ENSG00000270996	0.208795810622078	ENSG00000270996	True	False	False	False	False
12-rs10777187	12	rs10777187	89940502	89754502	90163502	0.255	1.4290000000000001e-08	1.05022	0.0086	pass	89546725.0	88546725.0	90546725.0	0.0950382923862682	ENSG00000281333	21.0	0.205783343871899	ENSG00000281333	23.0	0.71860695958896	ENSG00000139323	22.0	0.647818023639762	ENSG00000139323	20.0	0.912503176526784	ENSG00000139323	20.0	0.100299761234092	ENSG00000289384	23.0	0.0740981635354922	ENSG00000278011	23.0	0.808506185155274	ENSG00000139323	21.0	0.142627851974739	ENSG00000139323	21.0	0.447882339478446	ENSG00000139323	22.0	0.175995243601869	ENSG00000139323	22.0	0.141335362054193	ENSG00000139323	20.0	0.171812447148939	ENSG00000139323	20.0	0.0885068132149407	ENSG00000070961	14.0	0.100299761234092	ENSG00000289384	0.0885068132149407	ENSG00000070961	0.912503176526784	ENSG00000139323	0.912503176526784	ENSG00000139323	True	False	False	True	True
12-rs10861176	12	rs10861176	104631552	104283552	104798552	0.302	1.477e-08	0.95542	0.0081	pass	104237774.0	103237774.0	105237774.0	0.173529415016861	ENSG00000255150	25.0	0.211406746890598	ENSG00000136044	26.0	0.0726853303367645	ENSG00000171310	25.0	0.262457307908044	ENSG00000255150	24.0	0.126405996342461	ENSG00000120837	25.0	0.232754136847441	ENSG00000257737	26.0	0.10449636374506	ENSG00000151131	27.0	0.646109799847847	ENSG00000255150	25.0	0.13965093928525	ENSG00000111696	27.0	0.30542572303061	ENSG00000255150	25.0	0.18106025996892	ENSG00000136010	24.0	0.163581477375581	ENSG00000111696	24.0	0.454726054347522	ENSG00000255150	25.0	0.61875665340637	ENSG00000171759	22.0	0.232754136847441	ENSG00000257737	0.61875665340637	ENSG00000171759	0.646109799847847	ENSG00000255150	0.646109799847847	ENSG00000255150	True	False	False	False	False
7-rs10243922	7	rs10243922	138599980	138521080	138692480	0.716	1.558e-08	0.95456	0.0082	pass	138915234.0	137915234.0	139915234.0	0.201093032321289	ENSG00000285904	30.0	0.283908072815737	ENSG00000285904	29.0	0.172936919051672	ENSG00000105929	31.0	0.111459172931677	ENSG00000164898	27.0	0.119619316194939	ENSG00000122779	27.0	0.201486051515859	ENSG00000273391	29.0	0.311697636255169	ENSG00000182158	29.0	0.222856059987394	ENSG00000182158	30.0	0.364271248747355	ENSG00000260231	31.0	0.117288858811659	ENSG00000105939	30.0	0.173727148843709	ENSG00000225559	28.0	0.222240505151406	ENSG00000164898	29.0	0.108629640636328	ENSG00000059377	27.0	0.936232238964566	ENSG00000122778	27.0	0.201486051515859	ENSG00000273391	0.936232238964566	ENSG00000122778	0.364271248747355	ENSG00000260231	0.936232238964566	ENSG00000122778	True	False	True	False	True
2-rs6546857	2	rs6546857	73837955	73502955	73957555	0.75	1.622e-08	0.94942	0.0092	pass	73610828.0	72610828.0	74610828.0	0.375492833476484	ENSG00000114993	67.0	0.2886493129797	ENSG00000116127	63.0	0.731403791583136	ENSG00000144035	64.0	0.754723729423923	ENSG00000144035	62.0	0.837523046887889	ENSG00000144035	63.0	0.755776389475739	ENSG00000144035	63.0	0.466634489188127	ENSG00000144035	63.0	0.22025400547247	ENSG00000124356	68.0	0.517937915168924	ENSG00000116127	66.0	0.768349770832672	ENSG00000116127	63.0	0.301056914307909	ENSG00000114993	64.0	0.243072517464978	ENSG00000144035	65.0	0.181051556754239	ENSG00000144035	64.0	0.851437787706487	ENSG00000144035	49.0	0.755776389475739	ENSG00000144035	0.851437787706487	ENSG00000144035	0.837523046887889	ENSG00000144035	0.851437787706487	ENSG00000144035	True	False	True	True	True
12-rs1464492	12	rs1464492	74540895	74042895	74868895	0.492	1.6290000000000002e-08	1.043	0.0075	pass	74147115.0	73147115.0	75147115.0	0.0766004848430172	ENSG00000173401	14.0	0.221692252922389	ENSG00000257497	15.0	0.116533528933349	ENSG00000180481	15.0	0.192615144416268	ENSG00000166006	13.0	0.163447337012726	ENSG00000111615	13.0	0.0960889882255713	ENSG00000257497	15.0	0.102778191893773	ENSG00000253719	15.0	0.0752923542889473	ENSG00000273987	17.0	0.0728464282784542	ENSG00000257497	16.0	0.11419826087174	ENSG00000166006	14.0	0.179227934378116	ENSG00000273987	14.0	0.162451240115665	ENSG00000180481	15.0	0.108467848599815	ENSG00000111615	18.0	0.0874739145356027	ENSG00000139278	9.0	0.0960889882255713	ENSG00000257497	0.0874739145356027	ENSG00000139278	0.221692252922389	ENSG00000257497	0.221692252922389	ENSG00000257497	True	False	False	False	False
6-rs80249955	6	rs80249955	69279811	69116811	69500811	0.976	1.63e-08	0.85547	0.0276	pass	68569919.0	67569919.0	69569919.0	0.0747167197572535	ENSG00000253809	8.0	0.0692634961336635	ENSG00000082293	8.0	0.0881278359792224	ENSG00000168216	9.0	0.0733066379028107	ENSG00000082293	11.0	0.12869084603374	ENSG00000082293	11.0	0.152210500744121	ENSG00000168216	8.0	0.0857285465166067	ENSG00000168216	8.0	0.0639427687846317	ENSG00000253809	9.0	0.0955602409841176	ENSG00000168216	10.0	0.151175453791739	ENSG00000135298	9.0	0.0808916936577552	ENSG00000253809	8.0	0.075688669202764	ENSG00000168216	9.0	0.072358259745274	ENSG00000168216	10.0	0.160102333589101	ENSG00000168216	5.0	0.152210500744121	ENSG00000168216	0.160102333589101	ENSG00000168216	0.152210500744121	ENSG00000168216	0.160102333589101	ENSG00000168216	True	False	False	False	False
4-rs215483	4	rs215483	23377121	23282621	23523721	0.684	1.646e-08	0.95667	0.0078	pass	23375498.0	22375498.0	24375498.0	0.145632624802213	ENSG00000249453	18.0	0.103053581714213	ENSG00000109618	19.0	0.113021311302397	ENSG00000109618	19.0	0.171925785535294	ENSG00000109618	19.0	0.0974660585647769	ENSG00000181982	19.0	0.144983853791287	ENSG00000289201	18.0	0.0823074687882835	ENSG00000038210	19.0	0.0939005940195167	ENSG00000181982	19.0	0.0909923135170607	ENSG00000152990	18.0	0.216547154447545	ENSG00000249453	19.0	0.141931075633588	ENSG00000249453	18.0	0.308044471166316	ENSG00000152990	14.0	0.105598068912295	ENSG00000038210	16.0	0.03453807353359	ENSG00000153012	10.0	0.144983853791287	ENSG00000289201	0.03453807353359	ENSG00000153012	0.308044471166316	ENSG00000152990	0.308044471166316	ENSG00000152990	True	False	False	False	False
16-rs11647188	16	rs11647188	82648514	82529314	82720414	0.524	1.648e-08	1.04352	0.0076	pass	82614909.0	81614909.0	83614909.0	0.0932047099624494	ENSG00000197943	49.0	0.04910394421647	ENSG00000261218	47.0	0.04788704969498	ENSG00000288554	47.0	0.0674634168970134	ENSG00000197943	42.0	0.0395836926873622	ENSG00000197943	43.0	0.0502338201935232	ENSG00000197943	46.0	0.104348963175264	ENSG00000261218	45.0	0.0574528145506689	ENSG00000261103	47.0	0.0595416089493455	ENSG00000260018	49.0	0.135194072298135	ENSG00000184860	47.0	0.130328696419781	ENSG00000261103	46.0	0.0950293630070544	ENSG00000140945	49.0	0.0734607057163494	ENSG00000135698	47.0	0.028958279651493	ENSG00000140943	28.0	0.0502338201935232	ENSG00000197943	0.028958279651493	ENSG00000140943	0.135194072298135	ENSG00000184860	0.135194072298135	ENSG00000184860	True	False	False	False	False
1-rs61786047	1	rs61786047	29032580	28597580	29227580	0.898	1.809e-08	1.07605	0.013	pass	28706068.0	27706068.0	29706068.0	0.191072743523662	ENSG00000116353	61.0	0.363451277812566	ENSG00000271398	60.0	0.25428567901251	ENSG00000269971	61.0	0.116966756936694	ENSG00000180198	60.0	0.302252106495464	ENSG00000180198	59.0	0.146426060540453	ENSG00000116350	61.0	0.116605076948842	ENSG00000130768	61.0	0.367092771203611	ENSG00000130775	62.0	0.122685178068012	ENSG00000130775	59.0	0.099230377963065	ENSG00000162419	61.0	0.673615073337491	ENSG00000242125	61.0	0.280416374520734	ENSG00000158156	59.0	0.369962300469421	ENSG00000271398	57.0	0.365473563366882	ENSG00000169403	48.0	0.146426060540453	ENSG00000116350	0.365473563366882	ENSG00000169403	0.673615073337491	ENSG00000242125	0.673615073337491	ENSG00000242125	True	False	False	False	False
1-rs1023330	1	rs1023330	95586773	95358773	95874418	0.681	1.827e-08	0.95638	0.0079	pass	95121217.0	94121217.0	96121217.0	0.180676581547566	ENSG00000287919	30.0	0.21802794067139	ENSG00000122481	30.0	0.182620364095717	ENSG00000226026	31.0	0.10044186876448	ENSG00000230427	29.0	0.217371370886599	ENSG00000226026	29.0	0.0928776942169186	ENSG00000137962	29.0	0.0510831964131557	ENSG00000198691	28.0	0.150750972913345	ENSG00000137962	29.0	0.110297102445585	ENSG00000137962	29.0	0.0963063819020984	ENSG00000117528	28.0	0.110897047340049	ENSG00000198691	30.0	0.201614871916556	ENSG00000231992	27.0	0.525743855465044	ENSG00000122481	27.0	0.924534243582099	ENSG00000152078	17.0	0.0928776942169186	ENSG00000137962	0.924534243582099	ENSG00000152078	0.525743855465044	ENSG00000122481	0.924534243582099	ENSG00000152078	True	False	True	False	True
18-rs8096175	18	rs8096175	4992676	4878576	5130676	0.827	1.906e-08	0.94791	0.0095	pass	4992677.0	3992677.0	5992677.0	0.0703392598931611	ENSG00000170579	30.0	0.113999326836064	ENSG00000261520	33.0	0.25424425891648	ENSG00000265487	29.0	0.139094287456132	ENSG00000264000	31.0	0.094563328384737	ENSG00000261520	32.0	0.0959166870380569	ENSG00000264575	31.0	0.100962041652414	ENSG00000231824	31.0	0.089421373188816	ENSG00000170579	34.0	0.0619972395573084	ENSG00000265487	32.0	0.083725990496334	ENSG00000265487	29.0	0.0729000287469046	ENSG00000263878	28.0	0.0878831124232049	ENSG00000264575	29.0	0.115490818164676	ENSG00000198081	29.0	0.0548344829804993	ENSG00000170579	12.0	0.0959166870380569	ENSG00000264575	0.0548344829804993	ENSG00000170579	0.25424425891648	ENSG00000265487	0.25424425891648	ENSG00000265487	True	False	False	False	False
9-rs2890914	9	rs2890914	10239181	10133981	10328081	0.52	1.918e-08	0.96002	0.0073	pass	10239181.0	9239181.0	11239181.0	0.0654324498081618	ENSG00000270372	6.0	0.122592395198434	ENSG00000270372	5.0	0.0580189484070293	ENSG00000226717	5.0	0.0440413288616915	ENSG00000153707	3.0	0.037951776006852	ENSG00000153707	3.0	0.0635679472020077	ENSG00000270372	5.0	0.0525576605491758	ENSG00000226717	4.0	0.0608620085677277	ENSG00000153707	6.0	0.0519273134086383	ENSG00000153707	5.0	0.0453685501796067	ENSG00000153707	3.0	0.0386017394364495	ENSG00000153707	3.0	0.0431415352515428	ENSG00000153707	3.0	0.0415807026745562	ENSG00000153707	2.0	0.0156519532644254	ENSG00000153707	1.0	0.0635679472020077	ENSG00000270372	0.0156519532644254	ENSG00000153707	0.122592395198434	ENSG00000270372	0.122592395198434	ENSG00000270372	True	False	False	False	False
13-rs12877581	13	rs12877581	74325499	74264999	74393899	0.776	1.925e-08	0.95075	0.009	pass	73751362.0	72751362.0	74751362.0	0.0729165737373504	ENSG00000226240	17.0	0.138851627556586	ENSG00000083520	16.0	0.1007654389873	ENSG00000226240	17.0	0.0756715069024148	ENSG00000083520	15.0	0.0575866838509683	ENSG00000226240	17.0	0.0668428938301419	ENSG00000279463	17.0	0.0590508170328861	ENSG00000118922	16.0	0.0663538279276389	ENSG00000102554	17.0	0.0586332872125149	ENSG00000286330	17.0	0.103536405779414	ENSG00000279463	17.0	0.138005724915998	ENSG00000286330	16.0	0.269861435209157	ENSG00000102554	15.0	0.0627341946268598	ENSG00000102554	16.0	0.106698095260015	ENSG00000102554	11.0	0.0668428938301419	ENSG00000279463	0.106698095260015	ENSG00000102554	0.269861435209157	ENSG00000102554	0.269861435209157	ENSG00000102554	True	False	False	False	False
9-rs10781248	9	rs10781248	77329557	77279557	77443657	0.462	2.0150000000000002e-08	1.04331	0.0076	pass	74714641.0	73714641.0	75714641.0	0.109342781022353	ENSG00000203321	15.0	0.0832985707250959	ENSG00000224825	14.0	0.131950453502417	ENSG00000203321	14.0	0.064835349992175	ENSG00000134996	15.0	0.222544547456556	ENSG00000198963	15.0	0.0568755605394795	ENSG00000134996	14.0	0.0924069056271185	ENSG00000224825	14.0	0.104119219389678	ENSG00000229587	15.0	0.0585131932502387	ENSG00000224825	13.0	0.196950560373185	ENSG00000156017	14.0	0.0710185543276624	ENSG00000156017	15.0	0.077828959439447	ENSG00000198963	14.0	0.0888893854494477	ENSG00000156017	15.0	0.0289157002992412	ENSG00000198963	11.0	0.0568755605394795	ENSG00000134996	0.0289157002992412	ENSG00000198963	0.222544547456556	ENSG00000198963	0.222544547456556	ENSG00000198963	True	False	False	False	False
3-rs62291002	3	rs62291002	180177069	179745069	180418069	0.85	2.039e-08	1.06449	0.0111	pass	180459281.0	179459281.0	181459281.0	0.402666016377391	ENSG00000284862	33.0	0.301337367421683	ENSG00000244302	31.0	0.238756724769729	ENSG00000121879	33.0	0.193490079536493	ENSG00000260743	25.0	0.229113936061275	ENSG00000272699	27.0	0.0996820949699703	ENSG00000058056	32.0	0.281136357595401	ENSG00000242808	31.0	0.138208985818146	ENSG00000272660	33.0	0.158858943194013	ENSG00000272910	33.0	0.187362812292828	ENSG00000136521	32.0	0.124196615152595	ENSG00000114416	33.0	0.110620419832528	ENSG00000243187	29.0	0.129283651223389	ENSG00000239381	32.0	0.345010189218087	ENSG00000114416	16.0	0.0996820949699703	ENSG00000058056	0.345010189218087	ENSG00000114416	0.402666016377391	ENSG00000284862	0.402666016377391	ENSG00000284862	True	False	False	False	False
14-rs745467	14	rs745467	91122317	91072317	91232317	0.9	2.0760000000000002e-08	1.07864	0.0135	pass	90655973.0	89655973.0	91655973.0	0.150430803068884	ENSG00000258875	38.0	0.113556475110784	ENSG00000119714	40.0	0.110984461688451	ENSG00000119714	39.0	0.0876206651762915	ENSG00000286607	39.0	0.0750843403678068	ENSG00000260810	41.0	0.102502296458985	ENSG00000140025	37.0	0.0744665986867554	ENSG00000258798	36.0	0.129219729507071	ENSG00000100764	41.0	0.134332739840912	ENSG00000260810	43.0	0.115629697822885	ENSG00000258798	39.0	0.160933797674355	ENSG00000287663	38.0	0.197476933254461	ENSG00000165914	36.0	0.0773256484905915	ENSG00000287663	39.0	0.0554466188074296	ENSG00000100796	24.0	0.102502296458985	ENSG00000140025	0.0554466188074296	ENSG00000100796	0.197476933254461	ENSG00000165914	0.197476933254461	ENSG00000165914	True	False	False	False	False
11-rs12282735	11	rs12282735	124312902	124259812	124491902	0.399	2.103e-08	0.95964	0.0074	pass	124443006.0	123443006.0	125443006.0	0.334487951692475	ENSG00000149554	55.0	0.424529009836297	ENSG00000166250	58.0	0.388703274818868	ENSG00000109971	60.0	0.265802134042874	ENSG00000064199	60.0	0.141900362017048	ENSG00000110013	64.0	0.884453001515249	ENSG00000019102	59.0	0.689527242017102	ENSG00000019102	57.0	0.363159183870279	ENSG00000023171	57.0	0.197217885235536	ENSG00000149554	61.0	0.609717714380225	ENSG00000019102	59.0	0.199464326036664	ENSG00000019102	54.0	0.122122510167644	ENSG00000166257	54.0	0.235377956148345	ENSG00000149547	53.0	0.301987390764966	ENSG00000182634	69.0	0.884453001515249	ENSG00000019102	0.301987390764966	ENSG00000182634	0.884453001515249	ENSG00000019102	0.884453001515249	ENSG00000019102	True	True	False	True	True
4-rs59518103	4	rs59518103	19896708	19842688	20080708	0.922	2.209e-08	1.0821	0.0141	pass	19895085.0	18895085.0	20895085.0	0.068984597573863	ENSG00000272995	7.0	0.0597663688014247	ENSG00000272995	7.0	0.0620242751511446	ENSG00000145147	8.0	0.0556010958186351	ENSG00000272995	9.0	0.0560831433326454	ENSG00000145147	9.0	0.0643818047452222	ENSG00000145147	7.0	0.0534776196486703	ENSG00000272995	8.0	0.0613965515895949	ENSG00000272995	7.0	0.0547582794733141	ENSG00000145147	7.0	0.0858289619551774	ENSG00000272995	8.0	0.0780790017520405	ENSG00000272995	7.0	0.063610803596515	ENSG00000272995	6.0	0.0644622145378542	ENSG00000272995	6.0	0.016578669744604	ENSG00000178177	3.0	0.0643818047452222	ENSG00000145147	0.016578669744604	ENSG00000178177	0.0858289619551774	ENSG00000272995	0.0858289619551774	ENSG00000272995	True	False	False	False	False
7-rs6946576	7	rs6946576	139018309	138854309	139183309	0.433	2.2470000000000002e-08	1.04697	0.0082	pass	139333563.0	138333563.0	140333563.0	0.187995820937676	ENSG00000285904	33.0	0.262703592692545	ENSG00000285904	32.0	0.183761219339429	ENSG00000105929	34.0	0.104228701330654	ENSG00000164898	30.0	0.129560673490013	ENSG00000122779	30.0	0.199237964974482	ENSG00000273391	32.0	0.332689655704775	ENSG00000182158	32.0	0.238445022723049	ENSG00000182158	33.0	0.331741427255626	ENSG00000260231	34.0	0.118334376395995	ENSG00000105939	33.0	0.189607957589328	ENSG00000225559	31.0	0.210938245945796	ENSG00000164898	32.0	0.101840232841217	ENSG00000105948	30.0	0.936859168857081	ENSG00000122778	30.0	0.199237964974482	ENSG00000273391	0.936859168857081	ENSG00000122778	0.332689655704775	ENSG00000182158	0.936859168857081	ENSG00000122778	True	False	True	False	True
10-rs7902292	10	rs7902292	123903556	123852771	123962576	0.281	2.359e-08	1.05117	0.0089	pass	122144041.0	121144041.0	123144041.0	0.109291932660393	ENSG00000223432	33.0	0.143644140285748	ENSG00000166033	32.0	0.0998372501027514	ENSG00000166033	32.0	0.0959321661871627	ENSG00000196177	29.0	0.817126282248422	ENSG00000066468	29.0	0.171189380272139	ENSG00000285973	32.0	0.100152405390657	ENSG00000254636	31.0	0.0745575427657107	ENSG00000254636	34.0	0.101593443906477	ENSG00000188620	35.0	0.221845815354048	ENSG00000166033	32.0	0.111393461603849	ENSG00000254636	33.0	0.0677078458523527	ENSG00000213185	33.0	0.0770444416808746	ENSG00000179988	33.0	0.092123005356529	ENSG00000107669	26.0	0.171189380272139	ENSG00000285973	0.092123005356529	ENSG00000107669	0.817126282248422	ENSG00000066468	0.817126282248422	ENSG00000066468	True	False	False	True	True
16-rs79478621	16	rs79478621	7750859	7686159	7806499	0.957	2.407e-08	1.12513	0.0211	pass	7700857.0	6700857.0	8700857.0	0.0409309364472196	ENSG00000287340	16.0	0.0600492391658388	ENSG00000287340	16.0	0.0613417613548974	ENSG00000286635	16.0	0.087882961558731	ENSG00000287340	16.0	0.0564201297914169	ENSG00000287340	16.0	0.0578121697779098	ENSG00000183044	15.0	0.0537158346030927	ENSG00000183044	16.0	0.0526897159157247	ENSG00000183044	17.0	0.058221421372085	ENSG00000183044	19.0	0.100053946316887	ENSG00000286635	15.0	0.0609707640796617	ENSG00000183044	16.0	0.0688476722271045	ENSG00000183044	16.0	0.0544215458412855	ENSG00000183044	15.0	0.0367075562719932	ENSG00000140650	9.0	0.0578121697779098	ENSG00000183044	0.0367075562719932	ENSG00000140650	0.100053946316887	ENSG00000286635	0.100053946316887	ENSG00000286635	True	False	False	False	False
6-rs9390172	6	rs9390172	144903517	144788117	145052617	0.875	2.442e-08	0.93174	0.0127	pass	144582381.0	143582381.0	145582381.0	0.0680883941153368	ENSG00000118495	25.0	0.0779412960033625	ENSG00000112419	25.0	0.0718205176790217	ENSG00000152818	25.0	0.105607743368635	ENSG00000235740	27.0	0.0769729609251851	ENSG00000135521	28.0	0.0777990357401156	ENSG00000135521	25.0	0.0678987081966449	ENSG00000135521	25.0	0.0935396774574528	ENSG00000135604	25.0	0.06451654144608	ENSG00000135521	25.0	0.123685584027853	ENSG00000112419	25.0	0.168695369992652	ENSG00000152818	25.0	0.0704459490429294	ENSG00000118495	24.0	0.0712657241069709	ENSG00000135521	25.0	0.141961481860892	ENSG00000118491	17.0	0.0777990357401156	ENSG00000135521	0.141961481860892	ENSG00000118491	0.168695369992652	ENSG00000152818	0.168695369992652	ENSG00000152818	True	False	False	False	False
7-rs2299409	7	rs2299409	103812171	103597171	103921571	0.566	2.4600000000000002e-08	1.043	0.0075	pass	104171723.0	103171723.0	105171723.0	0.11720249622423	ENSG00000185055	38.0	0.393437358867438	ENSG00000242154	38.0	0.160098632594257	ENSG00000128536	38.0	0.23666960552471	ENSG00000185055	41.0	0.24509944978621	ENSG00000135250	42.0	0.212685348795137	ENSG00000228393	38.0	0.263923108196052	ENSG00000228393	38.0	0.151289516552718	ENSG00000272604	38.0	0.161262453268604	ENSG00000272918	41.0	0.209593483190209	ENSG00000272918	39.0	0.367265309615892	ENSG00000135250	38.0	0.111740207933516	ENSG00000146776	40.0	0.446186895989124	ENSG00000242154	41.0	0.685993675415046	ENSG00000105819	36.0	0.212685348795137	ENSG00000228393	0.685993675415046	ENSG00000105819	0.446186895989124	ENSG00000242154	0.685993675415046	ENSG00000105819	True	False	False	False	False
12-rs513022	12	rs513022	99562662	99312662	99741662	0.191	2.4670000000000002e-08	0.94601	0.01	pass	99168884.0	98168884.0	100168884.0	0.131134100657295	ENSG00000257167	21.0	0.306649486573295	ENSG00000258039	20.0	0.386828177453487	ENSG00000287675	23.0	0.2607767339906	ENSG00000287675	17.0	0.145181426682273	ENSG00000258039	18.0	0.236190018602001	ENSG00000166153	19.0	0.416191779434024	ENSG00000139354	21.0	0.131158602166643	ENSG00000166153	21.0	0.0936423492133923	ENSG00000075089	21.0	0.228839165362491	ENSG00000185046	21.0	0.0856412049047911	ENSG00000245017	20.0	0.118591239450183	ENSG00000136021	19.0	0.0790086780228511	ENSG00000120802	20.0	0.0316543129408122	ENSG00000185046	14.0	0.236190018602001	ENSG00000166153	0.0316543129408122	ENSG00000185046	0.416191779434024	ENSG00000139354	0.416191779434024	ENSG00000139354	True	False	False	False	False
12-rs61928076	12	rs61928076	53730164	53425164	54110164	0.968	2.499e-08	0.87241	0.0245	pass	53336380.0	52336380.0	54336380.0	0.129578878448345	ENSG00000258086	80.0	0.125970155148494	ENSG00000170523	81.0	0.121629642986444	ENSG00000139572	78.0	0.165080912694671	ENSG00000123338	74.0	0.105682518089519	ENSG00000139637	76.0	0.0873237663482115	ENSG00000258086	85.0	0.100590639820507	ENSG00000170423	84.0	0.0890450044228221	ENSG00000170421	82.0	0.112907929171367	ENSG00000172819	83.0	0.11219525214206	ENSG00000257829	80.0	0.0852917736108566	ENSG00000205420	78.0	0.349380103627651	ENSG00000257808	89.0	0.0973147572718358	ENSG00000139637	81.0	0.382962914288223	ENSG00000186049	96.0	0.0873237663482115	ENSG00000258086	0.382962914288223	ENSG00000186049	0.349380103627651	ENSG00000257808	0.382962914288223	ENSG00000186049	True	False	False	False	False
18-rs337718	18	rs337718	69774278	69615278	69942278	0.305	2.501e-08	1.04477	0.0079	pass	72107043.0	71107043.0	73107043.0	0.0538159109046113	ENSG00000166342	10.0	0.0918789335378748	ENSG00000166342	9.0	0.0672052128277095	ENSG00000166342	9.0	0.0536295203509873	ENSG00000141668	6.0	0.038656756112356	ENSG00000141668	7.0	0.0874631127682049	ENSG00000166342	9.0	0.0757661125196272	ENSG00000141668	9.0	0.0834208036097782	ENSG00000141668	10.0	0.0699587175451535	ENSG00000263958	10.0	0.0511009086685229	ENSG00000141668	9.0	0.0489337556416283	ENSG00000141668	9.0	0.0592389392068249	ENSG00000166342	9.0	0.130765879291125	ENSG00000141668	9.0	0.0293926843874851	ENSG00000141668	4.0	0.0874631127682049	ENSG00000166342	0.0293926843874851	ENSG00000141668	0.130765879291125	ENSG00000141668	0.130765879291125	ENSG00000141668	True	False	False	False	False
6-rs9487653	6	rs9487653	111822689	111365689	112001689	0.19	2.513e-08	1.05643	0.0099	pass	111501486.0	110501486.0	112501486.0	0.138841267331886	ENSG00000286616	30.0	0.143919485733076	ENSG00000112394	29.0	0.238859132135259	ENSG00000155111	31.0	0.0894754480236081	ENSG00000173214	29.0	0.102655588764673	ENSG00000287268	32.0	0.380156811533765	ENSG00000173214	31.0	0.177413409315797	ENSG00000173214	30.0	0.132688602194004	ENSG00000203797	30.0	0.0675000191182317	ENSG00000010810	31.0	0.22943027756343	ENSG00000173214	31.0	0.281716359640695	ENSG00000286616	31.0	0.104877999241813	ENSG00000112394	28.0	0.0909851673644234	ENSG00000112761	29.0	0.138722127033537	ENSG00000173214	22.0	0.380156811533765	ENSG00000173214	0.138722127033537	ENSG00000173214	0.380156811533765	ENSG00000173214	0.380156811533765	ENSG00000173214	True	False	False	False	False
9-rs6478858	9	rs6478858	131800524	131433524	132013524	0.0506	2.57e-08	1.10032	0.0172	pass	129038245.0	128038245.0	130038245.0	0.734498820275997	ENSG00000268707	110.0	0.743192756429426	ENSG00000268707	110.0	0.742741932509486	ENSG00000268707	111.0	0.742836793413901	ENSG00000268707	109.0	0.780455279647344	ENSG00000119383	112.0	0.742764333152884	ENSG00000268707	113.0	0.743317159751977	ENSG00000268707	110.0	0.743017973136635	ENSG00000268707	111.0	0.742949358258346	ENSG00000268707	110.0	0.742719169414797	ENSG00000268707	113.0	0.742720995482201	ENSG00000268707	110.0	0.398171506053381	ENSG00000268707	107.0	0.379477474349145	ENSG00000268707	108.0	0.740978164922536	ENSG00000119383	79.0	0.742764333152884	ENSG00000268707	0.740978164922536	ENSG00000119383	0.780455279647344	ENSG00000119383	0.780455279647344	ENSG00000119383	True	False	False	False	False
3-rs7648272	3	rs7648272	176791626	176646026	176918026	0.73	2.643e-08	0.95456	0.0084	pass	177073838.0	176073838.0	178073838.0	0.0622149377202422	ENSG00000197584	7.0	0.0901356433269817	ENSG00000203645	7.0	0.223797837329966	ENSG00000231310	8.0	0.0671502298222673	ENSG00000177565	5.0	0.0702033347551405	ENSG00000203645	6.0	0.0746358394202534	ENSG00000177565	7.0	0.0833528569486784	ENSG00000223930	7.0	0.182942520380562	ENSG00000270321	7.0	0.0724261898120825	ENSG00000231310	6.0	0.147380913723214	ENSG00000228561	7.0	0.0817321016260884	ENSG00000228561	7.0	0.114674735676389	ENSG00000270321	4.0	0.0618482604371859	ENSG00000270321	6.0	0.0795243003570708	ENSG00000197584	2.0	0.0746358394202534	ENSG00000177565	0.0795243003570708	ENSG00000197584	0.223797837329966	ENSG00000231310	0.223797837329966	ENSG00000231310	True	False	False	False	False
4-rs13117857	4	rs13117857	37248984	37180884	37301634	0.77	2.725e-08	0.95304	0.0086	pass	37247362.0	36247362.0	38247362.0	0.0814817742008975	ENSG00000174145	23.0	0.0923067039185836	ENSG00000231160	23.0	0.0846337351323485	ENSG00000197057	23.0	0.0797162721305708	ENSG00000174145	22.0	0.307835979113185	ENSG00000174145	21.0	0.0465653825047968	ENSG00000181826	22.0	0.0879890324967428	ENSG00000248936	22.0	0.0465029705335383	ENSG00000065882	24.0	0.0607800254072911	ENSG00000197057	23.0	0.0896895281827247	ENSG00000181826	22.0	0.0663785799374179	ENSG00000197057	22.0	0.0634462186376325	ENSG00000288073	25.0	0.0882663972064033	ENSG00000197057	23.0	0.497492457965121	ENSG00000174145	16.0	0.0465653825047968	ENSG00000181826	0.497492457965121	ENSG00000174145	0.307835979113185	ENSG00000174145	0.497492457965121	ENSG00000174145	True	False	False	False	False
6-rs9470670	6	rs9470670	11988081	11862181	12089081	0.825	2.743e-08	0.94743	0.0097	pass	11987848.0	10987848.0	12987848.0	0.177083547647088	ENSG00000205269	36.0	0.103500456038058	ENSG00000224531	37.0	0.649929051436218	ENSG00000111845	33.0	0.249805933338383	ENSG00000197977	33.0	0.131567345924349	ENSG00000197977	35.0	0.209869605478444	ENSG00000224531	37.0	0.253640350480928	ENSG00000205269	33.0	0.145812829946598	ENSG00000153157	38.0	0.14780428305699	ENSG00000197977	34.0	0.0696640202985909	ENSG00000247925	34.0	0.293212925296821	ENSG00000137434	33.0	0.326239783210264	ENSG00000205269	35.0	0.0696716224268125	ENSG00000197977	33.0	0.457707098480941	ENSG00000095951	25.0	0.209869605478444	ENSG00000224531	0.457707098480941	ENSG00000095951	0.649929051436218	ENSG00000111845	0.649929051436218	ENSG00000111845	True	False	False	False	False
6-rs117178087	6	rs117178087	96464060	96252060	96527260	0.931	2.782e-08	1.0968	0.0166	pass	96016184.0	95016184.0	97016184.0	0.0727062218760396	ENSG00000172469	14.0	0.0748787551701578	ENSG00000112218	14.0	0.095413054294159	ENSG00000014123	13.0	0.13495528263336	ENSG00000287578	11.0	0.0666705311311276	ENSG00000112218	12.0	0.0816840576839439	ENSG00000172469	14.0	0.0979285868705553	ENSG00000287578	14.0	0.0951588158278994	ENSG00000186231	14.0	0.0805039302942368	ENSG00000123545	13.0	0.079153257239609	ENSG00000172469	13.0	0.11117069052178	ENSG00000172461	13.0	0.128629525038871	ENSG00000172461	13.0	0.106316661411347	ENSG00000287578	13.0	0.0863322754787282	ENSG00000172461	8.0	0.0816840576839439	ENSG00000172469	0.0863322754787282	ENSG00000172461	0.13495528263336	ENSG00000287578	0.13495528263336	ENSG00000287578	True	False	False	False	False
10-rs2812599	10	rs2812599	34040293	33905393	34166993	0.874	2.787e-08	1.06311	0.011	pass	33751365.0	32751365.0	34751365.0	0.0945802629099437	ENSG00000150093	24.0	0.0927047735667184	ENSG00000273012	25.0	0.109789259671107	ENSG00000216937	25.0	0.116331919316846	ENSG00000229327	20.0	0.0923759064990356	ENSG00000150093	20.0	0.0608350476675633	ENSG00000238258	26.0	0.0854095912391752	ENSG00000203565	25.0	0.0759250992449879	ENSG00000286409	27.0	0.0714566556805474	ENSG00000216937	24.0	0.0717873180847258	ENSG00000273012	25.0	0.071292275036423	ENSG00000099250	24.0	0.0845536895939287	ENSG00000120616	22.0	0.107142562749791	ENSG00000273012	23.0	0.0358910718092716	ENSG00000120616	12.0	0.0608350476675633	ENSG00000238258	0.0358910718092716	ENSG00000120616	0.116331919316846	ENSG00000229327	0.116331919316846	ENSG00000229327	True	False	False	False	False
6-rs221618	6	rs221618	105472320	105314320	105538820	0.446	2.8300000000000002e-08	1.04279	0.0075	pass	105024445.0	104024445.0	106024445.0	0.185625138491123	ENSG00000237567	18.0	0.245233189321664	ENSG00000085382	19.0	0.787077161281673	ENSG00000203809	19.0	0.0599657713619504	ENSG00000085377	15.0	0.0683507893422094	ENSG00000132429	15.0	0.267097568934431	ENSG00000203809	20.0	0.318811656403127	ENSG00000187772	19.0	0.465226092555678	ENSG00000203809	20.0	0.449122685970669	ENSG00000187772	20.0	0.0964483609348453	ENSG00000057657	19.0	0.834723161015198	ENSG00000203809	19.0	0.103034154993256	ENSG00000057657	15.0	0.398463341171718	ENSG00000203809	20.0	0.388657410172117	ENSG00000187772	11.0	0.267097568934431	ENSG00000203809	0.388657410172117	ENSG00000187772	0.834723161015198	ENSG00000203809	0.834723161015198	ENSG00000203809	True	False	False	True	True
8-rs6989793	8	rs6989793	9744650	8044650	10333650	0.251	2.848e-08	1.04749	0.0084	pass	9887140.0	8887140.0	10887140.0	0.446433613621624	ENSG00000253893	42.0	0.35856503212379	ENSG00000253893	41.0	0.533669606608796	ENSG00000254340	42.0	0.620508210530554	ENSG00000254340	45.0	0.562459515997749	ENSG00000255310	47.0	0.328400039981065	ENSG00000255020	41.0	0.207358427594566	ENSG00000253893	41.0	0.292346373593729	ENSG00000177710	43.0	0.286553314026634	ENSG00000284606	43.0	0.34851308152173	ENSG00000253893	44.0	0.246626998417815	ENSG00000253893	41.0	0.241197606954551	ENSG00000253893	41.0	0.218886044314922	ENSG00000175806	43.0	0.378560569791991	ENSG00000171044	25.0	0.328400039981065	ENSG00000255020	0.378560569791991	ENSG00000171044	0.620508210530554	ENSG00000254340	0.620508210530554	ENSG00000254340	True	False	False	False	False
7-rs62479287	7	rs62479287	125889663	125789863	126232663	0.767	2.913e-08	0.95485	0.0083	pass	126249609.0	125249609.0	127249609.0	0.0505156137625385	ENSG00000179603	13.0	0.0542506834855637	ENSG00000179603	14.0	0.127262372217304	ENSG00000179603	13.0	0.0683135788687916	ENSG00000179603	13.0	0.0790648447054349	ENSG00000179603	14.0	0.0890395309850745	ENSG00000224138	14.0	0.0467652272672828	ENSG00000179603	14.0	0.0461464253963664	ENSG00000179603	14.0	0.0477424932023406	ENSG00000179603	12.0	0.0595104847759233	ENSG00000224138	13.0	0.0589892589672713	ENSG00000179603	12.0	0.105836386442957	ENSG00000179603	12.0	0.0510276985051351	ENSG00000179603	12.0	0.01256789417995	ENSG00000197157	13.0	0.0890395309850745	ENSG00000224138	0.01256789417995	ENSG00000197157	0.127262372217304	ENSG00000179603	0.127262372217304	ENSG00000179603	True	False	False	False	False
11-rs12224032	11	rs12224032	112914680	112776280	113101680	0.778	2.918e-08	0.95266	0.0087	pass	113043958.0	112043958.0	114043958.0	0.228905128102975	ENSG00000109846	51.0	0.139523514289519	ENSG00000247416	48.0	0.2448053233427	ENSG00000286463	50.0	0.410143434633427	ENSG00000149294	48.0	0.785420574707938	ENSG00000256452	49.0	0.157110536587173	ENSG00000076053	46.0	0.288797671778724	ENSG00000166741	46.0	0.149824646947706	ENSG00000149295	53.0	0.338290472264449	ENSG00000197580	53.0	0.21587852746515	ENSG00000109846	47.0	0.19206517671249	ENSG00000180425	47.0	0.211575091369787	ENSG00000256757	48.0	0.328194472504138	ENSG00000270179	50.0	0.901534263364816	ENSG00000204370	43.0	0.157110536587173	ENSG00000076053	0.901534263364816	ENSG00000204370	0.785420574707938	ENSG00000256452	0.901534263364816	ENSG00000204370	True	False	True	False	True
16-rs244908	16	rs244908	58665389	58480389	58753689	0.654	3.013e-08	1.0454	0.008	pass	58631485.0	57631485.0	59631485.0	0.69192925711599	ENSG00000103037	60.0	0.307505385056307	ENSG00000289004	59.0	0.939376260176156	ENSG00000103037	59.0	0.888379853158962	ENSG00000289004	52.0	0.883020714475618	ENSG00000289004	52.0	0.85555991960645	ENSG00000103037	58.0	0.298908511067695	ENSG00000103037	57.0	0.303404572228313	ENSG00000205336	59.0	0.92743983770963	ENSG00000103037	61.0	0.899546018128078	ENSG00000103037	61.0	0.920119731062332	ENSG00000289004	59.0	0.128675394473826	ENSG00000103042	57.0	0.0849438567483302	ENSG00000140859	59.0	0.941105248616826	ENSG00000103037	45.0	0.85555991960645	ENSG00000103037	0.941105248616826	ENSG00000103037	0.939376260176156	ENSG00000103037	0.941105248616826	ENSG00000103037	True	True	True	True	True
2-rs345906	2	rs345906	8689731	8630381	8764831	0.567	3.0639999999999995e-08	0.95753	0.0078	pass	8549601.0	7549601.0	9549601.0	0.297034161021935	ENSG00000235092	43.0	0.159589810498203	ENSG00000143797	44.0	0.201575009781341	ENSG00000235665	40.0	0.0799875680464189	ENSG00000119185	36.0	0.0872406107260763	ENSG00000119203	40.0	0.101104719541235	ENSG00000289191	41.0	0.117137665698847	ENSG00000134313	41.0	0.269278160315079	ENSG00000235092	43.0	0.105475245982828	ENSG00000286857	43.0	0.162744515187429	ENSG00000235665	39.0	0.44286987675653	ENSG00000235665	41.0	0.0719291652651011	ENSG00000134313	41.0	0.198280092972581	ENSG00000235665	41.0	0.0695377284926871	ENSG00000115738	19.0	0.101104719541235	ENSG00000289191	0.0695377284926871	ENSG00000115738	0.44286987675653	ENSG00000235665	0.44286987675653	ENSG00000235665	True	False	False	False	False
7-rs7811528	7	rs7811528	2702816	2643246	2760496	0.839	3.08e-08	0.94507	0.0102	pass	2663182.0	1663182.0	3663182.0	0.149010937679171	ENSG00000176349	44.0	0.903150310464138	ENSG00000002822	43.0	0.196306654929396	ENSG00000225981	41.0	0.162321577715777	ENSG00000146540	41.0	0.117538246890744	ENSG00000226291	42.0	0.610447482351226	ENSG00000002822	43.0	0.429768702079117	ENSG00000002822	41.0	0.381233246987523	ENSG00000275572	44.0	0.192682422302731	ENSG00000164850	45.0	0.225519004774303	ENSG00000198517	42.0	0.275085677067949	ENSG00000230487	41.0	0.327833321770145	ENSG00000198517	45.0	0.270743731826841	ENSG00000002822	42.0	0.0436755858906613	ENSG00000146540	33.0	0.610447482351226	ENSG00000002822	0.0436755858906613	ENSG00000146540	0.903150310464138	ENSG00000002822	0.903150310464138	ENSG00000002822	True	False	False	True	True
3-rs11129383	3	rs11129383	30106169	29939169	30248569	0.71	3.083e-08	0.95648	0.008	pass	30064678.0	29064678.0	31064678.0	0.0683931235955839	ENSG00000163513	10.0	0.0537899005251645	ENSG00000261468	10.0	0.0679387546771855	ENSG00000261468	10.0	0.0488096287378655	ENSG00000163513	8.0	0.0444924133542251	ENSG00000261468	9.0	0.0508268318109931	ENSG00000163513	10.0	0.121643043161056	ENSG00000163513	10.0	0.0586453806119944	ENSG00000163513	10.0	0.0729702381322944	ENSG00000261468	10.0	0.0788100265616664	ENSG00000261468	10.0	0.069310246334259	ENSG00000163513	10.0	0.0644816396447069	ENSG00000163513	10.0	0.074926559432443	ENSG00000163513	10.0	0.0379085078509876	ENSG00000163527	8.0	0.0508268318109931	ENSG00000163513	0.0379085078509876	ENSG00000163527	0.121643043161056	ENSG00000163513	0.121643043161056	ENSG00000163513	True	False	False	False	False
17-rs3909258	17	rs3909258	19945819	19614819	20434819	0.533	3.101e-08	0.95945	0.0075	pass	20042506.0	19042506.0	21042506.0	0.181032873115327	ENSG00000176994	51.0	0.163803182226582	ENSG00000083290	53.0	0.571203324144373	ENSG00000227078	55.0	0.150304110865036	ENSG00000177302	55.0	0.389384967605849	ENSG00000154016	59.0	0.303671422273488	ENSG00000128482	56.0	0.273807743245604	ENSG00000128482	53.0	0.548535232544762	ENSG00000128482	59.0	0.302823590758867	ENSG00000235979	53.0	0.189088034138553	ENSG00000176994	55.0	0.444498229480729	ENSG00000287196	55.0	0.107484833286983	ENSG00000260907	50.0	0.578263689641602	ENSG00000235979	49.0	0.167643542378559	ENSG00000189152	39.0	0.303671422273488	ENSG00000128482	0.167643542378559	ENSG00000189152	0.578263689641602	ENSG00000235979	0.578263689641602	ENSG00000235979	True	False	False	False	False
6-rs9341835	6	rs9341835	64126180	63848180	64646180	0.534	3.167e-08	0.95906	0.0075	pass	63416275.0	62416275.0	64416275.0	0.0576599132094991	ENSG00000266680	6.0	0.0683098046368051	ENSG00000266680	6.0	0.0536534010109074	ENSG00000266680	5.0	0.0658109269361894	ENSG00000198225	4.0	0.085389045539527	ENSG00000198225	3.0	0.0488815326718349	ENSG00000266680	6.0	0.0592342975570575	ENSG00000266680	6.0	0.0812549581544136	ENSG00000118482	6.0	0.103578274264671	ENSG00000118482	6.0	0.042722548179492	ENSG00000266680	5.0	0.107455965367619	ENSG00000112232	5.0	0.102879835020769	ENSG00000236345	7.0	0.0984836002130685	ENSG00000236345	7.0	0.0644217326980267	ENSG00000198225	6.0	0.0488815326718349	ENSG00000266680	0.0644217326980267	ENSG00000198225	0.107455965367619	ENSG00000112232	0.107455965367619	ENSG00000112232	True	False	False	False	False
4-rs2905625	4	rs2905625	105445205	105273205	105565005	0.528	3.234e-08	0.96012	0.0074	pass	104524048.0	103524048.0	105524048.0	0.0516613873197735	ENSG00000251259	24.0	0.109813816292113	ENSG00000245384	23.0	0.0727027861405039	ENSG00000251586	22.0	0.0645420832074796	ENSG00000251259	21.0	0.0910129396837136	ENSG00000168772	21.0	0.0847567440640477	ENSG00000169836	23.0	0.0802355228134634	ENSG00000286291	22.0	0.0704770582003249	ENSG00000245384	24.0	0.0761923094740524	ENSG00000251586	24.0	0.0373482147895329	ENSG00000251586	24.0	0.0562024045811523	ENSG00000168772	22.0	0.0668735566501186	ENSG00000251586	21.0	0.0858614205572935	ENSG00000138777	24.0	0.0715021710617467	ENSG00000168769	18.0	0.0847567440640477	ENSG00000169836	0.0715021710617467	ENSG00000168769	0.109813816292113	ENSG00000245384	0.109813816292113	ENSG00000245384	True	False	False	False	False
11-rs1144403	11	rs1144403	104677870	104267870	104915870	0.506	3.363e-08	1.04144	0.0074	pass	104807143.0	103807143.0	105807143.0	0.063512568196174	ENSG00000196954	14.0	0.0848160060275848	ENSG00000256422	15.0	0.0879867233849913	ENSG00000137757	14.0	0.754481663144925	ENSG00000204397	13.0	0.505931600119387	ENSG00000204397	13.0	0.115459438376167	ENSG00000196954	15.0	0.0696645962918447	ENSG00000152578	16.0	0.183851918197953	ENSG00000170962	14.0	0.0926717553312496	ENSG00000152578	14.0	0.0793905796137646	ENSG00000152578	16.0	0.118528682121452	ENSG00000137752	15.0	0.46554377553883	ENSG00000256422	14.0	0.343464116869361	ENSG00000256422	14.0	0.0843233769898178	ENSG00000255221	17.0	0.115459438376167	ENSG00000196954	0.0843233769898178	ENSG00000255221	0.754481663144925	ENSG00000204397	0.754481663144925	ENSG00000204397	True	False	False	False	False
6-rs7773962	6	rs7773962	130583007	130494507	130821007	0.627	3.377e-08	1.04498	0.008	pass	130261862.0	129261862.0	131261862.0	0.0639901524246424	ENSG00000164484	18.0	0.101284633456847	ENSG00000233351	17.0	0.106603476495212	ENSG00000256162	18.0	0.127490907026825	ENSG00000079819	12.0	0.051944398888358	ENSG00000079819	12.0	0.489416549796802	ENSG00000164484	18.0	0.10981876885783	ENSG00000079819	18.0	0.103948846795386	ENSG00000227678	21.0	0.057616327754024	ENSG00000233351	20.0	0.0593046398953308	ENSG00000118507	17.0	0.0758955512969619	ENSG00000079819	17.0	0.30811397698872	ENSG00000203756	17.0	0.305409260280697	ENSG00000233351	17.0	0.713068646861995	ENSG00000164484	17.0	0.489416549796802	ENSG00000164484	0.713068646861995	ENSG00000164484	0.489416549796802	ENSG00000164484	0.713068646861995	ENSG00000164484	True	False	False	False	False
10-rs10995239	10	rs10995239	64388365	64332355	64586365	0.652	3.381e-08	1.04321	0.0077	pass	62628605.0	61628605.0	63628605.0	0.0786134116872485	ENSG00000226426	20.0	0.144634716494543	ENSG00000196932	20.0	0.0797178556887411	ENSG00000237233	19.0	0.0801497260410548	ENSG00000228566	16.0	0.149007061747588	ENSG00000228566	16.0	0.0930584399743429	ENSG00000181915	20.0	0.0928614831729132	ENSG00000226426	20.0	0.0948962306771216	ENSG00000182010	21.0	0.10195790414549	ENSG00000150347	20.0	0.139684775173443	ENSG00000196932	20.0	0.144324308411406	ENSG00000150347	19.0	0.101180864812991	ENSG00000150347	18.0	0.0871119338911829	ENSG00000196932	17.0	0.0502823799620294	ENSG00000171988	14.0	0.0930584399743429	ENSG00000181915	0.0502823799620294	ENSG00000171988	0.149007061747588	ENSG00000228566	0.149007061747588	ENSG00000228566	True	False	False	False	False
1-rs11122119	1	rs11122119	6768856	6527856	6916956	0.678	3.503e-08	0.9581	0.0078	pass	6708796.0	5708796.0	7708796.0	0.101146984022734	ENSG00000116237	38.0	0.248316355757127	ENSG00000236948	38.0	0.437980911992381	ENSG00000097021	39.0	0.138387341403444	ENSG00000041988	40.0	0.171246795335521	ENSG00000041988	42.0	0.208183243114443	ENSG00000171680	37.0	0.142630638557625	ENSG00000097021	37.0	0.139900632273299	ENSG00000116251	39.0	0.497099345862137	ENSG00000270035	42.0	0.141623628305053	ENSG00000187017	38.0	0.220849032246002	ENSG00000270035	39.0	0.119961458454635	ENSG00000116254	38.0	0.111041421604767	ENSG00000158292	41.0	0.10201496156396	ENSG00000162413	28.0	0.208183243114443	ENSG00000171680	0.10201496156396	ENSG00000162413	0.497099345862137	ENSG00000270035	0.497099345862137	ENSG00000270035	True	False	False	False	False
12-rs11064369	12	rs11064369	6866827	6803627	6928227	0.654	3.544e-08	0.9582	0.0077	pass	6757661.0	5757661.0	7757661.0	0.279416055108573	ENSG00000010610	90.0	0.171686470037321	ENSG00000256433	88.0	0.168990487997312	ENSG00000010610	91.0	0.203764288463598	ENSG00000111652	91.0	0.438314585511685	ENSG00000089693	92.0	0.307775188897987	ENSG00000111652	91.0	0.186499843526726	ENSG00000205885	88.0	0.312044768417741	ENSG00000111684	93.0	0.849134362179672	ENSG00000285770	93.0	0.36311357701175	ENSG00000270068	91.0	0.582671461795215	ENSG00000139194	88.0	0.245965453049017	ENSG00000269892	86.0	0.342231266174454	ENSG00000269892	88.0	0.0810626136525199	ENSG00000111641	73.0	0.307775188897987	ENSG00000111652	0.0810626136525199	ENSG00000111641	0.849134362179672	ENSG00000285770	0.849134362179672	ENSG00000285770	True	False	False	True	True
9-rs72761691	9	rs72761691	134786548	134694148	135038548	0.864	3.627e-08	0.94195	0.0109	pass	131911161.0	130911161.0	132911161.0	0.161767570982148	ENSG00000165698	56.0	0.166362135924608	ENSG00000165698	55.0	0.0897936441649694	ENSG00000126878	59.0	0.185369955158348	ENSG00000130717	58.0	0.106868878631447	ENSG00000196358	60.0	0.0961325216758314	ENSG00000130720	57.0	0.146557120481255	ENSG00000165699	55.0	0.153487876299209	ENSG00000165698	57.0	0.126341789290545	ENSG00000288989	59.0	0.169120376404954	ENSG00000288701	59.0	0.140020391124391	ENSG00000196358	57.0	0.133200686188336	ENSG00000224992	58.0	0.147335500304707	ENSG00000107290	59.0	0.0731386956837061	ENSG00000125482	55.0	0.0961325216758314	ENSG00000130720	0.0731386956837061	ENSG00000125482	0.185369955158348	ENSG00000130717	0.185369955158348	ENSG00000130717	True	False	False	False	False
4-rs7681616	4	rs7681616	143806223	143479223	143974223	0.767	3.652e-08	1.04854	0.0086	pass	142885070.0	141885070.0	143885070.0	0.103956658342796	ENSG00000183090	20.0	0.0799549950490382	ENSG00000109458	19.0	0.176020958905291	ENSG00000251600	17.0	0.112570203450577	ENSG00000250969	14.0	0.29068511575624	ENSG00000109458	14.0	0.157880141212248	ENSG00000251600	19.0	0.192555173078605	ENSG00000251600	19.0	0.137148060616339	ENSG00000164161	19.0	0.128649821050461	ENSG00000251600	18.0	0.102253054272357	ENSG00000251600	16.0	0.0632420086701051	ENSG00000245112	15.0	0.0960925631212054	ENSG00000109452	17.0	0.0910638678210073	ENSG00000164161	17.0	0.0378143410661958	ENSG00000153147	12.0	0.157880141212248	ENSG00000251600	0.0378143410661958	ENSG00000153147	0.29068511575624	ENSG00000109458	0.29068511575624	ENSG00000109458	True	False	False	False	False
7-rs12671608	7	rs12671608	153524115	153469155	153579205	0.872	3.656e-08	0.9428	0.0107	pass	153827030.0	152827030.0	154827030.0	0.0907837252481609	ENSG00000285524	28.0	0.0718191270794177	ENSG00000285524	28.0	0.0495392975380662	ENSG00000285524	31.0	0.112215657974865	ENSG00000287610	40.0	0.0634369238564671	ENSG00000286461	40.0	0.0850595663590691	ENSG00000130226	29.0	0.0897208760538799	ENSG00000286461	28.0	0.0529044100397232	ENSG00000130226	28.0	0.0651955861763854	ENSG00000130226	28.0	0.0991173306195848	ENSG00000285524	31.0	0.0575206352647861	ENSG00000286461	30.0	0.159012062146293	ENSG00000286461	32.0	0.057915535261317	ENSG00000286461	30.0	0.0336203371279837	ENSG00000130226	14.0	0.0850595663590691	ENSG00000130226	0.0336203371279837	ENSG00000130226	0.159012062146293	ENSG00000286461	0.159012062146293	ENSG00000286461	True	False	False	False	False
11-rs4923457	11	rs4923457	27648580	27424580	27780580	0.763	3.892e-08	1.04875	0.0087	pass	27627033.0	26627033.0	28627033.0	0.136668353821368	ENSG00000148942	13.0	0.162618321015926	ENSG00000148943	11.0	0.41690091882624	ENSG00000148942	16.0	0.0852098977923589	ENSG00000129151	10.0	0.12645428080025	ENSG00000205213	10.0	0.178320569171015	ENSG00000148943	11.0	0.0738603837942946	ENSG00000176971	12.0	0.138113662993081	ENSG00000176697	14.0	0.0967139061348331	ENSG00000148943	13.0	0.0664317869821705	ENSG00000121621	18.0	0.220515268307669	ENSG00000148942	15.0	0.148753923695512	ENSG00000176697	12.0	0.133247152063581	ENSG00000255496	13.0	0.17203789418624	ENSG00000148943	11.0	0.178320569171015	ENSG00000148943	0.17203789418624	ENSG00000148943	0.41690091882624	ENSG00000148942	0.41690091882624	ENSG00000148942	True	False	False	False	False
9-rs1319017	9	rs1319017	84736303	84471303	85150303	0.584	4.014e-08	0.95782	0.0079	pass	82121388.0	81121388.0	83121388.0	0.0638350592111987	ENSG00000233926	15.0	0.0721658404621669	ENSG00000196781	14.0	0.393787406039287	ENSG00000165105	16.0	0.0887589677736042	ENSG00000196781	14.0	0.0609457162920567	ENSG00000196781	13.0	0.159547109385878	ENSG00000233926	14.0	0.0651483574030607	ENSG00000165105	15.0	0.149027459002944	ENSG00000237529	17.0	0.0853263910354805	ENSG00000233926	17.0	0.0768951225004829	ENSG00000233926	17.0	0.0954926423195933	ENSG00000233926	13.0	0.069440002615924	ENSG00000237529	13.0	0.0564909662920431	ENSG00000286451	14.0	0.339431448707929	ENSG00000196781	13.0	0.159547109385878	ENSG00000233926	0.339431448707929	ENSG00000196781	0.393787406039287	ENSG00000165105	0.393787406039287	ENSG00000165105	True	False	False	False	False
2-rs11685270	2	rs11685270	193925642	193615642	194379642	0.493	4.087e-08	1.04112	0.0074	pass	193060916.0	192060916.0	194060916.0	0.0877907809856041	ENSG00000225539	9.0	0.114278396034726	ENSG00000225539	8.0	0.0667622714332983	ENSG00000168497	7.0	0.0701505212951049	ENSG00000144339	5.0	0.0647520564232421	ENSG00000168497	5.0	0.106836332688594	ENSG00000144339	8.0	0.0577597650046681	ENSG00000225539	8.0	0.113878292169398	ENSG00000286358	9.0	0.0679032901127228	ENSG00000286358	8.0	0.0814053468896914	ENSG00000286358	8.0	0.09654569277424	ENSG00000144339	7.0	0.0634461476495907	ENSG00000144339	7.0	0.0748552193405542	ENSG00000286358	8.0	0.0448847494566788	ENSG00000168497	5.0	0.106836332688594	ENSG00000144339	0.0448847494566788	ENSG00000168497	0.114278396034726	ENSG00000225539	0.114278396034726	ENSG00000225539	True	False	False	False	False
2-rs35026989	2	rs35026989	155921286	155611286	156468286	0.806	4.125e-08	0.94819	0.0097	pass	155064774.0	154064774.0	156064774.0	0.0863474388673885	ENSG00000162989	8.0	0.132918729609818	ENSG00000162989	7.0	0.113451879019398	ENSG00000144278	7.0	0.0596782765120674	ENSG00000177519	9.0	0.149622113500576	ENSG00000153234	9.0	0.136735980353545	ENSG00000287900	7.0	0.360594079594383	ENSG00000287900	7.0	0.0716703214368825	ENSG00000177519	7.0	0.245861551694291	ENSG00000162989	7.0	0.150821388008577	ENSG00000162989	7.0	0.113949746179857	ENSG00000153234	7.0	0.153575735393264	ENSG00000162989	8.0	0.0997783420915554	ENSG00000162989	8.0	0.16020833958172	ENSG00000177519	5.0	0.136735980353545	ENSG00000287900	0.16020833958172	ENSG00000177519	0.360594079594383	ENSG00000287900	0.360594079594383	ENSG00000287900	True	False	False	False	False
1-rs61838368	1	rs61838368	146963986	146647986	147034386	0.837	4.291e-08	0.94753	0.0098	pass	147492170.0	146492170.0	148492170.0	0.338893422860142	ENSG00000131781	36.0	0.109348513109581	ENSG00000265107	32.0	0.224863768125085	ENSG00000234283	31.0	0.0991404039015506	ENSG00000224481	38.0	0.185923754915592	ENSG00000224481	37.0	0.407222057752128	ENSG00000234283	36.0	0.164031535530837	ENSG00000131781	34.0	0.116995718750705	ENSG00000188092	34.0	0.114802356241692	ENSG00000234283	32.0	0.14720519168897	ENSG00000131778	29.0	0.201966755054249	ENSG00000272824	30.0	0.105019100162582	ENSG00000265107	31.0	0.131451569425187	ENSG00000272824	30.0	0.110819724860336	ENSG00000236334	20.0	0.407222057752128	ENSG00000234283	0.110819724860336	ENSG00000236334	0.407222057752128	ENSG00000234283	0.407222057752128	ENSG00000234283	True	False	False	False	False
14-rs221902	14	rs221902	71601079	71301079	71754079	0.398	4.467e-08	1.04164	0.0075	pass	71134362.0	70134362.0	72134362.0	0.504381703371746	ENSG00000100731	42.0	0.482820138117313	ENSG00000100731	43.0	0.196657502411138	ENSG00000100731	41.0	0.741246773226558	ENSG00000100731	43.0	0.329416383901744	ENSG00000119599	43.0	0.402333766689235	ENSG00000182732	44.0	0.448146340525722	ENSG00000205683	42.0	0.793846307344053	ENSG00000100731	42.0	0.242599435597821	ENSG00000100731	45.0	0.626023382600573	ENSG00000100731	43.0	0.387475848041448	ENSG00000100731	40.0	0.18842523982577	ENSG00000258871	38.0	0.303179325608838	ENSG00000258644	41.0	0.401124590759436	ENSG00000182732	26.0	0.402333766689235	ENSG00000182732	0.401124590759436	ENSG00000182732	0.793846307344053	ENSG00000100731	0.793846307344053	ENSG00000100731	True	False	False	False	False
22-rs76365544	22	rs76365544	44146279	43906279	44255879	0.977	4.495e-08	1.19602	0.0327	pass	43750399.0	42750399.0	44750399.0	0.135061853597493	ENSG00000273353	66.0	0.292886432998461	ENSG00000230922	68.0	0.140370945761403	ENSG00000100271	68.0	0.2820894471868	ENSG00000230319	61.0	0.11045199256008	ENSG00000273243	63.0	0.256531810210458	ENSG00000230319	67.0	0.14030276142143	ENSG00000100271	68.0	0.0701691678983146	ENSG00000100266	67.0	0.099513823289599	ENSG00000138964	68.0	0.187615379530322	ENSG00000230319	67.0	0.119364882591455	ENSG00000138944	66.0	0.107621980184188	ENSG00000093000	63.0	0.16855310751563	ENSG00000230319	64.0	0.0667804947403449	ENSG00000188636	50.0	0.256531810210458	ENSG00000230319	0.0667804947403449	ENSG00000188636	0.292886432998461	ENSG00000230922	0.292886432998461	ENSG00000230922	True	False	False	False	False
17-rs2189336	17	rs2189336	5326162	4972162	5465662	0.407	4.516e-08	1.04477	0.008	pass	5422842.0	4422842.0	6422842.0	0.624709550056041	ENSG00000029725	127.0	0.488259155334048	ENSG00000029725	123.0	0.92723222774925	ENSG00000029725	127.0	0.562132836386333	ENSG00000108561	121.0	0.402113233907994	ENSG00000167840	122.0	0.358510356738667	ENSG00000029725	125.0	0.937336186999943	ENSG00000029725	123.0	0.626250187979225	ENSG00000029725	127.0	0.425631489113706	ENSG00000129204	127.0	0.793678367917836	ENSG00000029725	126.0	0.813563596371115	ENSG00000108559	125.0	0.911344150369341	ENSG00000029725	126.0	0.606586890105754	ENSG00000167840	123.0	0.869283786092164	ENSG00000167842	106.0	0.358510356738667	ENSG00000029725	0.869283786092164	ENSG00000167842	0.937336186999943	ENSG00000029725	0.937336186999943	ENSG00000029725	True	False	True	True	True
3-rs77174383	3	rs77174383	45317571	45211971	45441171	0.878	4.568e-08	0.9429	0.0108	pass	45276079.0	44276079.0	46276079.0	0.179509012391306	ENSG00000169981	55.0	0.210923085776227	ENSG00000271192	54.0	0.127211955875356	ENSG00000271937	55.0	0.146183114716521	ENSG00000011376	53.0	0.247740940760277	ENSG00000163812	53.0	0.698060547858999	ENSG00000163820	55.0	0.160080787051519	ENSG00000160746	54.0	0.100879469687192	ENSG00000185219	56.0	0.214987000979421	ENSG00000169964	58.0	0.312554440518977	ENSG00000160746	54.0	0.215218850810111	ENSG00000169981	53.0	0.166861182913488	ENSG00000249992	55.0	0.111693501549154	ENSG00000230530	56.0	0.137930270367439	ENSG00000183625	48.0	0.698060547858999	ENSG00000163820	0.137930270367439	ENSG00000183625	0.698060547858999	ENSG00000163820	0.698060547858999	ENSG00000163820	True	False	False	False	False
4-rs982012	4	rs982012	156217478	156083178	156388478	0.369	4.715e-08	0.95762	0.0079	pass	155296326.0	154296326.0	156296326.0	0.14915868902825	ENSG00000256043	23.0	0.187118162053373	ENSG00000061918	23.0	0.231764444276271	ENSG00000164114	23.0	0.0842139045071096	ENSG00000171566	18.0	0.627897794009689	ENSG00000164116	18.0	0.150780739305404	ENSG00000256043	23.0	0.113799624645467	ENSG00000164114	22.0	0.0986921368218804	ENSG00000164114	24.0	0.0793234235934834	ENSG00000256043	24.0	0.106138768915072	ENSG00000121207	23.0	0.0669580596030574	ENSG00000164114	23.0	0.109386040126981	ENSG00000171557	24.0	0.155281844017007	ENSG00000256043	24.0	0.148407945078658	ENSG00000164114	22.0	0.150780739305404	ENSG00000256043	0.148407945078658	ENSG00000164114	0.627897794009689	ENSG00000164116	0.627897794009689	ENSG00000164116	True	False	False	False	False
7-rs3923569	7	rs3923569	70768717	70697817	70878717	0.322	4.780000000000001e-08	0.95849	0.0078	pass	71303731.0	70303731.0	72303731.0	0.113354795243417	ENSG00000285886	10.0	0.198558333449538	ENSG00000277149	10.0	0.141548370037012	ENSG00000155428	10.0	0.108147205297332	ENSG00000277149	10.0	0.0652747793399448	ENSG00000289042	10.0	0.595568595651924	ENSG00000183166	10.0	0.100171665702591	ENSG00000196313	10.0	0.0751543174205359	ENSG00000272843	10.0	0.1094482426688	ENSG00000196313	10.0	0.788963743692877	ENSG00000272843	10.0	0.124910037669073	ENSG00000277149	10.0	0.304793666389724	ENSG00000183166	10.0	0.121308106127405	ENSG00000277149	10.0	0.429016597815289	ENSG00000183166	9.0	0.595568595651924	ENSG00000183166	0.429016597815289	ENSG00000183166	0.788963743692877	ENSG00000272843	0.788963743692877	ENSG00000272843	True	False	False	False	False
17-rs7225476	17	rs7225476	78561603	78406603	78788603	0.457	4.9270000000000004e-08	0.96117	0.0073	pass	80587803.0	79587803.0	81587803.0	0.685214443734834	ENSG00000261924	126.0	0.648297811890175	ENSG00000261924	124.0	0.258382567301033	ENSG00000141527	129.0	0.772896970853546	ENSG00000261978	129.0	0.531120446998523	ENSG00000262172	129.0	0.687440828744867	ENSG00000261924	126.0	0.684685739013369	ENSG00000261924	124.0	0.365298492443137	ENSG00000261924	127.0	0.561466173048792	ENSG00000261924	133.0	0.646179561337672	ENSG00000261924	127.0	0.388588928229052	ENSG00000214087	126.0	0.160083764934614	ENSG00000287431	125.0	0.134625018231463	ENSG00000173894	122.0	0.534424646938676	ENSG00000186765	79.0	0.687440828744867	ENSG00000261924	0.534424646938676	ENSG00000186765	0.772896970853546	ENSG00000261978	0.772896970853546	ENSG00000261978	True	False	False	False	False
12-rs10777341	12	rs10777341	92256818	92193218	92435818	0.386	4.986e-08	0.95916	0.0076	pass	91863042.0	90863042.0	92863042.0	0.0564577494247776	ENSG00000011465	13.0	0.100186689376439	ENSG00000277851	15.0	0.14991598102319	ENSG00000011465	15.0	0.0699262708825177	ENSG00000286907	21.0	0.108495953139108	ENSG00000011465	21.0	0.185902265066001	ENSG00000011465	16.0	0.219548064370722	ENSG00000133639	16.0	0.0545703966727745	ENSG00000133639	16.0	0.147401892366157	ENSG00000133639	15.0	0.0464402855749347	ENSG00000277738	16.0	0.0549847809642685	ENSG00000011465	14.0	0.165170104725587	ENSG00000257242	17.0	0.119907373942272	ENSG00000139329	16.0	0.0755942485170717	ENSG00000011465	14.0	0.185902265066001	ENSG00000011465	0.0755942485170717	ENSG00000011465	0.219548064370722	ENSG00000133639	0.219548064370722	ENSG00000133639	True	False	False	False	False
5-rs12514660	5	rs12514660	63727966	63257966	63786386	0.356	4.988e-08	0.95762	0.0079	pass	64432139.0	63432139.0	65432139.0	0.102778736593955	ENSG00000164197	20.0	0.121504602808897	ENSG00000164197	19.0	0.605169963032248	ENSG00000164197	21.0	0.631608504950127	ENSG00000164197	17.0	0.700311499636047	ENSG00000164197	16.0	0.893954804934139	ENSG00000164197	19.0	0.384394298983282	ENSG00000164197	19.0	0.551882998513133	ENSG00000164197	22.0	0.113311727837336	ENSG00000164197	21.0	0.729888490174895	ENSG00000164197	21.0	0.605910860059883	ENSG00000164197	20.0	0.152714727902182	ENSG00000153006	20.0	0.263071197039409	ENSG00000164197	21.0	0.475035608453802	ENSG00000123219	17.0	0.893954804934139	ENSG00000164197	0.475035608453802	ENSG00000123219	0.893954804934139	ENSG00000164197	0.893954804934139	ENSG00000164197	True	True	False	True	True
23-rs1378559	23	rs1378559	21380266	20828266	21899266	0.835	1.9e-18	1.08264	0.0091	skipped_chrX																																																						False	False	False	False	False
23-rs11539157	23	rs11539157	68381264	68304664	68445964	0.771	3.978e-14	0.93819	0.0084	skipped_chrX																																																						False	False	False	False	False
23-rs5943630	23	rs5943630	29276212	29174012	29408812	0.354	1.126e-10	1.04352	0.0066	skipped_chrX																																																						False	False	False	False	False
23-rs5961395	23	rs5961395	5912903	5697903	6176903	0.392	6.379e-10	1.03977	0.0063	skipped_chrX																																																						False	False	False	False	False
23-rs12840919	23	rs12840919	12202445	12065645	12322845	0.863	2.802e-08	0.95151	0.009	skipped_chrX																																																						False	False	False	False	False
