locus_id	expression_orphan_locus	gene	gene_symbol	gene_name_gencode	tier	chain_score	cpg	cpg_gwas_pp4	pp_h4	n_shared	cpg_tss_dist	direct_expression_pp4
1-rs10559	False	ENSG00000163357	DCST1	DCST1	high	0.982735100039383	cg06221963	0.982735100039383	0.988935989494506	379.0	166487.0	0.813120058988831
1-rs10559	False	ENSG00000143578	CREB3L4	CREB3L4	high	0.981533702747237	cg05761535	0.981533702747237	0.989206435116565	93.0	180315.0	0.732301024400645
1-rs10559	False	ENSG00000143552	NUP210L	NUP210L	high	0.978922295914885	cg05761535	0.981533702747237	0.978922295914885	93.0	367897.0	0.0995742907875405
1-rs10559	False	ENSG00000143603	KCNN3	KCNN3	high	0.965853269533755	cg06950309	0.980147525676911	0.965853269533755	371.0	558.0	0.194609746538239
1-rs10559	False	ENSG00000143614	GATAD2B	GATAD2B	high	0.94255584895763	cg05761535	0.981533702747237	0.94255584895763	93.0	135756.0	0.763126047912439
1-rs10559	False	ENSG00000143612	C1orf43	C1orf43	high	0.915239972675059	cg14859874	0.915239972675059	0.940678547350243	40.0	45161.0	0.241625119652285
1-rs10559	False	ENSG00000160685	ZBTB7B	ZBTB7B	high	0.900687328580069	cg22495191	0.900687328580069	0.97755154184945	391.0	140834.0	0.564816871298231
1-rs10559	False	ENSG00000169231	THBS3	THBS3	high	0.900687328580069	cg22495191	0.900687328580069	0.997299785268934	391.0	344549.0	0.659403077591515
1-rs10559	False	ENSG00000184330	S100A7A	S100A7A	high	0.853421202824961	cg26008365	0.853421202824961	0.891501162808025	174.0	569797.0	0.608787267428231
1-rs10559	False	ENSG00000163344	PMVK	PMVK	high	0.826545890276468	cg14980020	0.826545890276468	0.858189428645098	41.0	82795.0	0.161769172991455
1-rs10559	False	ENSG00000163354	DCST2	DCST2	high	0.826545890276468	cg14980020	0.826545890276468	0.995312310791506	41.0	13995.0	0.819811619136094
1-rs10559	False	ENSG00000160710	ADAR	ADAR	high	0.80702982149157	cg03040522	0.80702982149157	0.989885803457419	315.0	823.0	0.0994805728720594
1-rs10559	False	ENSG00000163346	PBXIP1	PBXIP1	high	0.802664712286023	cg14980020	0.826545890276468	0.802664712286023	41.0	63663.0	0.16757744084782
1-rs10559	False	ENSG00000143575	HAX1	HAX1	suggestive	0.768833924771514	cg15831722	0.978213143247978	0.768833924771514	29.0	324640.0	0.322108746045303
1-rs10559	False	ENSG00000198837	DENND4B	DENND4B	suggestive	0.749942563597255	cg15831722	0.978213143247978	0.749942563597255	29.0	1175.0	0.14498982180453
1-rs10559	False	ENSG00000159527	PGLYRP3	PGLYRP3	suggestive	0.716302248253534	cg26008365	0.853421202824961	0.716302248253534	174.0	675603.0	0.392775371541524
1-rs11122119	True	ENSG00000215788	TNFRSF25	TNFRSF25	suggestive	0.696895431705831	cg05389555	0.985197408716899	0.696895431705831	30.0	133249.0	0.0974584582002938
1-rs11122119	True	ENSG00000007923	DNAJC11	DNAJC11	suggestive	0.693466972804087	cg19508900	0.889786948408894	0.693466972804087	346.0	122246.0	0.115220864314969
1-rs12126806	False	ENSG00000162702	ZNF281	ZNF281	high	0.940211409917711	cg22450933	0.992116850826278	0.940211409917711	352.0	3941.0	0.852757147107456
1-rs12126806	False	ENSG00000118197	DDX59	DDX59	high	0.926649784892004	cg07344172	0.932915454758797	0.926649784892004	464.0	341391.0	0.0411121879774144
1-rs12126806	False	ENSG00000170128	GPR25	GPR25	high	0.923596097324353	cg07344172	0.932915454758797	0.923596097324353	464.0	138405.0	0.075425888593114
1-rs12126806	False	ENSG00000118193	KIF14	KIF14	suggestive	0.583091412279528	cg22450933	0.992116850826278	0.583091412279528	352.0	206737.0	3.54376539561634e-06
1-rs12138231	False	ENSG00000163125	RPRD2	RPRD2	high	0.95925087619059	cg14416302	0.960393034079895	0.95925087619059	281.0	198572.0	0.241146825077528
1-rs12138231	False	ENSG00000163131	CTSS	CTSS	high	0.940511881150021	cg23369564	0.950974623545105	0.940511881150021	92.0	614699.0	0.103702810989854
1-rs12138231	False	ENSG00000136631	VPS45	VPS45	high	0.936447504637843	cg23369564	0.950974623545105	0.936447504637843	92.0	84365.0	0.515000608877157
1-rs12138231	False	ENSG00000023902	PLEKHO1	PLEKHO1	high	0.920633511615796	cg23369564	0.950974623545105	0.920633511615796	92.0	2361.0	0.656274824183055
1-rs12138231	False	ENSG00000117360	PRPF3	PRPF3	high	0.875359694766606	cg14416302	0.960393034079895	0.875359694766606	281.0	240214.0	0.0869773862615004
1-rs12138231	False	ENSG00000143401	ANP32E	ANP32E	high	0.852797754503421	cg23369564	0.950974623545105	0.852797754503421	92.0	84770.0	0.697151659689219
1-rs12138231	False	ENSG00000143434	SEMA6C	SEMA6C	suggestive	0.795752111300705	cg25066665	0.821227027035422	0.795752111300705	146.0	783597.0	0.136151085488442
1-rs12138231	False	ENSG00000143374	TARS2	TARS2	suggestive	0.770058206399903	cg20785674	0.845437268495267	0.770058206399903	92.0	336397.0	0.155391587628826
1-rs12138231	False	ENSG00000286219	NOTCH2NLC		suggestive	0.731154173442507	cg25066665	0.821227027035422	0.731154173442507	124.0		0.179763059298183
1-rs12138231	False	ENSG00000143409	MINDY1	FAM63A	suggestive	0.68138205789913	cg23369564	0.950974623545105	0.68138205789913	92.0	857117.0	0.107743375955775
1-rs12138231	False	ENSG00000159352	PSMD4	PSMD4	suggestive	0.608607099452366	cg26799398	0.813807165204991	0.608607099452366	225.0	747670.0	0.178691403426426
1-rs2252865	False	ENSG00000142599	RERE	RERE	high	0.969251137309443	cg04994795	0.969251137309443	0.970568604315137	352.0	473652.0	0.948826228280432
1-rs2252865	False	ENSG00000162426	SLC45A1	SLC45A1	high	0.929539567783599	cg09117622	0.929539567783599	0.977589241906076	321.0	43392.0	0.338653938579806
1-rs2494638	False	ENSG00000169885	CALML6	CALML6	high	0.962337317522623	cg17434257	0.962337317522623	0.987175585109089	371.0	325.0	0.102150729205592
1-rs2494638	False	ENSG00000178821	TMEM52	TMEM52	high	0.936442982971775	cg17434257	0.962337317522623	0.936442982971775	371.0	4121.0	0.140835563886434
1-rs2494638	False	ENSG00000215790	SLC35E2A	SLC35E2	high	0.811022119163946	cg10207218	0.849222293724849	0.811022119163946	162.0	36709.0	5.23062897822172e-07
1-rs2494638	False	ENSG00000189339	SLC35E2B	SLC35E2B	suggestive	0.782103599688972	cg26031954	0.874805876901556	0.782103599688972	308.0	515160.0	9.69618328100636e-05
1-rs2494638	False	ENSG00000186827	TNFRSF4	TNFRSF4	suggestive	0.651866612219703	cg10207218	0.849222293724849	0.651866612219703	162.0	564622.0	0.132673456362775
1-rs2494638	False	ENSG00000142606	MMEL1	MMEL1	suggestive	0.541271519395432	cg05937445	0.810474619556184	0.541271519395432	314.0	428892.0	0.0662654669051453
1-rs2970610	True	ENSG00000159479	MED8	MED8	high	0.962387908842494	cg12517577	0.962387908842494	0.987860498213282	294.0	85990.0	0.105628660687191
1-rs2970610	True	ENSG00000198198	SZT2	SZT2	high	0.962387908842494	cg12517577	0.962387908842494	0.988216665763841	294.0	86064.0	0.144794418938502
1-rs2970610	True	ENSG00000142949	PTPRF	PTPRF	high	0.882031924028454	cg04131194	0.882031924028454	0.917606865022583	275.0	414409.0	0.178216623008496
1-rs2970610	True	ENSG00000066056	TIE1	TIE1	high	0.875044376971784	cg18175779	0.875044376971784	0.984459160519478	288.0	4187.0	0.0861322373578935
1-rs2970610	True	ENSG00000066322	ELOVL1	ELOVL1	high	0.875044376971784	cg18175779	0.875044376971784	0.959927916156827	288.0	62845.0	0.0896353770443606
1-rs2970610	True	ENSG00000117399	CDC20	CDC20	high	0.875044376971784	cg18175779	0.875044376971784	0.994186066740751	288.0	53775.0	0.0925463032192964
1-rs2970610	True	ENSG00000179178	TMEM125	TMEM125	high	0.875044376971784	cg18175779	0.875044376971784	0.965592543471194	288.0	35186.0	0.134078578431894
1-rs2970610	True	ENSG00000253313	C1orf210	C1orf210	high	0.859136001517244	cg11731606	0.859136001517244	0.946494379855822	286.0	19611.0	0.131656735964325
1-rs2970610	True	ENSG00000117400	MPL	MPL	high	0.855936169001011	cg01143426	0.857744715919381	0.855936169001011	230.0	8915.0	0.137543319924658
1-rs2970610	True	ENSG00000117407	ARTN	ARTN	suggestive	0.740718269043828	cg12517577	0.962387908842494	0.740718269043828	294.0	629503.0	0.503652741627673
1-rs2970610	True	ENSG00000283039	KLF18		suggestive	0.669640274983826	cg04131194	0.882031924028454	0.669640274983826	275.0		0.0458743730269237
1-rs56335113	True	ENSG00000060656	PTPRU	PTPRU	high	0.954001288588636	cg20013177	0.954001288588636	0.984679542516482	534.0	864069.0	0.311619499371352
1-rs61786047	True	ENSG00000169403	PTAFR	PTAFR	suggestive	0.786409890238802	cg08366446	0.982558056271156	0.786409890238802	320.0	618489.0	0.365473563366882
1-rs61786047	True	ENSG00000060656	PTPRU	PTPRU	suggestive	0.659086375254206	cg18141828	0.9681866602911	0.659086375254206	319.0	423907.0	0.0798141089773097
1-rs61786047	True	ENSG00000159023	EPB41	EPB41	suggestive	0.551365161162116	cg08366446	0.982558056271156	0.551365161162116	320.0	74667.0	0.32823022115056
1-rs61828917	False	ENSG00000162753	SLC9C2	SLC9C2	high	0.996178919023654	cg06124660	0.996178919023654	0.997149534552386	411.0	183167.0	0.990887252167932
1-rs61828917	False	ENSG00000183831	ANKRD45	ANKRD45	high	0.992287085452255	cg06124660	0.996178919023654	0.992287085452255	411.0	249935.0	0.986527413696572
1-rs61828917	False	ENSG00000117601	SERPINC1	SERPINC1	suggestive	0.779214376616479	cg02586268	0.846693411748555	0.779214376616479	252.0	2949.0	0.518208702645317
1-rs61828917	False	ENSG00000152061	RABGAP1L	RABGAP1L	suggestive	0.675392706462462	cg06124660	0.996178919023654	0.675392706462462	411.0	739482.0	0.492584268662278
1-rs61833239	True	ENSG00000117020	AKT3	AKT3	high	0.943132728884853	cg17216385	0.943132728884853	0.943498963731228	240.0	372927.0	0.150684993243707
1-rs61833239	True	ENSG00000054282	SDCCAG8	SDCCAG8	high	0.804763789322272	cg05759347	0.856731466092698	0.804763789322272	205.0	2597.0	0.0950229861305938
1-rs645383	False	ENSG00000116819	TFAP2E	TFAP2E	high	0.932846776443278	cg04411044	0.985825986696138	0.932846776443278	160.0	152689.0	0.958425964447419
1-rs645383	False	ENSG00000134698	AGO4	AGO4	high	0.925800447863268	cg02639366	0.942891930669226	0.925800447863268	154.0	1266.0	0.737532223587539
1-rs645383	False	ENSG00000197056	ZMYM1	ZMYM1	high	0.910360970172226	cg03455250	0.910360970172226	0.959435211652405	140.0	83149.0	0.175637221270112
1-rs645383	False	ENSG00000142687	KIAA0319L	KIAA0319L	high	0.863697450399348	cg03455250	0.910360970172226	0.863697450399348	140.0	581313.0	0.116101382391062
1-rs6588168	True	ENSG00000162433	AK4	AK4	high	0.826807942433163	cg26524552	0.826807942433163	0.959134513308843	404.0	3065.0	0.104276488688456
1-rs7515363	False	ENSG00000162702	ZNF281	ZNF281	high	0.940211409917711	cg22450933	0.992116850826278	0.940211409917711	352.0	3941.0	0.844379493343978
1-rs7515363	False	ENSG00000118197	DDX59	DDX59	high	0.926649784892004	cg07344172	0.932915454758797	0.926649784892004	464.0	341391.0	0.0410341381369428
1-rs7515363	False	ENSG00000170128	GPR25	GPR25	high	0.923596097324353	cg07344172	0.932915454758797	0.923596097324353	464.0	138405.0	0.0772183967944584
1-rs7515363	False	ENSG00000118193	KIF14	KIF14	suggestive	0.583091412279528	cg22450933	0.992116850826278	0.583091412279528	352.0	206737.0	3.54375680071717e-06
10-rs12571643	True	ENSG00000148842	CNNM2	CNNM2	high	0.948933519989973	cg07119830	0.948933519989973	0.982807727279351	25.0	265744.0	0.196260263889187
10-rs12571643	True	ENSG00000076685	NT5C2	NT5C2	high	0.900539693911242	cg12798274	0.968719225134999	0.900539693911242	198.0	201011.0	0.120518337551372
10-rs12571643	True	ENSG00000148798	INA	INA	high	0.842479851466101	cg11667101	0.842479851466101	0.888489510310224	180.0	90661.0	0.132995841651417
10-rs12571643	True	ENSG00000138111	MFSD13A	TMEM180	high	0.841237148225884	cg10949319	0.904458213311571	0.841237148225884	127.0	932915.0	0.0633118535085594
10-rs12571643	True	ENSG00000138172	CALHM2	CALHM2	high	0.829474827781387	cg10949319	0.904458213311571	0.829474827781387	198.0	58596.0	0.188139589829379
10-rs12571643	True	ENSG00000156374	PCGF6	PCGF6	suggestive	0.727068920432526	cg11667101	0.842479851466101	0.727068920432526	180.0	16690.0	0.134104120026428
10-rs12571643	True	ENSG00000183128	CALHM3	CALHM3	suggestive	0.618566351217593	cg25104397	0.997672448116615	0.618566351217593	361.0	703077.0	0.327447435647449
10-rs12571643	True	ENSG00000197748	CFAP43	WDR96	suggestive	0.583817992748194	cg11667101	0.842479851466101	0.583817992748194	180.0	864539.0	0.176470140954426
10-rs12571643	True	ENSG00000185933	CALHM1	CALHM1	suggestive	0.531822346600856	cg10949319	0.904458213311571	0.531822346600856	198.0	64581.0	0.0965556430435546
10-rs7900775	True	ENSG00000148834	GSTO1	GSTO1	high	0.85543935005715	cg10088790	0.85543935005715	0.879350508870175	306.0	34223.0	0.115137830896258
10-rs7900775	True	ENSG00000065621	GSTO2	GSTO2	suggestive	0.596679889830431	cg10088790	0.85543935005715	0.596679889830431	306.0	706.0	0.126869577894239
11-rs10767735	True	ENSG00000176971	FIBIN	FIBIN	suggestive	0.661262335835632	cg12508693	0.850363500677919	0.661262335835632	128.0	641997.0	0.612808502184313
11-rs11227250	False	ENSG00000172922	RNASEH2C	RNASEH2C	high	0.986002337393078	cg06492744	0.986002337393078	0.989556820111505	290.0	82164.0	0.978756885117168
11-rs11227250	False	ENSG00000173327	MAP3K11	MAP3K11	high	0.973385283375921	cg05953285	0.983671793729816	0.973385283375921	369.0	147677.0	0.921420985445783
11-rs11227250	False	ENSG00000172500	FIBP	FIBP	high	0.96721139366673	cg25361844	0.96721139366673	0.967975198734352	286.0	250648.0	0.468308512395496
11-rs11227250	False	ENSG00000171219	CDC42BPG	CDC42BPG	high	0.958858457906732	cg24980551	0.983485182776435	0.958858457906732	191.0	12987.0	0.0929225044924895
11-rs11227250	False	ENSG00000168062	BATF2	BATF2	high	0.937742402408961	cg15681626	0.937742402408961	0.946161229154224	241.0	25264.0	0.213857238488857
11-rs11227250	False	ENSG00000213445	SIPA1	SIPA1	high	0.927601290315627	cg16168321	0.927601290315627	0.995584620961652	290.0	572.0	0.115863601512613
11-rs11227250	False	ENSG00000014138	POLA2	POLA2	high	0.906863851557429	cg25302603	0.906863851557429	0.961473677042509	262.0	363596.0	0.186921653603536
11-rs11227250	False	ENSG00000172543	CTSW	CTSW	high	0.904442232202044	cg25361844	0.96721139366673	0.904442232202044	286.0	241918.0	0.27922405026925
11-rs11227250	False	ENSG00000087365	SF3B2	SF3B2	suggestive	0.546564694545812	cg08296831	0.868284947702687	0.546564694545812	366.0	264025.0	0.0641163166006458
11-rs11227250	False	ENSG00000174276	ZNHIT2	ZNHIT2	suggestive	0.532870284582757	cg25302603	0.906863851557429	0.532870284582757	262.0	507659.0	0.263065914326826
11-rs12224032	False	ENSG00000170209	ANKK1	ANKK1	high	0.981890800529264	cg12177743	0.981890800529264	0.997665515259508	150.0	73434.0	0.108934161821204
11-rs12224032	False	ENSG00000149295	DRD2	DRD2	high	0.888640828525614	cg06008480	0.888640828525614	0.931907847058167	129.0	161324.0	0.172488562151931
11-rs12224032	False	ENSG00000228607	CLDN25	CLDN25	suggestive	0.658595967184269	cg26132809	0.975405690048831	0.658595967184269	382.0	304041.0	0.78191807032675
11-rs12282735	False	ENSG00000170953	OR8B12	OR8B12	high	0.874962650874394	cg04948906	0.874962650874394	0.881088197860172	382.0	346.0	0.006258549389932
11-rs12282735	False	ENSG00000196119	OR8A1	OR8A1	high	0.874962650874394	cg04948906	0.874962650874394	0.891929350265251	382.0	26664.0	0.0001961512263981
11-rs12282735	False	ENSG00000221931	OR6X1	OR6X1	suggestive	0.554399081637253	cg09517554	0.841917119458192	0.554399081637253	454.0	761861.0	0.0073716990338357
11-rs12541	False	ENSG00000170953	OR8B12	OR8B12	high	0.874962650874394	cg04948906	0.874962650874394	0.881088197860172	382.0	346.0	0.0062902701717859
11-rs12541	False	ENSG00000196119	OR8A1	OR8A1	high	0.874962650874394	cg04948906	0.874962650874394	0.891929350265251	382.0	26664.0	0.0001961586191175
11-rs12541	False	ENSG00000154133	ROBO4	ROBO4	suggestive	0.648477293104921	cg15349474	0.986156447871936	0.648477293104921	432.0	726482.0	0.307411631454911
11-rs12541	False	ENSG00000221931	OR6X1	OR6X1	suggestive	0.554399081637253	cg09517554	0.841917119458192	0.554399081637253	454.0	761861.0	0.0109361513920249
11-rs2902858	False	ENSG00000110492	MDK	MDK	high	0.971935205096642	cg20147224	0.971935205096642	0.994845301225463	56.0	834099.0	0.928974092406811
11-rs2902858	False	ENSG00000175224	ATG13	ATG13	high	0.947023032005679	cg25291551	0.956549347321913	0.947023032005679	121.0	236160.0	0.936972336198286
11-rs2902858	False	ENSG00000165912	PACSIN3	PACSIN3	high	0.875378877023637	cg25291551	0.956549347321913	0.875378877023637	121.0	805328.0	0.266017447677531
11-rs2902858	False	ENSG00000234776	C11orf94	C11orf94	high	0.844706805297865	cg04074945	0.941730219890188	0.844706805297865	260.0	143000.0	0.116058250394445
11-rs2902858	False	ENSG00000180210	F2	F2	suggestive	0.647483548868159	cg20147224	0.971935205096642	0.647483548868159	56.0	495675.0	0.164938177018918
11-rs2902858	False	ENSG00000134569	LRP4	LRP4	suggestive	0.585966408428531	cg22948808	0.845312836885113	0.585966408428531	157.0	579430.0	0.138203230029583
11-rs4923457	True	ENSG00000176971	FIBIN	FIBIN	suggestive	0.644148831321923	cg12508693	0.876300403727274	0.644148831321923	226.0	641997.0	0.090755674059006
11-rs61902811	True	ENSG00000170209	ANKK1	ANKK1	high	0.981890800529264	cg12177743	0.981890800529264	0.997665515259508	150.0	73434.0	0.10537560857499
11-rs61902811	True	ENSG00000149295	DRD2	DRD2	high	0.888640828525614	cg06008480	0.888640828525614	0.931907847058167	129.0	161324.0	0.163295753204133
11-rs61902811	True	ENSG00000228607	CLDN25	CLDN25	suggestive	0.658595967184269	cg26132809	0.975405690048831	0.658595967184269	382.0	304041.0	0.772038326087739
11-rs708228	False	ENSG00000156599	ZDHHC5	ZDHHC5	high	0.978793800765618	cg06294321	0.986731780314916	0.978793800765618	27.0	73458.0	0.914432414481933
11-rs708228	False	ENSG00000198561	CTNND1	CTNND1	high	0.914847444433909	cg06294321	0.986731780314916	0.914847444433909	27.0	12038.0	0.116230327602581
11-rs77502336	False	ENSG00000196119	OR8A1	OR8A1	high	0.88536647758102	cg04948906	0.88536647758102	0.897927087801485	165.0	26664.0	0.825192109372101
11-rs77502336	False	ENSG00000170953	OR8B12	OR8B12	high	0.869590271653734	cg04948906	0.88536647758102	0.869590271653734	165.0	346.0	0.888964059986537
11-rs77502336	False	ENSG00000221931	OR6X1	OR6X1	suggestive	0.575364377364778	cg09517554	0.859913126961273	0.575364377364778	248.0	761861.0	0.0063762484125419
12-rs10777187	False	ENSG00000257594	GALNT4	GALNT4	high	0.844192252993031	cg00913521	0.855974602106589	0.844192252993031	60.0	26240.0	0.0535396781310605
12-rs1790135	False	ENSG00000130921	C12orf65	C12orf65	high	0.983225785854108	cg22341471	0.986823961682061	0.983225785854108	97.0	266140.0	0.286738089341675
12-rs1790135	False	ENSG00000150967	ABCB9	ABCB9	high	0.98244294782811	cg08934286	0.98244294782811	0.982597144028236	93.0	2434.0	0.397947397893309
12-rs1790135	False	ENSG00000183955	KMT5A	SETD8	high	0.981152874392613	cg13010344	0.981152874392613	0.993246465537105	91.0	403680.0	0.939642979294655
12-rs1790135	False	ENSG00000130783	CCDC62	CCDC62	high	0.942147217094305	cg18912006	0.942147217094305	0.959427435176439	44.0	76570.0	0.657650033204925
12-rs1790135	False	ENSG00000130787	HIP1R	HIP1R	high	0.942147217094305	cg18912006	0.942147217094305	0.96875936132959	44.0	16444.0	0.115371054026349
12-rs1790135	False	ENSG00000139722	VPS37B	VPS37B	high	0.942147217094305	cg18912006	0.942147217094305	0.955667645661746	44.0	45547.0	0.0737791791436006
12-rs1790135	False	ENSG00000110987	BCL7A	BCL7A	high	0.924906681740927	cg16139227	0.968770688611233	0.924906681740927	80.0	993976.0	0.807168501461226
12-rs1790135	False	ENSG00000197653	DNAH10	DNAH10	high	0.909626165302083	cg11295761	0.947944863203879	0.909626165302083	284.0	183007.0	0.102351764908615
12-rs1790135	False	ENSG00000111364	DDX55	DDX55	high	0.909444884176856	cg18912006	0.942147217094305	0.909444884176856	44.0	751180.0	0.0339231125295427
12-rs1790135	False	ENSG00000111325	OGFOD2	OGFOD2	high	0.906133045771951	cg13010344	0.981152874392613	0.906133045771951	91.0	5513.0	0.641124969669357
12-rs1790135	False	ENSG00000178882	RFLNA	FAM101A	high	0.890653987967784	cg11295761	0.947944863203879	0.890653987967784	284.0	27739.0	0.143478157643652
12-rs1790135	False	ENSG00000185344	ATP6V0A2	ATP6V0A2	high	0.806988527222781	cg18830042	0.934552949724231	0.806988527222781	34.0	995676.0	0.440256931034616
12-rs1790135	False	ENSG00000184445	KNTC1	KNTC1	suggestive	0.780067483538242	cg26977846	0.828200822608415	0.780067483538242	69.0	380599.0	0.408744051916428
12-rs1790135	False	ENSG00000150977	RILPL2	RILPL2	suggestive	0.747054748600737	cg05171224	0.811345268917084	0.747054748600737	89.0	450250.0	0.0689002529505746
12-rs1790135	False	ENSG00000176383	B3GNT4	B3GNT4	suggestive	0.709615371314878	cg25190513	0.932447487298339	0.709615371314878	62.0	513272.0	0.0821761745018385
12-rs1790135	False	ENSG00000111328	CDK2AP1	CDK2AP1	suggestive	0.650223912830273	cg11145412	0.968334417829981	0.650223912830273	90.0	280438.0	0.183494901418274
12-rs1790135	False	ENSG00000119242	CCDC92	CCDC92	suggestive	0.64334124930273	cg17723958	0.920169035520898	0.64334124930273	283.0	28083.0	0.0820588617778729
12-rs1790135	False	ENSG00000051825	MPHOSPH9	MPHOSPH9	suggestive	0.527037960534294	cg25190513	0.932447487298339	0.527037960534294	62.0	527199.0	0.537310684972591
12-rs2649999	True	ENSG00000157837	SPPL3	SPPL3	high	0.947995748514689	cg02505015	0.947995748514689	0.987628180920413	445.0	144549.0	0.708354649878812
12-rs2649999	True	ENSG00000167272	POP5	POP5	suggestive	0.609965528171178	cg02419362	0.85160383319769	0.609965528171178	481.0	184747.0	0.0652209395025029
12-rs2649999	True	ENSG00000157782	CABP1	CABP1	suggestive	0.581612599599982	cg02505015	0.947995748514689	0.581612599599982	445.0	119270.0	0.168061932927364
12-rs2649999	True	ENSG00000175970	UNC119B	UNC119B	suggestive	0.569377948146911	cg02419362	0.85160383319769	0.569377948146911	481.0	55710.0	0.179595241734215
12-rs2686386	True	ENSG00000157837	SPPL3	SPPL3	high	0.947995748514689	cg02505015	0.947995748514689	0.987628180920413	445.0	144549.0	0.708280199202627
12-rs2686386	True	ENSG00000158113	LRRC43	LRRC43	high	0.941658571362321	cg15963344	0.958952425444207	0.941658571362321	196.0	159506.0	0.404478988283417
12-rs2686386	True	ENSG00000176383	B3GNT4	B3GNT4	high	0.888666469390904	cg15963344	0.958952425444207	0.888666469390904	196.0	195311.0	0.309811502724407
12-rs2686386	True	ENSG00000167272	POP5	POP5	suggestive	0.609965528171178	cg02419362	0.85160383319769	0.609965528171178	481.0	184747.0	0.0665285785810214
12-rs2686386	True	ENSG00000157782	CABP1	CABP1	suggestive	0.581612599599982	cg02505015	0.947995748514689	0.581612599599982	445.0	119270.0	0.171348888761868
12-rs2686386	True	ENSG00000175970	UNC119B	UNC119B	suggestive	0.569377948146911	cg02419362	0.85160383319769	0.569377948146911	481.0	55710.0	0.181367307432121
12-rs4766428	False	ENSG00000110921	MVK	MVK	high	0.989856574827387	cg23877008	0.989856574827387	0.993002704484446	576.0	114093.0	0.499113605913244
12-rs4766428	False	ENSG00000139428	MMAB	MMAB	high	0.989856574827387	cg23877008	0.989856574827387	0.996047208520532	576.0	114712.0	0.183064092107897
12-rs4766428	False	ENSG00000111237	VPS29	VPS29	high	0.989234421691764	cg05202616	0.9897901376339	0.989234421691764	130.0	53961.0	0.811038111408616
12-rs4766428	False	ENSG00000174456	C12orf76	C12orf76	high	0.913076082779874	cg01831743	0.913076082779874	0.946377617446008	249.0	158550.0	0.298940206540204
12-rs4766428	False	ENSG00000204852	TCTN1	TCTN1	high	0.905528466410578	cg18926450	0.991959036003882	0.905528466410578	239.0	683598.0	0.529936184452284
12-rs4766428	False	ENSG00000151148	UBE3B	UBE3B	high	0.82133251912184	cg19025524	0.917052586729255	0.82133251912184	46.0	118335.0	0.0869359265424072
12-rs4766428	False	ENSG00000139438	FAM222A	FAM222A	high	0.810187973601285	cg18926450	0.991959036003882	0.810187973601285	239.0	216201.0	0.509886272242839
12-rs4766428	False	ENSG00000174527	MYO1H	MYO1H	high	0.805285876865596	cg19025524	0.917052586729255	0.805285876865596	46.0	11164.0	0.0976118110698823
12-rs4766428	False	ENSG00000076513	ANKRD13A	ANKRD13A	high	0.803368566721932	cg12870014	0.803368566721932	0.962607501799093	197.0	13652.0	0.331093716212689
12-rs4766428	False	ENSG00000111231	GPN3	GPN3	suggestive	0.655382030180182	cg16023864	0.949255792088176	0.655382030180182	166.0	18695.0	0.0633035680928576
12-rs4766428	False	ENSG00000139437	TCHP	TCHP	suggestive	0.641284773202039	cg18926450	0.991959036003882	0.641284773202039	239.0	30165.0	0.295380475061596
12-rs4766428	False	ENSG00000196510	ANAPC7	ANAPC7	suggestive	0.585889287101482	cg18926450	0.991959036003882	0.585889287101482	239.0	473301.0	0.151343896762641
12-rs4766428	False	ENSG00000111199	TRPV4	TRPV4	suggestive	0.510360052863884	cg16023864	0.949255792088176	0.510360052863884	166.0	617166.0	0.288773176196274
12-rs578470	False	ENSG00000123352	SPATS2	SPATS2	high	0.874792472687135	cg13307384	0.955604369356096	0.874792472687135	183.0	257420.0	0.104342471127698
12-rs578470	False	ENSG00000139537	CCDC65	CCDC65	high	0.864278860327945	cg09652977	0.866293045156886	0.864278860327945	159.0	676325.0	0.0877402845887728
12-rs578470	False	ENSG00000086159	AQP6	AQP6	high	0.829592265396559	cg18942451	0.98779486411141	0.829592265396559	244.0	112479.0	0.713038113143729
12-rs578470	False	ENSG00000110881	ASIC1	ASIC1	high	0.813162791710473	cg27522367	0.813162791710473	0.980498882789832	237.0	46401.0	0.947913055980279
12-rs578470	False	ENSG00000178449	COX14	COX14	suggestive	0.756194346151056	cg27522367	0.813162791710473	0.756194346151056	237.0	8030.0	0.881986149572914
12-rs578470	False	ENSG00000167580	AQP2	AQP2	suggestive	0.718952829590054	cg09652977	0.866293045156886	0.718952829590054	159.0	370306.0	0.0263533863518753
12-rs578470	False	ENSG00000186897	C1QL4	C1QL4	suggestive	0.706664589043179	cg09652977	0.866293045156886	0.706664589043179	159.0	243247.0	0.0846182221042235
12-rs578470	False	ENSG00000167552	TUBA1A	TUBA1A	suggestive	0.700552501314158	cg09652977	0.866293045156886	0.700552501314158	159.0	391111.0	0.182755952673405
12-rs578470	False	ENSG00000161791	FMNL3	FMNL3	suggestive	0.655249874639151	cg02054252	0.804736477727835	0.655249874639151	210.0	23394.0	0.259106982796187
12-rs578470	False	ENSG00000139644	TMBIM6	TMBIM6	suggestive	0.551960417870431	cg13307384	0.955604369356096	0.551960417870431	183.0	83721.0	0.103141505678971
12-rs578470	False	ENSG00000161798	AQP5	AQP5	suggestive	0.526616383390249	cg27522367	0.813162791710473	0.526616383390249	237.0	142079.0	0.0841881830952152
12-rs578470	False	ENSG00000284723	OR8S1		suggestive	0.515023762555856	cg09652977	0.866293045156886	0.515023762555856	38.0		0.195255381349266
12-rs61924144	True	ENSG00000121749	TBC1D15	TBC1D15	high	0.828931568568994	cg15437231	0.828931568568994	0.862797490987121	289.0	25819.0	0.1216571727292
12-rs61928076	True	ENSG00000170465	KRT6C	KRT6C	high	0.983673553383871	cg03624316	0.994880799895369	0.983673553383871	205.0	825485.0	0.0112979689165392
12-rs61928076	True	ENSG00000186049	KRT73	KRT73	high	0.887732617269614	cg04065151	0.99294021880784	0.887732617269614	200.0	670626.0	0.382962914288223
12-rs61928076	True	ENSG00000172789	HOXC5	HOXC5	high	0.863983836528139	cg04065151	0.99294021880784	0.863983836528139	200.0	743668.0	0.226254774715839
12-rs61928076	True	ENSG00000182544	MFSD5	MFSD5	high	0.86282231253766	cg07937786	0.928651813446451	0.86282231253766	218.0	84594.0	0.30648105115658
12-rs61928076	True	ENSG00000172819	RARG	RARG	high	0.83441579695927	cg07937786	0.928651813446451	0.83441579695927	218.0	102865.0	0.365679426006435
12-rs61928076	True	ENSG00000135409	AMHR2	AMHR2	high	0.830465277083374	cg04065151	0.99294021880784	0.830465277083374	200.0	134670.0	0.171763833612387
12-rs61928076	True	ENSG00000135443	KRT85	KRT85	high	0.80667480100179	cg04065151	0.99294021880784	0.80667480100179	187.0	921704.0	0.0827602624478706
12-rs61928076	True	ENSG00000111077	TNS2	TENC1	high	0.806165434881543	cg02157894	0.806165434881543	0.956409516070502	327.0	554751.0	0.0544996742918567
12-rs61928076	True	ENSG00000139546	TARBP2	TARBP2	high	0.806165434881543	cg02157894	0.806165434881543	0.807291738494121	327.0	100799.0	0.179109499026472
12-rs61928076	True	ENSG00000123388	HOXC11	HOXC11	suggestive	0.742929898911637	cg04065151	0.99294021880784	0.742929898911637	200.0	683941.0	0.191631580099358
12-rs61928076	True	ENSG00000167780	SOAT2	SOAT2	suggestive	0.742356036153692	cg03624316	0.994880799895369	0.742356036153692	205.0	195752.0	0.234578814659277
12-rs61928076	True	ENSG00000180806	HOXC9	HOXC9	suggestive	0.713816354348574	cg04065151	0.99294021880784	0.713816354348574	200.0	705710.0	0.0180002635677229
12-rs61928076	True	ENSG00000123407	HOXC12	HOXC12	suggestive	0.686946394662698	cg04065151	0.99294021880784	0.686946394662698	200.0	665649.0	0.0994722614253595
12-rs61928076	True	ENSG00000170477	KRT4	KRT4	suggestive	0.594581725191601	cg04065151	0.99294021880784	0.594581725191601	200.0	474634.0	0.0722847359613184
12-rs61937595	True	ENSG00000185482	STAC3	STAC3	high	0.984366042483867	cg23998391	0.984366042483867	0.989548263052141	206.0	203584.0	0.190556566267104
12-rs61937595	True	ENSG00000123329	ARHGAP9	ARHGAP9	high	0.977781838054177	cg23998391	0.984366042483867	0.977781838054177	206.0	34037.0	0.181960974175096
12-rs61937595	True	ENSG00000135517	MIP	MIP	suggestive	0.670143670699042	cg23998391	0.984366042483867	0.670143670699042	117.0	985610.0	1.27350004325442e-09
12-rs61952922	False	ENSG00000130921	C12orf65	C12orf65	high	0.986838169296469	cg22341471	0.988995867569743	0.986838169296469	85.0	266140.0	0.960959554192338
12-rs61952922	False	ENSG00000150967	ABCB9	ABCB9	high	0.98341274114806	cg08934286	0.985284425371158	0.98341274114806	79.0	2434.0	0.948651944518236
12-rs61952922	False	ENSG00000183955	KMT5A	SETD8	high	0.983228080999732	cg22237346	0.983228080999732	0.992368819744243	77.0	403499.0	0.977908941115489
12-rs61952922	False	ENSG00000130783	CCDC62	CCDC62	high	0.942147217094305	cg18912006	0.942147217094305	0.959427435176439	44.0	76570.0	0.442520723839923
12-rs61952922	False	ENSG00000130787	HIP1R	HIP1R	high	0.942147217094305	cg18912006	0.942147217094305	0.96875936132959	44.0	16444.0	0.129321182535244
12-rs61952922	False	ENSG00000139722	VPS37B	VPS37B	high	0.942147217094305	cg18912006	0.942147217094305	0.955667645661746	44.0	45547.0	0.180300591548361
12-rs61952922	False	ENSG00000158113	LRRC43	LRRC43	high	0.941658571362321	cg15963344	0.958952425444207	0.941658571362321	196.0	159506.0	0.141163598817909
12-rs61952922	False	ENSG00000110987	BCL7A	BCL7A	high	0.924906681740927	cg16139227	0.973696956822516	0.924906681740927	80.0	993976.0	0.760609406992315
12-rs61952922	False	ENSG00000111364	DDX55	DDX55	high	0.909444884176856	cg18912006	0.942147217094305	0.909444884176856	44.0	751180.0	0.201492727529888
12-rs61952922	False	ENSG00000176383	B3GNT4	B3GNT4	high	0.888666469390904	cg15963344	0.958952425444207	0.888666469390904	196.0	195311.0	0.209502747294913
12-rs61952922	False	ENSG00000185344	ATP6V0A2	ATP6V0A2	high	0.806988527222781	cg18830042	0.934552949724231	0.806988527222781	34.0	995676.0	0.106178334609576
12-rs61952922	False	ENSG00000111325	OGFOD2	OGFOD2	high	0.804223204245152	cg22237346	0.983228080999732	0.804223204245152	77.0	5694.0	0.591986412719519
12-rs61952922	False	ENSG00000150977	RILPL2	RILPL2	suggestive	0.752156338449118	cg05171224	0.833465469925488	0.752156338449118	73.0	450250.0	0.11594196913062
12-rs61952922	False	ENSG00000111328	CDK2AP1	CDK2AP1	suggestive	0.726648292402662	cg11145412	0.973516875931582	0.726648292402662	72.0	280438.0	0.218779673823684
12-rs61952922	False	ENSG00000051825	MPHOSPH9	MPHOSPH9	suggestive	0.527037960534294	cg25190513	0.932447487298339	0.527037960534294	62.0	527199.0	0.400753291827939
13-rs11619756	True	ENSG00000151773	CCDC122	CCDC122	high	0.957623476933723	cg08535171	0.957623476933723	0.988683358144017	541.0	4195.0	0.473918464309503
13-rs11619756	True	ENSG00000179630	LACC1	LACC1	high	0.957623476933723	cg08535171	0.957623476933723	0.985409000994124	541.0	4602.0	0.133219865276748
14-rs10873538	True	ENSG00000126215	XRCC3	XRCC3	high	0.983594069333049	cg22860607	0.983594069333049	0.991461354503221	37.0	153846.0	0.704821990764678
14-rs10873538	True	ENSG00000075413	MARK3	MARK3	high	0.964879847674381	cg12949023	0.969615045456819	0.964879847674381	376.0	470164.0	0.255522742661995
14-rs10873538	True	ENSG00000156414	TDRD9	TDRD9	high	0.960968953720516	cg22860607	0.983594069333049	0.960968953720516	37.0	366804.0	0.0935406684756427
14-rs10873538	True	ENSG00000256053	COA8	APOPT1	high	0.934265350993111	cg12949023	0.969615045456819	0.934265350993111	376.0	292594.0	0.39749268119377
14-rs10873538	True	ENSG00000088808	PPP1R13B	PPP1R13B	high	0.92578338306293	cg12949023	0.969615045456819	0.92578338306293	376.0	7966.0	0.736116872501539
14-rs10873538	True	ENSG00000166170	BAG5	BAG5	high	0.904741899994537	cg07140250	0.904741899994537	0.965286270891272	319.0	122259.0	0.0941308191255222
14-rs10873538	True	ENSG00000166183	ASPG	ASPG	high	0.876397186777842	cg16295401	0.876397186777842	0.960372591011975	415.0	700818.0	0.12490944634523
14-rs10873538	True	ENSG00000126214	KLC1	KLC1	suggestive	0.595181019496962	cg11989422	0.827865944582833	0.595181019496962	359.0	27228.0	0.0808840809336254
14-rs10873538	True	ENSG00000185215	TNFAIP2	TNFAIP2	suggestive	0.581481226534535	cg14228272	0.957040307990401	0.581481226534535	339.0	484261.0	0.154914678065962
14-rs2190873	False	ENSG00000100731	PCNX1	PCNX	high	0.972075476838841	cg10333802	0.972075476838841	0.980735652588511	80.0	234.0	0.831685340921798
14-rs221902	True	ENSG00000100731	PCNX1	PCNX	suggestive	0.690857305024949	cg10333802	0.932345823022681	0.690857305024949	433.0	234.0	0.793846307344053
15-rs11638554	False	ENSG00000177082	WDR73	WDR73	high	0.974042024606945	cg14830644	0.974042024606945	0.980997175737656	83.0	253755.0	0.744786011408354
15-rs11638554	False	ENSG00000259511	UBE2Q2L	RP11-182J1.16	high	0.93559838055151	cg19517291	0.93559838055151	0.98393320699651	307.0	359797.0	1.95930908800649e-07
15-rs11638554	False	ENSG00000197696	NMB	NMB	high	0.92555347403696	cg19997245	0.946758297611818	0.92555347403696	307.0	1395.0	0.922973000167829
15-rs11638554	False	ENSG00000184206	GOLGA6L4	GOLGA6L4	high	0.821994836340615	cg18231690	0.821994836340615	0.985936256446235	300.0	390061.0	4.5987184184557903e-10
15-rs11638554	False	ENSG00000176371	ZSCAN2	ZSCAN2	suggestive	0.788462897660756	cg17173187	0.882944334816236	0.788462897660756	308.0	56993.0	0.782594575373114
15-rs2238304	False	ENSG00000140525	FANCI	FANCI	high	0.88134629856663	cg00835429	0.88134629856663	0.915088792144188	307.0	156103.0	0.938848705779419
15-rs2238304	False	ENSG00000140521	POLG	POLG	high	0.85352467162123	cg00835429	0.88134629856663	0.85352467162123	307.0	65191.0	0.387840995357771
15-rs2238304	False	ENSG00000140522	RLBP1	RLBP1	suggestive	0.762767249983408	cg00835429	0.88134629856663	0.762767249983408	307.0	178301.0	0.802123330559222
15-rs2238304	False	ENSG00000140527	WDR93	WDR93	suggestive	0.677732915864271	cg17846127	0.837651188235518	0.677732915864271	311.0	293523.0	0.235345877037603
15-rs2929278	False	ENSG00000092470	WDR76	WDR76	high	0.975020927983298	cg09836324	0.975020927983298	0.977031308264962	168.0	49298.0	0.97308273138944
15-rs2929278	False	ENSG00000140265	ZSCAN29	ZSCAN29	high	0.975020927983298	cg09836324	0.975020927983298	0.978400031512367	168.0	406640.0	0.490484143776153
15-rs2929278	False	ENSG00000242866	STRC	STRC	high	0.975020927983298	cg09836324	0.975020927983298	0.97770549848171	168.0	59405.0	0.929409295230009
15-rs2929278	False	ENSG00000104055	TGM5	TGM5	high	0.970556163552457	cg09836324	0.975020927983298	0.970556163552457	168.0	510808.0	0.0945189323593714
15-rs2929278	False	ENSG00000166946	CCNDBP1	CCNDBP1	high	0.950468934863203	cg27340001	0.950468934863203	0.962392560371696	218.0	308694.0	0.314025800305594
15-rs2929278	False	ENSG00000229474	PATL2	PATL2	high	0.878978676088628	cg19800591	0.878978676088628	0.992969531287654	103.0	422084.0	0.0824413241109352
15-rs2929278	False	ENSG00000185880	TRIM69	TRIM69	high	0.874165422512178	cg09836324	0.975020927983298	0.874165422512178	146.0	951323.0	0.169455272727879
15-rs2929278	False	ENSG00000168806	LCMT2	LCMT2	high	0.861521113351127	cg19800591	0.878978676088628	0.861521113351127	89.0	958627.0	0.35974582948469
15-rs2929278	False	ENSG00000223572	CKMT1A	CKMT1A	high	0.847273288029132	cg19800591	0.878978676088628	0.847273288029132	103.0	596346.0	0.307331727341557
15-rs2929278	False	ENSG00000242028	HYPK	HYPK	high	0.81060312404661	cg09836324	0.975020927983298	0.81060312404661	168.0	18477.0	0.554988121184622
15-rs2929278	False	ENSG00000167004	PDIA3	PDIA3	suggestive	0.754536818809445	cg06032540	0.811523350236707	0.754536818809445	126.0	97027.0	0.0935447683735637
15-rs2929278	False	ENSG00000171877	FRMD5	FRMD5	suggestive	0.739708585269239	cg09836324	0.975020927983298	0.739708585269239	168.0	417587.0	0.502934166918056
15-rs2929278	False	ENSG00000166963	MAP1A	MAP1A	suggestive	0.526913645318701	cg27340001	0.950468934863203	0.526913645318701	218.0	17146.0	0.278100596611206
15-rs3813567	True	ENSG00000188266	HYKK	HYKK	high	0.963945966977292	cg11017490	0.963945966977292	0.993841415740032	43.0	244444.0	0.279637248825794
15-rs3813567	True	ENSG00000080644	CHRNA3	CHRNA3	high	0.936682750413877	cg09440268	0.936682750413877	0.970565043746938	53.0	130285.0	0.104992745294038
15-rs3813567	True	ENSG00000136378	ADAMTS7	ADAMTS7	high	0.910276080353059	cg03403081	0.910276080353059	0.94234486639642	77.0	46720.0	0.114069159594975
15-rs3813567	True	ENSG00000058335	RASGRF1	RASGRF1	high	0.898924696591639	cg17347941	0.898924696591639	0.977005061060002	421.0	4154.0	0.114310952845965
15-rs3813567	True	ENSG00000117971	CHRNB4	CHRNB4	high	0.896132265013819	cg03403081	0.910276080353059	0.896132265013819	77.0	36957.0	8.93881024734336e-06
15-rs3813567	True	ENSG00000140395	WDR61	WDR61	high	0.867238792815605	cg09214398	0.867238792815605	0.958783631996162	441.0	35602.0	0.0930895590861947
15-rs3813567	True	ENSG00000140403	DNAJA4	DNAJA4	high	0.867238792815605	cg09214398	0.867238792815605	0.999983216997726	441.0	106.0	0.138172590151984
15-rs3813567	True	ENSG00000166426	CRABP1	CRABP1	high	0.861970079907613	cg04882995	0.944174541981829	0.861970079907613	375.0	279992.0	0.298120255683086
15-rs3813567	True	ENSG00000169684	CHRNA5	CHRNA5	high	0.859276101294157	cg09440268	0.936682750413877	0.859276101294157	53.0	186060.0	3.2344801404997e-05
15-rs3813567	True	ENSG00000103811	CTSH	CTSH	suggestive	0.708115721884808	cg09440268	0.936682750413877	0.708115721884808	53.0	197994.0	0.0654094148722674
15-rs4702	False	ENSG00000140564	FURIN	FURIN	high	0.999923633242574	cg09397246	0.999923633242574	0.999931690700214	510.0	15539.0	0.999955586291619
15-rs4702	False	ENSG00000182511	FES	FES	high	0.985952112454869	cg26405020	0.999108330770955	0.985952112454869	510.0	438.0	0.75092593210826
15-rs653765	False	ENSG00000157470	FAM81A	FAM81A	high	0.940497780280891	cg21225667	0.940497780280891	0.947314992515948	391.0	224297.0	0.109721720306019
15-rs653765	False	ENSG00000157450	RNF111	RNF111	suggestive	0.720066136130668	cg21225667	0.940497780280891	0.720066136130668	391.0	283221.0	0.18594463634171
15-rs653765	False	ENSG00000157456	CCNB2	CCNB2	suggestive	0.705632842977248	cg21225667	0.940497780280891	0.705632842977248	391.0	43318.0	0.0723939686496453
16-rs11076631	False	ENSG00000015413	DPEP1	DPEP1	high	0.903627352507586	cg06082883	0.903627352507586	0.998133482486513	399.0	7028.0	0.0895303932445904
16-rs11076631	False	ENSG00000178773	CPNE7	CPNE7	high	0.901048474330739	cg00973938	0.975479785546827	0.901048474330739	428.0	12229.0	0.130285958077079
16-rs11076631	False	ENSG00000075399	VPS9D1	VPS9D1	high	0.889912234987976	cg16428612	0.889912234987976	0.990371708109545	373.0	213859.0	0.134156341612953
16-rs11076631	False	ENSG00000158792	SPATA2L	SPATA2L	high	0.889912234987976	cg16428612	0.889912234987976	0.983855764070159	373.0	194578.0	0.472604547038207
16-rs11076631	False	ENSG00000167523	SPATA33	SPATA33	high	0.889912234987976	cg16428612	0.889912234987976	0.995193270959303	373.0	150675.0	0.240295204074998
16-rs11076631	False	ENSG00000131165	CHMP1A	CHMP1A	high	0.858183953658538	cg07648498	0.858183953658538	0.950544876102119	649.0	158932.0	0.195494877759148
16-rs11076631	False	ENSG00000187741	FANCA	FANCA	high	0.858183953658538	cg07648498	0.858183953658538	0.957884837223699	649.0	120.0	0.899204271012699
16-rs11076631	False	ENSG00000204991	SPIRE2	SPIRE2	high	0.858183953658538	cg07648498	0.858183953658538	0.945467752133343	649.0	1402.0	0.98928246900089
16-rs11076631	False	ENSG00000167526	RPL13	RPL13	high	0.843380024197689	cg08344135	0.917142603630755	0.843380024197689	359.0	34328.0	0.183954129691113
16-rs11076631	False	ENSG00000197912	SPG7	SPG7	high	0.840078244460124	cg01097406	0.840078244460124	0.885874016024097	429.0	117802.0	0.199474709531701
16-rs11076631	False	ENSG00000170100	ZNF778	ZNF778	high	0.828840885765306	cg08335008	0.828840885765306	0.93412915313874	26.0	58623.0	0.115654976873996
16-rs11076631	False	ENSG00000140995	DEF8	DEF8	suggestive	0.779009922425163	cg00973938	0.975479785546827	0.779009922425163	428.0	359928.0	0.0801505204878946
16-rs11076631	False	ENSG00000158717	RNF166	RNF166	suggestive	0.69495295822065	cg00973938	0.975479785546827	0.69495295822065	428.0	881576.0	0.115286041136367
16-rs11862968	False	ENSG00000132603	NIP7	NIP7	high	0.985205031263041	cg08555160	0.985205031263041	0.992456874648646	94.0	206994.0	0.267731935302707
16-rs11862968	False	ENSG00000132612	VPS4A	VPS4A	high	0.985205031263041	cg08555160	0.985205031263041	0.992454879778001	94.0	178920.0	0.305060025460743
16-rs11862968	False	ENSG00000213380	COG8	COG8	high	0.985205031263041	cg08555160	0.985205031263041	0.992449671377063	94.0	207231.0	0.0979425060161181
16-rs11862968	False	ENSG00000258429	PDF	PDF	high	0.985205031263041	cg08555160	0.985205031263041	0.992456938910686	94.0	198159.0	0.200231835464715
16-rs11862968	False	ENSG00000132604	TERF2	TERF2	high	0.981311413991969	cg08555160	0.985205031263041	0.981311413991969	94.0	276135.0	0.908784357006455
16-rs11862968	False	ENSG00000141076	UTP4	CIRH1A	high	0.971546608172598	cg06721231	0.971546608172598	0.996935761627562	82.0	57745.0	0.443246632191603
16-rs11862968	False	ENSG00000159713	TPPP3	TPPP3	high	0.952350522156499	cg20264732	0.964681657808734	0.952350522156499	177.0	842325.0	0.126772475730914
16-rs11862968	False	ENSG00000157315	TMED6	TMED6	high	0.943440199212408	cg26574080	0.943440199212408	0.955504055469024	155.0	16642.0	0.392798089178137
16-rs11862968	False	ENSG00000103061	SLC7A6OS	SLC7A6OS	high	0.93013953688771	cg01997346	0.93013953688771	0.976327845450847	102.0	327830.0	0.112090313544215
16-rs11862968	False	ENSG00000141084	RANBP10	RANBP10	high	0.93013953688771	cg01997346	0.93013953688771	0.945681190155403	102.0	176464.0	0.611297993519207
16-rs11862968	False	ENSG00000141096	DPEP3	DPEP3	high	0.93013953688771	cg01997346	0.93013953688771	0.969669019341023	102.0	2287.0	0.115638200251647
16-rs11862968	False	ENSG00000102904	TSNAXIP1	TSNAXIP1	high	0.926410430460214	cg20264732	0.964681657808734	0.926410430460214	177.0	429095.0	0.289651781921637
16-rs11862968	False	ENSG00000237172	B3GNT9	B3GNT9	high	0.901126591650256	cg26727032	0.967521499785625	0.901126591650256	104.0	808588.0	0.110758007064983
16-rs11862968	False	ENSG00000157322	CLEC18A	CLEC18A	high	0.899247291681557	cg00710506	0.899247291681557	0.923230624763189	93.0	764143.0	0.0934378411106665
16-rs11862968	False	ENSG00000176387	HSD11B2	HSD11B2	high	0.897290591224484	cg20264732	0.964681657808734	0.897290591224484	177.0	805208.0	0.17431317315572
16-rs11862968	False	ENSG00000141098	GFOD2	GFOD2	high	0.894995798526076	cg20264732	0.964681657808734	0.894995798526076	177.0	516439.0	0.174755115544727
16-rs11862968	False	ENSG00000168807	SNTB2	SNTB2	high	0.892594605935866	cg00710506	0.899247291681557	0.892594605935866	93.0	365.0	0.180551985369518
16-rs11862968	False	ENSG00000102974	CTCF	CTCF	high	0.867265258414216	cg04202511	0.867265258414216	0.893594213792586	130.0	521681.0	0.143072844891123
16-rs11862968	False	ENSG00000223496	EXOSC6	EXOSC6	high	0.854972601162352	cg00710506	0.899247291681557	0.854972601162352	25.0	1065166.0	0.254459614205754
16-rs11862968	False	ENSG00000132600	PRMT7	PRMT7	high	0.850564780491792	cg01866162	0.850564780491792	0.900772141262982	143.0	748363.0	0.776672239454224
16-rs11862968	False	ENSG00000167264	DUS2	DUS2	high	0.850564780491792	cg01866162	0.850564780491792	0.906147343048562	143.0	425135.0	0.564753478444056
16-rs11862968	False	ENSG00000196155	PLEKHG4	PLEKHG4	high	0.850564780491792	cg01866162	0.850564780491792	0.871152143515374	143.0	285101.0	0.22650844928109
16-rs11862968	False	ENSG00000062038	CDH3	CDH3	high	0.835336356052288	cg26818159	0.835336356052288	0.98782328881884	119.0	469372.0	0.0653274315162573
16-rs11862968	False	ENSG00000103066	PLA2G15	PLA2G15	high	0.807524167277468	cg05261851	0.908324942611982	0.807524167277468	102.0	278001.0	0.0925561140837955
16-rs11862968	False	ENSG00000179044	EXOC3L1	EXOC3L1	suggestive	0.733012186627474	cg26727032	0.967521499785625	0.733012186627474	104.0	769598.0	0.206492647774029
16-rs11862968	False	ENSG00000159720	ATP6V0D1	ATP6V0D1	suggestive	0.660243969135348	cg26727032	0.967521499785625	0.660243969135348	104.0	478565.0	0.127249780523914
16-rs11862968	False	ENSG00000196123	KIAA0895L	KIAA0895L	suggestive	0.549259886539748	cg20264732	0.964681657808734	0.549259886539748	30.0	1051820.0	0.0841905200822073
16-rs244908	False	ENSG00000103037	SETD6	SETD6	high	0.961845733574922	cg00785042	0.964523693724817	0.961845733574922	429.0	11060.0	0.941105248616826
16-rs244908	False	ENSG00000125166	GOT2	GOT2	high	0.830393265190073	cg00581595	0.830393265190073	0.955773304124977	434.0	222915.0	0.11037416702789
16-rs244908	False	ENSG00000166188	ZNF319	ZNF319	suggestive	0.754967185208909	cg27113419	0.949668073574753	0.754967185208909	424.0	499622.0	0.591610765010947
16-rs244908	False	ENSG00000070770	CSNK2A2	CSNK2A2	suggestive	0.587256716902864	cg00581595	0.830393265190073	0.587256716902864	434.0	313522.0	0.0928869707041203
16-rs8048039	False	ENSG00000102858	MGRN1	MGRN1	high	0.985994608535221	cg04033718	0.985994608535221	0.986715400316093	264.0	247253.0	0.0011477441792302
16-rs8048039	False	ENSG00000205832	C16orf96	C16orf96	high	0.985530045581185	cg04033718	0.985994608535221	0.985530045581185	264.0	187250.0	0.685251915639982
16-rs8048039	False	ENSG00000103423	DNAJA3	DNAJA3	high	0.965526151693161	cg04033718	0.985994608535221	0.965526151693161	264.0	56565.0	0.945309828292856
16-rs8048039	False	ENSG00000168140	VASN	VASN	high	0.900504173867146	cg02404489	0.900504173867146	0.90984504066431	325.0	262747.0	0.423258111678786
16-rs8048039	False	ENSG00000089486	CDIP1	CDIP1	high	0.897490475129502	cg04252592	0.897490475129502	0.977035295813263	256.0	201459.0	0.875820084877982
16-rs8048039	False	ENSG00000153406	NMRAL1	NMRAL1	high	0.897490475129502	cg04252592	0.897490475129502	0.953116794980461	256.0	158394.0	0.118532664670849
16-rs8048039	False	ENSG00000262246	CORO7	CORO7	high	0.897490475129502	cg04252592	0.897490475129502	0.97941226951782	256.0	88336.0	0.395481570097453
16-rs8048039	False	ENSG00000103184	SEC14L5	SEC14L5	suggestive	0.71320643029337	cg02404489	0.900504173867146	0.71320643029337	325.0	323722.0	0.0685757876113216
16-rs8048039	False	ENSG00000167984	NLRC3	NLRC3	suggestive	0.572886287900169	cg00658411	0.833741884745338	0.572886287900169	316.0	840157.0	0.0229648155882972
16-rs8048039	False	ENSG00000140623	SEPTIN12	SEPT12	suggestive	0.500094659628707	cg07302934	0.937528142899181	0.500094659628707	259.0	457769.0	0.0068730726079524
16-rs9925915	False	ENSG00000169592	INO80E	INO80E	high	0.971672337867557	cg00653997	0.971672337867557	0.979393833273813	190.0	11934.0	0.9773837056857
16-rs9925915	False	ENSG00000174939	ASPHD1	ASPHD1	high	0.957844507566045	cg05280148	0.957844507566045	0.971098647547205	180.0	223186.0	0.595298478038597
16-rs9925915	False	ENSG00000174943	KCTD13	KCTD13	high	0.951869271391893	cg05280148	0.957844507566045	0.951869271391893	180.0	196526.0	0.323543099646964
16-rs9925915	False	ENSG00000149927	DOC2A	DOC2A	high	0.948871885706239	cg03121538	0.973413147477719	0.948871885706239	189.0	16735.0	0.928184039931032
16-rs9925915	False	ENSG00000149926	TLCD3B	FAM57B	high	0.93325420397042	cg00653997	0.971672337867557	0.93325420397042	190.0	45750.0	0.921233161556285
16-rs9925915	False	ENSG00000180096	SEPTIN1	SEPT1	high	0.911818096638677	cg05280148	0.957844507566045	0.911818096638677	180.0	272430.0	0.116135240486978
16-rs9925915	False	ENSG00000103510	KAT8	KAT8	high	0.910956439899219	cg05445914	0.910956439899219	0.980517529921692	65.0	993007.0	0.232714588477885
16-rs9925915	False	ENSG00000090238	YPEL3	YPEL3	high	0.902231816836038	cg02492205	0.902231816836038	0.916004700957113	187.0	91461.0	0.214927994221137
16-rs9925915	False	ENSG00000254206	NPIPB11	NPIPB11	high	0.901869502694966	cg05280148	0.957844507566045	0.901869502694966	180.0	719532.0	0.163772429559302
16-rs9925915	False	ENSG00000169203	NPIPB12	RP11-231C14.4	high	0.887827869616336	cg05280148	0.957844507566045	0.887827869616336	180.0	617562.0	0.398365169962255
16-rs9925915	False	ENSG00000198064	NPIPB13	RP11-347C12.1	high	0.88562365533715	cg10316764	0.95246014761906	0.88562365533715	185.0	281166.0	0.5591492495366
16-rs9925915	False	ENSG00000132207	SLX1A	SLX1A	suggestive	0.779926228263865	cg05280148	0.957844507566045	0.779926228263865	180.0	70326.0	4.59971671224585e-05
16-rs9925915	False	ENSG00000102882	MAPK3	MAPK3	suggestive	0.773729546984326	cg05445914	0.910956439899219	0.773729546984326	133.0	759.0	0.255247851823984
16-rs9925915	False	ENSG00000102879	CORO1A	CORO1A	suggestive	0.737110068782711	cg05280148	0.957844507566045	0.737110068782711	180.0	59266.0	0.233695426783625
16-rs9925915	False	ENSG00000167395	ZNF646	ZNF646	suggestive	0.687753957897137	cg05280148	0.957844507566045	0.687753957897137	126.0	950861.0	0.205424841101474
16-rs9925915	False	ENSG00000149922	TBX6	TBX6	suggestive	0.613362419047059	cg10316764	0.95246014761906	0.613362419047059	185.0	118543.0	0.116331199023638
16-rs9925915	False	ENSG00000013364	MVP	MVP	suggestive	0.554158145859902	cg00653997	0.971672337867557	0.554158145859902	190.0	186834.0	0.272916644058244
16-rs9925915	False	ENSG00000103502	CDIPT	CDIPT	suggestive	0.546071879960489	cg04436971	0.963315657316096	0.546071879960489	187.0	141754.0	0.106560455572538
17-rs11263770	False	ENSG00000277632	CCL3		high	0.90140554380119	cg01764713	0.90140554380119	0.9524665972607	78.0		0.172154673936356
17-rs11263770	False	ENSG00000278259	MYO19		high	0.90140554380119	cg01764713	0.90140554380119	0.949421040718189	78.0		0.966678140495343
17-rs11263770	False	ENSG00000278311	GGNBP2		high	0.90140554380119	cg01764713	0.90140554380119	0.933650473884803	78.0		0.978844761216169
17-rs11263770	False	ENSG00000278535	DHRS11		high	0.90140554380119	cg01764713	0.90140554380119	0.935910982190717	78.0		0.903187514444167
17-rs11263770	False	ENSG00000277161	PIGW		suggestive	0.798525815119603	cg18574725	0.849514860810198	0.798525815119603	80.0		0.861687815086349
17-rs11263770	False	ENSG00000278619	MRM1		suggestive	0.765710219091025	cg01764713	0.90140554380119	0.765710219091025	78.0		0.891300315273886
17-rs12943566	True	ENSG00000070444	MNT	MNT	high	0.959490964851879	cg15816464	0.959490964851879	0.972589153582615	370.0	277879.0	0.294797744038808
17-rs12943566	True	ENSG00000132386	SERPINF1	SERPINF1	high	0.955377776875128	cg15816464	0.959490964851879	0.955377776875128	370.0	361280.0	0.0677510564241605
17-rs2189336	False	ENSG00000167842	MIS12	MIS12	high	0.932748660198224	cg01774335	0.932748660198224	0.960104121700327	475.0	100951.0	0.869283786092164
17-rs2189336	False	ENSG00000029725	RABEP1	RABEP1	high	0.92727686697651	cg01774335	0.932748660198224	0.92727686697651	475.0	103096.0	0.937336186999943
17-rs2189336	False	ENSG00000196388	INCA1	INCA1	high	0.917652728064213	cg14270556	0.917652728064213	0.951535531722418	714.0	472233.0	0.311681196430326
17-rs2189336	False	ENSG00000108561	C1QBP	C1QBP	suggestive	0.779441842218058	cg07967207	0.902890287056845	0.779441842218058	395.0	163118.0	0.638969851521239
17-rs2189336	False	ENSG00000161929	SCIMP	SCIMP	suggestive	0.721668427091025	cg01774335	0.932748660198224	0.721668427091025	475.0	150499.0	0.136636282010372
17-rs2189336	False	ENSG00000167840	ZNF232	ZNF232	suggestive	0.692401713462299	cg01774335	0.932748660198224	0.692401713462299	475.0	262243.0	0.606586890105754
17-rs2189336	False	ENSG00000129204	USP6	USP6	suggestive	0.690065142486357	cg01774335	0.932748660198224	0.690065142486357	475.0	268921.0	0.425631489113706
17-rs2189336	False	ENSG00000091592	NLRP1	NLRP1	suggestive	0.537786708653888	cg25298039	0.964587375085465	0.537786708653888	654.0	120205.0	0.0875021306649319
17-rs2696466	False	ENSG00000228696	ARL17B	ARL17B	high	0.959015615498749	cg05727186	0.968622474799605	0.959015615498749	57.0	741774.0	0.872427868024077
17-rs2696466	False	ENSG00000120071	KANSL1	KANSL1	high	0.958781999317857	cg05727186	0.968622474799605	0.958781999317857	57.0	605377.0	0.207278002025977
17-rs2696466	False	ENSG00000176681	LRRC37A	LRRC37A	high	0.956985861101136	cg05727186	0.968622474799605	0.956985861101136	57.0	672743.0	0.979533645822858
17-rs2696466	False	ENSG00000185829	ARL17A	ARL17A	high	0.956306623877774	cg05727186	0.968622474799605	0.956306623877774	57.0	959732.0	0.931444345128803
17-rs2696466	False	ENSG00000238083	LRRC37A2	LRRC37A2	high	0.956303105828005	cg05727186	0.968622474799605	0.956303105828005	57.0	891521.0	0.979564196502287
17-rs2696466	False	ENSG00000225190	PLEKHM1	PLEKHM1	high	0.954225887467156	cg05727186	0.968622474799605	0.954225887467156	57.0	129241.0	0.286633240808304
17-rs2696466	False	ENSG00000120088	CRHR1	CRHR1	high	0.954223525427285	cg05727186	0.968622474799605	0.954223525427285	57.0	1911.0	0.257221284823073
17-rs2696466	False	ENSG00000159314	ARHGAP27	ARHGAP27	high	0.953757021442564	cg05727186	0.968622474799605	0.953757021442564	57.0	185569.0	0.361738156537059
17-rs2696466	False	ENSG00000185294	SPPL2C	SPPL2C	high	0.952172274669393	cg05727186	0.968622474799605	0.952172274669393	57.0	224900.0	0.344961381657236
17-rs2696466	False	ENSG00000256762	STH	STH	high	0.949606010083807	cg08670715	0.949606010083807	0.955162896468062	73.0	265138.0	0.291923767717735
17-rs2696466	False	ENSG00000172992	DCAKD	DCAKD	high	0.937152539595661	cg18410271	0.937916816388648	0.937152539595661	46.0	333962.0	0.14633042623664
17-rs2696466	False	ENSG00000108379	WNT3	WNT3	high	0.930135796284745	cg08670715	0.949606010083807	0.930135796284745	73.0	568766.0	0.0623429034197242
17-rs2696466	False	ENSG00000186868	MAPT	MAPT	high	0.837722717517673	cg20120463	0.911742781039141	0.837722717517673	47.0	330138.0	0.283539421082196
17-rs3909258	True	ENSG00000189152	GRAPL	GRAPL	high	0.95141233897043	cg22083166	0.95141233897043	0.980274586646375	134.0	113424.0	0.167643542378559
17-rs3909258	True	ENSG00000188522	FAM83G	FAM83G	suggestive	0.798607970962971	cg26619894	0.992581716855294	0.798607970962971	204.0	341047.0	0.134422886366541
17-rs3909258	True	ENSG00000108641	B9D1	B9D1	suggestive	0.512211992344424	cg26619894	0.992581716855294	0.512211992344424	204.0	32331.0	0.311526569690981
17-rs7225476	True	ENSG00000186765	FSCN2	FSCN2	high	0.99441541407128	cg19935128	0.995012871785069	0.99441541407128	171.0	11821.0	0.534424646938676
17-rs7225476	True	ENSG00000182612	TSPAN10	TSPAN10	high	0.889713474741035	cg11217218	0.90252133681877	0.889713474741035	153.0	83136.0	0.0993341355958505
17-rs7225476	True	ENSG00000214087	ARL16	ARL16	high	0.889713474741035	cg11217218	0.90252133681877	0.889713474741035	153.0	129893.0	0.511451450615111
17-rs7225476	True	ENSG00000185298	CCDC137	CCDC137	high	0.889713474735674	cg11217218	0.90252133681877	0.889713474735674	153.0	112333.0	0.0940142383468206
17-rs75329315	True	ENSG00000070444	MNT	MNT	high	0.959490964851879	cg15816464	0.959490964851879	0.972589153582615	370.0	277879.0	0.331937441019701
17-rs75329315	True	ENSG00000132386	SERPINF1	SERPINF1	high	0.955377776875128	cg15816464	0.959490964851879	0.955377776875128	370.0	361280.0	0.0631658449337576
17-rs959071	True	ENSG00000188522	FAM83G	FAM83G	high	0.997744153431329	cg04585390	0.997744153431329	0.998196042369626	167.0	10194.0	0.123265273530147
17-rs959071	True	ENSG00000189152	GRAPL	GRAPL	high	0.95141233897043	cg22083166	0.95141233897043	0.980274586646375	134.0	113424.0	0.165144114340056
17-rs959071	True	ENSG00000128487	SPECC1	SPECC1	high	0.836953800228696	cg21637761	0.836953800228696	0.949529669097544	204.0	194663.0	0.104444794150524
17-rs959071	True	ENSG00000166484	MAPK7	MAPK7	high	0.807050763467488	cg01627492	0.961593011254692	0.807050763467488	172.0	364634.0	0.230649221193223
17-rs959071	True	ENSG00000108641	B9D1	B9D1	suggestive	0.512211992344424	cg26619894	0.992581716855294	0.512211992344424	204.0	32331.0	0.303917567787701
18-rs55858161	True	ENSG00000178342	KCNG2	KCNG2	suggestive	0.585753158078354	cg12092346	0.91617589532242	0.585753158078354	361.0	35904.0	0.452142983745749
19-rs144821294	True	ENSG00000104886	PLEKHJ1	PLEKHJ1	high	0.939108184804534	cg24866700	0.939108184804534	0.94887144938298	292.0	2600.0	0.712387770101797
19-rs144821294	True	ENSG00000104885	DOT1L	DOT1L	high	0.918254556312306	cg24866700	0.939108184804534	0.918254556312306	292.0	70955.0	0.394436019790891
19-rs144821294	True	ENSG00000172009	THOP1	THOP1	high	0.878757296427242	cg05299479	0.878757296427242	0.89353581724474	473.0	27970.0	0.0679530644135102
19-rs144821294	True	ENSG00000115266	APC2	APC2	high	0.870265750583871	cg27150178	0.870265750583871	0.983181678258975	279.0	10037.0	0.581267575961893
19-rs144821294	True	ENSG00000115255	REEP6	REEP6	high	0.844162592731521	cg12232658	0.844162592731521	0.895050187611494	277.0	33198.0	0.0747917798135285
19-rs144821294	True	ENSG00000006638	TBXA2R	TBXA2R	high	0.841917606878089	cg05299479	0.878757296427242	0.841917606878089	473.0	793410.0	0.694928642347395
19-rs144821294	True	ENSG00000104969	SGTA	SGTA	suggestive	0.723488458624678	cg07010228	0.861870939592482	0.723488458624678	271.0	529515.0	0.0757567525192841
19-rs144821294	True	ENSG00000161082	CELF5	CELF5	suggestive	0.701754658000426	cg14103263	0.888713142806491	0.701754658000426	391.0	497553.0	0.318084275715346
19-rs144821294	True	ENSG00000104899	AMH	AMH	suggestive	0.664763645516355	cg11616651	0.818118951341751	0.664763645516355	269.0	2529.0	0.0023922288400933
19-rs144821294	True	ENSG00000104897	SF3A2	SF3A2	suggestive	0.647353276953938	cg04887494	0.825191890286673	0.647353276953938	267.0	16266.0	0.073207336969948
19-rs144821294	True	ENSG00000160953	PWWP3A	MUM1	suggestive	0.512959479023342	cg12232658	0.844162592731521	0.512959479023342	277.0	172077.0	0.0717682098859152
19-rs144821294	True	ENSG00000065000	AP3D1	AP3D1	suggestive	0.508113419569167	cg22774088	0.912666593879097	0.508113419569167	271.0	88934.0	0.100573194854993
19-rs2387414	False	ENSG00000104870	FCGRT	FCGRT	high	0.902203905879107	cg11271593	0.902203905879107	0.932973623750086	96.0	9213.0	0.77651479927024
19-rs2387414	False	ENSG00000169169	CPT1C	CPT1C	high	0.902203905879107	cg11271593	0.902203905879107	0.903345513158319	96.0	193295.0	0.740357495704644
19-rs2387414	False	ENSG00000126456	IRF3	IRF3	high	0.81762158140342	cg07071036	0.81762158140342	0.848261951880298	109.0	154145.0	0.974651382391242
19-rs2387414	False	ENSG00000224420	ADM5	ADM5	suggestive	0.738287082346191	cg17417856	0.986133008910541	0.738287082346191	173.0	284.0	0.321626730846691
19-rs2387414	False	ENSG00000142552	RCN3	RCN3	suggestive	0.720688378473782	cg11271593	0.902203905879107	0.720688378473782	96.0	30015.0	0.479674591872365
19-rs2387414	False	ENSG00000126464	PRR12	PRR12	suggestive	0.642778273302864	cg11271593	0.902203905879107	0.642778273302864	96.0	94040.0	0.508805234184866
19-rs2387414	False	ENSG00000196337	CGB7	CGB7	suggestive	0.604009658216209	cg03172226	0.996398628237099	0.604009658216209	175.0	600781.0	0.409126185662437
19-rs2387414	False	ENSG00000126460	PRRG2	PRRG2	suggestive	0.580301831404191	cg11271593	0.902203905879107	0.580301831404191	96.0	83043.0	0.109770987936877
19-rs2387414	False	ENSG00000087086	FTL	FTL	suggestive	0.549689647782208	cg11271593	0.902203905879107	0.549689647782208	96.0	532302.0	0.360370363363593
19-rs3810450	False	ENSG00000105261	OVOL3	OVOL3	high	0.974255530373355	cg19389372	0.99125147991232	0.974255530373355	229.0	116748.0	0.985728610464706
19-rs3810450	False	ENSG00000205138	SDHAF1	SDHAF1	high	0.823457037902846	cg19389372	0.99125147991232	0.823457037902846	229.0	734.0	0.0669849650865679
19-rs3810450	False	ENSG00000126243	LRFN3	LRFN3	suggestive	0.712288645359311	cg04579398	0.971085631832938	0.712288645359311	229.0	59100.0	0.356562525900676
19-rs7251	False	ENSG00000182264	IZUMO1	IZUMO1	high	0.987250585866964	cg18537730	0.987250585866964	0.990881078848279	293.0	86.0	0.148676459893438
19-rs7251	False	ENSG00000105538	RASIP1	RASIP1	high	0.941358694463808	cg07611790	0.941358694463808	0.999491285865934	277.0	3155.0	0.149330960245736
19-rs7251	False	ENSG00000176909	MAMSTR	MAMSTR	high	0.915434128280799	cg16867584	0.915434128280799	0.946500293444516	257.0	22798.0	0.124366119448355
19-rs7251	False	ENSG00000142233	NTN5	NTN5	high	0.895117224639039	cg27008631	0.895117224639039	0.913037596851776	214.0	4.0	0.035875281230832
19-rs7251	False	ENSG00000176920	FUT2	FUT2	high	0.895117224639039	cg27008631	0.895117224639039	0.95748242832444	214.0	22886.0	0.200702066338975
19-rs7251	False	ENSG00000105523	FAM83E	FAM83E	high	0.865074442854851	cg05643373	0.896682536866074	0.865074442854851	267.0	102311.0	0.163663773880854
19-rs7251	False	ENSG00000104804	TULP2	TULP2	high	0.835630765018865	cg00863469	0.835630765018865	0.885332338595571	111.0	285567.0	0.0961627668923998
19-rs7251	False	ENSG00000174951	FUT1	FUT1	high	0.835630765018865	cg00863469	0.835630765018865	0.976076643647976	111.0	142224.0	0.109207317221854
19-rs7251	False	ENSG00000169169	CPT1C	CPT1C	suggestive	0.795497190367112	cg25740437	0.965081718274133	0.795497190367112	379.0	540710.0	0.741113187236651
19-rs7251	False	ENSG00000224420	ADM5	ADM5	suggestive	0.738287082346191	cg17417856	0.986133008910541	0.738287082346191	173.0	284.0	0.309800094661744
19-rs7251	False	ENSG00000177380	PPFIA3	PPFIA3	suggestive	0.645375862584668	cg17527563	0.930827720104046	0.645375862584668	29.0	3918.0	0.0788436827236335
19-rs7251	False	ENSG00000196337	CGB7	CGB7	suggestive	0.604009658216209	cg03172226	0.996398628237099	0.604009658216209	175.0	600781.0	0.222561688559273
19-rs7251	False	ENSG00000063180	CA11	CA11	suggestive	0.600468521966593	cg00846121	0.849052140424194	0.600468521966593	118.0	31455.0	0.217498749229704
19-rs7251	False	ENSG00000104852	SNRNP70	SNRNP70	suggestive	0.56529236686878	cg17527563	0.930827720104046	0.56529236686878	29.0	30052.0	0.189441249112145
19-rs7251	False	ENSG00000177202	SPACA4	SPACA4	suggestive	0.529032813914023	cg08619932	0.884173815785442	0.529032813914023	258.0	90058.0	0.0689174830478966
19-rs7251	False	ENSG00000104872	PIH1D1	PIH1D1	suggestive	0.502222384990167	cg17430167	0.849486155459948	0.502222384990167	382.0	301536.0	0.0713017037696211
19-rs72986630	False	ENSG00000198342	ZNF442	ZNF442	high	0.923331252372854	cg20215586	0.923331252372854	0.968523093078965	495.0	142.0	0.0955470414570713
19-rs72986630	False	ENSG00000198429	ZNF69	ZNF69	high	0.923331252372854	cg20215586	0.923331252372854	0.994042456781994	495.0	477978.0	0.0813842407572754
19-rs8101499	False	ENSG00000129933	MAU2	MAU2	high	0.982019061029794	cg03186620	0.982019061029794	0.991748962645161	224.0	225926.0	0.609230240492362
19-rs8101499	False	ENSG00000167491	GATAD2A	GATAD2A	high	0.953060482207393	cg08509172	0.963043592701576	0.953060482207393	324.0	112797.0	0.940620645850174
19-rs8101499	False	ENSG00000237440	ZNF737	ZNF737	high	0.927025170227333	cg26162025	0.927025170227333	0.963318970573287	35.0	1132113.0	0.127136295464778
19-rs8101499	False	ENSG00000105705	SUGP1	SUGP1	high	0.899785159762135	cg16629695	0.959504666977827	0.899785159762135	248.0	60423.0	0.836301241217008
19-rs8101499	False	ENSG00000105717	PBX4	PBX4	high	0.896367593783673	cg01297721	0.950950516800112	0.896367593783673	344.0	356159.0	0.190534918901612
19-rs8101499	False	ENSG00000187664	HAPLN4	HAPLN4	high	0.894311559265531	cg16745793	0.894311559265531	0.94552747220629	330.0	397255.0	0.000534304435724
19-rs8101499	False	ENSG00000105708	ZNF14	ZNF14	high	0.87413544104109	cg08509172	0.963043592701576	0.87413544104109	324.0	460068.0	0.0867415422663516
19-rs8101499	False	ENSG00000160161	CILP2	CILP2	high	0.817603604363588	cg16745793	0.894311559265531	0.817603604363588	330.0	121803.0	0.424397534425761
19-rs8101499	False	ENSG00000213996	TM6SF2	TM6SF2	suggestive	0.79060371704532	cg08509172	0.963043592701576	0.79060371704532	324.0	362.0	0.822659899668106
19-rs8101499	False	ENSG00000178093	TSSK6	TSSK6	suggestive	0.747497843415598	cg16745793	0.894311559265531	0.747497843415598	330.0	144022.0	0.124496601980887
19-rs8101499	False	ENSG00000181896	ZNF101	ZNF101	suggestive	0.720695476848146	cg08509172	0.963043592701576	0.720695476848146	324.0	395767.0	0.171325919255852
19-rs8101499	False	ENSG00000105700	KXD1	KXD1	suggestive	0.663657224242718	cg06747543	0.830601407275872	0.663657224242718	303.0	78678.0	0.107676368441065
19-rs8101499	False	ENSG00000186010	NDUFA13	NDUFA13	suggestive	0.632487766477442	cg26732615	0.902339672416544	0.632487766477442	235.0	21790.0	0.207469688989968
19-rs8101499	False	ENSG00000089639	GMIP	GMIP	suggestive	0.612394621567851	cg16745793	0.894311559265531	0.612394621567851	330.0	16384.0	0.126133517194613
19-rs8101499	False	ENSG00000221983	UBA52	UBA52	suggestive	0.5104049906634	cg06747543	0.830601407275872	0.5104049906634	303.0	92646.0	0.0697825148301343
19-rs8101499	False	ENSG00000105726	ATP13A1	ATP13A1	suggestive	0.5071360254415	cg26732615	0.902339672416544	0.5071360254415	235.0	126167.0	0.298167524339661
2-rs11680723	True	ENSG00000226124	FTCDNL1	FTCDNL1	high	0.915629539590679	cg19674722	0.915629539590679	0.956115616098021	276.0	128342.0	0.58998917827883
2-rs12471454	True	ENSG00000226124	FTCDNL1	FTCDNL1	high	0.915629539590679	cg19674722	0.915629539590679	0.956115616098021	276.0	128342.0	0.627970537080541
2-rs12476312	True	ENSG00000173744	AGFG1	AGFG1	high	0.871876964333205	cg20683151	0.871876964333205	0.970397488918815	559.0	92896.0	0.0675670648825515
2-rs2914983	False	ENSG00000115524	SF3B1	SF3B1	high	0.979382293411279	cg16411361	0.979382293411279	0.980070764455629	402.0	236162.0	0.949476402251694
2-rs2914983	False	ENSG00000065413	ANKRD44	ANKRD44	high	0.929109014603151	cg16411361	0.979382293411279	0.929109014603151	402.0	112244.0	0.592952579027524
2-rs34181670	True	ENSG00000138028	CGREF1	CGREF1	high	0.942753218664992	cg23221603	0.942753218664992	0.955698735654947	146.0	378112.0	0.340483425904998
2-rs34181670	True	ENSG00000138030	KHK	KHK	high	0.934990658659597	cg04187433	0.934990658659597	0.980049816357198	43.0	272174.0	0.0745772463060571
2-rs34181670	True	ENSG00000213699	SLC35F6	SLC35F6	high	0.934990658659597	cg04187433	0.934990658659597	0.948698226634387	43.0	50289.0	0.15544759534436
2-rs34181670	True	ENSG00000171303	KCNK3	KCNK3	high	0.922616702884446	cg04187433	0.934990658659597	0.922616702884446	43.0	121822.0	0.676755248099154
2-rs34181670	True	ENSG00000084764	MAPRE3	MAPRE3	high	0.88498631816985	cg12821679	0.932126168018634	0.88498631816985	176.0	55869.0	0.0960767591451588
2-rs34181670	True	ENSG00000143994	ABHD1	ABHD1	high	0.8522063001736	cg23005057	0.895057755958412	0.8522063001736	188.0	176374.0	0.309801976242047
2-rs34181670	True	ENSG00000115163	CENPA	CENPA	high	0.843729947046279	cg04187433	0.934990658659597	0.843729947046279	43.0	50284.0	0.0828886032676317
2-rs34181670	True	ENSG00000157851	DPYSL5	DPYSL5	high	0.815724003493628	cg01252136	0.815724003493628	0.828074656993597	188.0	81112.0	0.07796488591436
2-rs34181670	True	ENSG00000138085	ATRAID	ATRAID	high	0.807996067324297	cg24127278	0.936942181983848	0.807996067324297	199.0	425180.0	0.100895986163347
2-rs34181670	True	ENSG00000115207	GTF3C2	GTF3C2	high	0.806342434575058	cg17682441	0.974243913250715	0.806342434575058	218.0	237722.0	0.0899472380985001
2-rs34181670	True	ENSG00000115211	EIF2B4	EIF2B4	suggestive	0.514832138175039	cg17682441	0.974243913250715	0.514832138175039	218.0	251207.0	0.41584723909912
2-rs3770752	False	ENSG00000003509	NDUFAF7	NDUFAF7	high	0.9397151885271	cg07961416	0.9397151885271	0.980097261664504	443.0	92586.0	0.908942534987359
2-rs3770752	False	ENSG00000115816	CEBPZ	CEBPZ	high	0.9397151885271	cg07961416	0.9397151885271	0.975036287220479	443.0	92504.0	0.869369639033445
2-rs3770752	False	ENSG00000218739	CEBPZOS	AC007390.5	high	0.89513248793499	cg20091297	0.89513248793499	0.996697916515358	36.0	148792.0	0.548905672153772
2-rs3770752	False	ENSG00000115825	PRKD3	PRKD3	suggestive	0.706147836915629	cg04696149	0.966897897177857	0.706147836915629	446.0	594.0	0.78835893264327
2-rs62152282	True	ENSG00000135974	C2orf49	C2orf49	high	0.964108882959602	cg02563156	0.964108882959602	0.989866507676168	233.0	23787.0	0.18629007090883
2-rs6546857	False	ENSG00000144035	NAT8	NAT8	high	0.993049014702321	cg13584399	0.993049014702321	0.994023217615926	32.0	37807.0	0.851437787706487
2-rs6546857	False	ENSG00000144034	TPRKB	TPRKB	high	0.844335117881727	cg23103346	0.844335117881727	0.936691261558422	28.0	94422.0	0.439922839288688
2-rs6546857	False	ENSG00000187833	C2orf78	C2orf78	high	0.844335117881727	cg23103346	0.844335117881727	0.968035011706996	28.0	141211.0	3.1700669635593e-05
2-rs6546857	False	ENSG00000003137	CYP26B1	CYP26B1	high	0.830426960261448	cg26898166	0.830426960261448	0.858163481904384	227.0	768632.0	0.13848311643047
2-rs6546857	False	ENSG00000135638	EMX1	EMX1	suggestive	0.619889396480155	cg03755425	0.98533215267091	0.619889396480155	229.0	2471.0	0.237175451749342
2-rs7575796	False	ENSG00000144199	FAHD2B	FAHD2B	high	0.951154866778467	cg15146125	0.951154866778467	0.965332933817718	122.0	768866.0	0.0932451440509511
2-rs7575796	False	ENSG00000196843	ARID5A	ARID5A	suggestive	0.673273827848487	cg06909469	0.934515479266003	0.673273827848487	122.0	211680.0	0.0849340248786735
2-rs7575796	False	ENSG00000135956	TMEM127	TMEM127	suggestive	0.669436792314594	cg13140267	0.8825345185881	0.669436792314594	119.0	39972.0	0.106831830103518
2-rs7575796	False	ENSG00000274286	ADRA2B		suggestive	0.552401399935899	cg17932631	0.914319311886572	0.552401399935899	122.0		0.120000440802048
2-rs999494	False	ENSG00000144035	NAT8	NAT8	high	0.993049014702321	cg13584399	0.993049014702321	0.994023217615926	32.0	37807.0	0.851424532084582
2-rs999494	False	ENSG00000144034	TPRKB	TPRKB	high	0.844335117881727	cg23103346	0.844335117881727	0.936691261558422	28.0	94422.0	0.44947522893147
2-rs999494	False	ENSG00000187833	C2orf78	C2orf78	high	0.844335117881727	cg23103346	0.844335117881727	0.968035011706996	28.0	141211.0	3.17556847388814e-05
2-rs999494	False	ENSG00000003137	CYP26B1	CYP26B1	high	0.830426960261448	cg26898166	0.830426960261448	0.858163481904384	227.0	768632.0	0.128274995110592
2-rs999494	False	ENSG00000135638	EMX1	EMX1	suggestive	0.619889396480155	cg03755425	0.98533215267091	0.619889396480155	229.0	2471.0	0.229400305261822
20-rs1006945	True	ENSG00000101442	ACTR5	ACTR5	high	0.882650829385796	cg27459437	0.976252816246823	0.882650829385796	417.0	87509.0	0.434827050885833
22-rs6010045	True	ENSG00000100426	ZBED4	ZBED4	high	0.833148886670877	cg08719749	0.897341147119285	0.833148886670877	104.0	64545.0	0.754441583735913
22-rs6010045	True	ENSG00000073146	MOV10L1	MOV10L1	suggestive	0.773820780128399	cg15316289	0.857191124690101	0.773820780128399	418.0	217404.0	0.114456768627369
22-rs6010045	True	ENSG00000182858	ALG12	ALG12	suggestive	0.598920258971518	cg08719749	0.897341147119285	0.598920258971518	104.0	71.0	0.689016449204449
22-rs732381	True	ENSG00000100346	CACNA1I	CACNA1I	suggestive	0.782357409759069	cg17610933	0.999708366892352	0.782357409759069	258.0	84838.0	0.121399618888337
22-rs9607782	False	ENSG00000100403	ZC3H7B	ZC3H7B	high	0.999998157927214	cg07918799	0.999998157927214	0.999999996389747	35.0	56076.0	0.199269485056969
22-rs9607782	False	ENSG00000128285	MCHR1	MCHR1	high	0.992579211272843	cg07918799	0.999998157927214	0.992579211272843	35.0	678848.0	0.283286056539745
22-rs9607782	False	ENSG00000100395	L3MBTL2	L3MBTL2	high	0.976842469879631	cg07918799	0.999998157927214	0.976842469879631	35.0	152393.0	0.480230605497886
22-rs9607782	False	ENSG00000100138	SNU13	NHP2L1	high	0.960268122256613	cg15128208	0.960268122256613	0.997315212418188	38.0	462645.0	0.339302324443471
22-rs9607782	False	ENSG00000100413	POLR3H	POLR3H	high	0.956361154858224	cg08650629	0.956361154858224	0.983251600624908	207.0	529496.0	0.125688146591408
22-rs9607782	False	ENSG00000159958	TNFRSF13C	TNFRSF13C	high	0.956361154858224	cg08650629	0.956361154858224	0.980146167907785	207.0	147284.0	0.140343735106046
22-rs9607782	False	ENSG00000172346	CSDC2	CSDC2	high	0.956361154858224	cg08650629	0.956361154858224	0.961818358837861	207.0	513339.0	0.132523230009618
22-rs9607782	False	ENSG00000177096	PHETA2	FAM109B	high	0.954480964716383	cg25452165	0.954480964716383	0.965011275911834	43.0	54729.0	0.883783510269915
22-rs9607782	False	ENSG00000183172	SMDT1	SMDT1	high	0.954480964716383	cg25452165	0.954480964716383	0.970280509240474	43.0	49289.0	0.727559643683236
22-rs9607782	False	ENSG00000100162	CENPM	CENPM	high	0.939829151568861	cg17401067	0.939829151568861	0.987212252719525	233.0	502876.0	0.0743584698310393
22-rs9607782	False	ENSG00000198951	NAGA	NAGA	high	0.939829151568861	cg17401067	0.939829151568861	0.987218707100533	233.0	626554.0	0.950724239855293
22-rs9607782	False	ENSG00000183066	WBP2NL	WBP2NL	high	0.916196595624959	cg11851098	0.956639834159592	0.916196595624959	313.0	611.0	0.853804400299971
22-rs9607782	False	ENSG00000205704	LINC00634	LINC00634	high	0.906251506835481	cg19513890	0.987821094018717	0.906251506835481	48.0	190667.0	0.862973915591452
22-rs9607782	False	ENSG00000100372	SLC25A17	SLC25A17	high	0.884383248377733	cg04757892	0.89536422986548	0.884383248377733	279.0	482598.0	0.723741231987709
22-rs9607782	False	ENSG00000100418	DESI1	DESI1	suggestive	0.791878154087249	cg17401067	0.939829151568861	0.791878154087249	233.0	176808.0	0.164995267575647
22-rs9607782	False	ENSG00000100417	PMM1	PMM1	suggestive	0.77677350474437	cg17401067	0.939829151568861	0.77677350474437	233.0	145602.0	0.130597725050164
22-rs9607782	False	ENSG00000100197	CYP2D6	CYP2D6	suggestive	0.761096602057543	cg11881141	0.932359184402049	0.761096602057543	39.0	1629.0	0.155500613730595
22-rs9607782	False	ENSG00000167077	MEI1	MEI1	suggestive	0.692005924772102	cg17401067	0.939829151568861	0.692005924772102	233.0	255211.0	0.122431866598299
22-rs9607782	False	ENSG00000100410	PHF5A	PHF5A	suggestive	0.655988716710524	cg15128208	0.960268122256613	0.655988716710524	38.0	684424.0	0.115482926907115
22-rs9607782	False	ENSG00000184983	NDUFA6	NDUFA6	suggestive	0.601429966602528	cg10840135	0.866694467091365	0.601429966602528	99.0	39660.0	0.199888617591968
3-rs10935184	False	ENSG00000114054	PCCB	PCCB	high	0.814764344456855	cg12102181	0.843379692145982	0.814764344456855	262.0	499043.0	0.947463679396818
3-rs10935184	False	ENSG00000158092	NCK1	NCK1	high	0.813203012756691	cg10504062	0.813203012756691	0.925642279500729	195.0	612098.0	0.117203889392282
3-rs2710323	False	ENSG00000114904	NEK4	NEK4	high	0.991006540030062	cg14845053	0.991006540030062	0.991879862360484	187.0	528833.0	0.458948659809652
3-rs2710323	False	ENSG00000163938	GNL3	GNL3	high	0.991006540030062	cg14845053	0.991006540030062	0.991555677793941	187.0	439040.0	0.96065934972302
3-rs2710323	False	ENSG00000168237	GLYCTK	GLYCTK	high	0.991006540030062	cg14845053	0.991006540030062	0.991788727522305	187.0	44973.0	0.750283664650594
3-rs2710323	False	ENSG00000163939	PBRM1	PBRM1	high	0.982180140041217	cg14845053	0.991006540030062	0.982180140041217	187.0	443801.0	0.0908443262607957
3-rs2710323	False	ENSG00000164088	PPM1M	PPM1M	high	0.979176826015358	cg11156132	0.981322078922507	0.979176826015358	92.0	953428.0	0.477863333228151
3-rs2710323	False	ENSG00000163933	RFT1	RFT1	high	0.960040552391969	cg01966117	0.986555553747475	0.960040552391969	245.0	635764.0	0.0557757489509688
3-rs2710323	False	ENSG00000163931	TKT	TKT	high	0.949710363677969	cg11156132	0.981322078922507	0.949710363677969	132.0	56799.0	0.131602798907457
3-rs2710323	False	ENSG00000213533	STIMATE	TMEM110	high	0.949610442376253	cg11156132	0.981322078922507	0.949610442376253	132.0	301657.0	0.140918774520489
3-rs2710323	False	ENSG00000055955	ITIH4	ITIH4	high	0.933459705942036	cg00748718	0.933459705942036	0.94234356376503	81.0	418196.0	0.0480454262743473
3-rs2710323	False	ENSG00000163932	PRKCD	PRKCD	high	0.913081555582514	cg01966117	0.986555553747475	0.913081555582514	245.0	661311.0	0.113986262495538
3-rs2710323	False	ENSG00000163935	SFMBT1	SFMBT1	high	0.897424028047963	cg19033906	0.897424028047963	0.939513336187583	256.0	452206.0	0.176251602151251
3-rs2710323	False	ENSG00000010322	NISCH	NISCH	high	0.879406463591895	cg14845053	0.991006540030062	0.879406463591895	187.0	213002.0	0.084941852779236
3-rs2710323	False	ENSG00000016864	GLT8D1	GLT8D1	high	0.832584812235588	cg01966117	0.986555553747475	0.832584812235588	245.0	211334.0	0.1533992448974
3-rs2710323	False	ENSG00000162267	ITIH3	ITIH3	high	0.81329246661082	cg11156132	0.981322078922507	0.81329246661082	132.0	404485.0	0.27093406737569
3-rs2710323	False	ENSG00000114854	TNNC1	TNNC1	suggestive	0.790033280271159	cg01966117	0.986555553747475	0.790033280271159	245.0	40628.0	0.12208171005333
3-rs2710323	False	ENSG00000114902	SPCS1	SPCS1	suggestive	0.783350929435192	cg01966117	0.986555553747475	0.783350929435192	245.0	210257.0	0.573703097781848
3-rs2710323	False	ENSG00000114841	DNAH1	DNAH1	suggestive	0.779333428774283	cg07507251	0.973402197142173	0.779333428774283	47.0	216675.0	0.152776292399716
3-rs2710323	False	ENSG00000239732	TLR9	TLR9	suggestive	0.715770709536117	cg01966117	0.986555553747475	0.715770709536117	245.0	255531.0	0.0039322035728762
3-rs2710323	False	ENSG00000168268	NT5DC2	NT5DC2	suggestive	0.6857940217667	cg07507251	0.973402197142173	0.6857940217667	47.0	2060.0	0.369652796022391
3-rs2710323	False	ENSG00000247596	TWF2	TWF2	suggestive	0.595962302350064	cg00150837	0.940751977579802	0.595962302350064	279.0	448555.0	0.115302363235654
3-rs2710323	False	ENSG00000163930	BAP1	BAP1	suggestive	0.528047324927265	cg01966117	0.986555553747475	0.528047324927265	245.0	84348.0	0.343043280142919
3-rs62291002	True	ENSG00000284862	CCDC39		high	0.872394185694341	cg15870818	0.964156646252316	0.872394185694341	170.0		0.402666016377391
3-rs71312200	True	ENSG00000284862	CCDC39		high	0.872394185694341	cg15870818	0.964156646252316	0.872394185694341	170.0		0.426099514284531
4-rs13107325	True	ENSG00000164037	SLC9B1	SLC9B1	high	0.967369890312596	cg14150999	0.967369890312596	0.981862627234731	45.0	2866.0	0.0960601124441416
4-rs13107325	True	ENSG00000164039	BDH2	BDH2	high	0.952601363691074	cg14241074	0.964016544388428	0.952601363691074	54.0	268088.0	0.29680119516521
4-rs13107325	True	ENSG00000109323	MANBA	MANBA	high	0.869792038807899	cg14241074	0.964016544388428	0.869792038807899	54.0	70801.0	0.250825700059049
4-rs13107325	True	ENSG00000164038	SLC9B2	SLC9B2	suggestive	0.676527785659569	cg14150999	0.967369890312596	0.676527785659569	45.0	68956.0	0.0787206041467509
4-rs13117857	True	ENSG00000174145	NWD2	KIAA1239	suggestive	0.660662897670505	cg08040012	0.989005087274885	0.660662897670505	550.0	1744.0	0.497492457965121
4-rs35734242	True	ENSG00000163945	UVSSA	UVSSA	high	0.924518138921727	cg03810282	0.924518138921727	0.984263086964514	29.0	618456.0	0.158033345868192
4-rs35734242	True	ENSG00000288380	CRIPAK		high	0.924518138921727	cg03810282	0.924518138921727	0.986367174148526	29.0		6.99257401370302e-07
4-rs35734242	True	ENSG00000159674	SPON2	SPON2	high	0.867121323070896	cg23921777	0.867121323070896	0.99993675136169	74.0	163847.0	0.0984737245691924
4-rs35734242	True	ENSG00000090316	MAEA	MAEA	high	0.837312239643928	cg12012426	0.84223426587315	0.837312239643928	52.0	82824.0	0.07657137766151
4-rs35734242	True	ENSG00000182903	ZNF721	ZNF721	suggestive	0.736588424494367	cg03810282	0.924518138921727	0.736588424494367	29.0	229653.0	0.0998759759027419
4-rs35734242	True	ENSG00000178222	RNF212	RNF212	suggestive	0.69703174277295	cg03041730	0.882866026867425	0.69703174277295	436.0	204036.0	0.148473530484928
4-rs35734242	True	ENSG00000168993	CPLX1	CPLX1	suggestive	0.686920963224725	cg20808227	0.977200925375745	0.686920963224725	385.0	78213.0	0.421783239339612
4-rs35734242	True	ENSG00000243449	C4orf48	C4orf48	suggestive	0.520419665907634	cg21987921	0.815648173250296	0.520419665907634	486.0	845211.0	0.0415634583803363
4-rs35734242	True	ENSG00000145217	SLC26A1	SLC26A1	suggestive	0.514143522363652	cg23921777	0.867121323070896	0.514143522363652	74.0	379369.0	0.106846976975993
4-rs61405217	True	ENSG00000137601	NEK1	NEK1	high	0.945295681629328	cg26722769	0.945295681629328	0.958754915179315	33.0	205050.0	0.128416531845319
4-rs61405217	True	ENSG00000109572	CLCN3	CLCN3	high	0.941601266412952	cg26722769	0.945295681629328	0.941601266412952	33.0	205054.0	0.562593703755994
4-rs7681616	True	ENSG00000170180	GYPA	GYPA	high	0.990882005141952	cg17716297	0.990882005141952	0.996656193362978	41.0	580872.0	0.0046762441510279
4-rs7681616	True	ENSG00000197465	GYPE	GYPE	high	0.990882005141952	cg17716297	0.990882005141952	0.998147867778085	41.0	345684.0	0.095549257591891
4-rs7681616	True	ENSG00000250361	GYPB	GYPB	high	0.990882005141952	cg17716297	0.990882005141952	0.996744499103109	41.0	580812.0	0.0156178398027099
4-rs7681616	True	ENSG00000183090	FREM3	FREM3	high	0.888850336307304	cg17716297	0.990882005141952	0.888850336307304	41.0	140796.0	0.103956658342796
5-rs187653	False	ENSG00000113013	HSPA9	HSPA9	suggestive	0.535608310344714	cg00607989	0.898410923342602	0.535608310344714	236.0	74050.0	0.748202667384532
5-rs246024	False	ENSG00000131495	NDUFA2	NDUFA2	high	0.984515405013419	cg06503255	0.98823393957739	0.984515405013419	51.0	25980.0	0.415397666478516
5-rs246024	False	ENSG00000112855	HARS2	HARS2	high	0.975948721602859	cg06503255	0.98823393957739	0.975948721602859	51.0	17661.0	0.423935344618361
5-rs246024	False	ENSG00000177839	PCDHB9	PCDHB9	high	0.975415057861008	cg19875535	0.975415057861008	0.986868871777661	44.0	536135.0	0.253851812421568
5-rs246024	False	ENSG00000255408	PCDHA3	PCDHA3	high	0.972764625938117	cg06503255	0.98823393957739	0.972764625938117	51.0	127433.0	0.886409800164493
5-rs246024	False	ENSG00000204963	PCDHA7	PCDHA7	high	0.971871518549276	cg12890750	0.971871518549276	0.976555580058538	39.0	116019.0	0.510583639267496
5-rs246024	False	ENSG00000204969	PCDHA2	PCDHA2	high	0.971871518549276	cg12890750	0.971871518549276	0.973064977734651	39.0	76494.0	0.614609301511748
5-rs246024	False	ENSG00000146007	ZMAT2	ZMAT2	high	0.971031569316267	cg12890750	0.971871518549276	0.971031569316267	39.0	19685.0	0.311324385580259
5-rs246024	False	ENSG00000113119	TMCO6	TMCO6	high	0.970439407574319	cg19875535	0.975415057861008	0.970439407574319	44.0	11746.0	0.507850681535745
5-rs246024	False	ENSG00000248383	PCDHAC1	PCDHAC1	high	0.968842003664137	cg27080348	0.968842003664137	0.980833833497945	59.0	124173.0	0.897765889465094
5-rs246024	False	ENSG00000120306	CYSTM1	CYSTM1	high	0.968590505747327	cg12890750	0.971871518549276	0.968590505747327	39.0	543723.0	0.156007288228878
5-rs246024	False	ENSG00000120324	PCDHB10	PCDHB10	high	0.96844421922229	cg12890750	0.971871518549276	0.96844421922229	39.0	473992.0	0.0688201726197291
5-rs246024	False	ENSG00000204967	PCDHA4	PCDHA4	high	0.96390104156867	cg13017022	0.964789621947078	0.96390104156867	63.0	100469.0	0.0716571043224099
5-rs246024	False	ENSG00000213523	SRA1	SRA1	high	0.962834962443063	cg06503255	0.98823393957739	0.962834962443063	51.0	115455.0	0.204840518488084
5-rs246024	False	ENSG00000250120	PCDHA10	PCDHA10	high	0.958885537429187	cg25613667	0.958885537429187	0.962983421607819	49.0	191303.0	0.901288987173629
5-rs246024	False	ENSG00000239389	PCDHA13	PCDHA13	high	0.955049877361149	cg07379832	0.985225667443903	0.955049877361149	69.0	156064.0	0.0010848225233613
5-rs246024	False	ENSG00000204961	PCDHA9	PCDHA9	high	0.954712224192411	cg07379832	0.985225667443903	0.954712224192411	69.0	121319.0	0.0089082671560427
5-rs246024	False	ENSG00000113212	PCDHB7	PCDHB7	high	0.952384659918841	cg23500537	0.952384659918841	0.952592869919965	82.0	132424.0	0.300964229485373
5-rs246024	False	ENSG00000272674	PCDHB16		high	0.950672139334858	cg23500537	0.952384659918841	0.950672139334858	82.0		0.375102658611795
5-rs246024	False	ENSG00000204962	PCDHA8	PCDHA8	high	0.950294826452334	cg23500537	0.952384659918841	0.950294826452334	82.0	198912.0	0.692780367845845
5-rs246024	False	ENSG00000081842	PCDHA6	PCDHA6	high	0.94995217594328	cg25984996	0.953285740718015	0.94995217594328	276.0	109165.0	0.185608564978658
5-rs246024	False	ENSG00000249158	PCDHA11	PCDHA11	high	0.945478975606135	cg07379832	0.985225667443903	0.945478975606135	69.0	142960.0	0.665409610529819
5-rs246024	False	ENSG00000120327	PCDHB14	PCDHB14	high	0.943062928729059	cg23356309	0.948715479706921	0.943062928729059	113.0	258311.0	0.097665572006349
5-rs246024	False	ENSG00000120322	PCDHB8	PCDHB8	high	0.942151465077639	cg07379832	0.985225667443903	0.942151465077639	69.0	451642.0	0.0777351590019011
5-rs246024	False	ENSG00000251664	PCDHA12	PCDHA12	high	0.941874261244226	cg07379832	0.985225667443903	0.941874261244226	69.0	149329.0	0.066865405158259
5-rs246024	False	ENSG00000253910	PCDHGB2	PCDHGB2	high	0.94180906008897	cg23500537	0.952384659918841	0.94180906008897	82.0	319884.0	0.138671656958892
5-rs246024	False	ENSG00000112852	PCDHB2	PCDHB2	high	0.929886229200185	cg12890750	0.971871518549276	0.929886229200185	39.0	376277.0	0.114839712395873
5-rs246024	False	ENSG00000170458	CD14	CD14	high	0.925534229294252	cg27080348	0.968842003664137	0.925534229294252	59.0	168843.0	0.202946271019366
5-rs246024	False	ENSG00000113205	PCDHB3	PCDHB3	high	0.911699141475479	cg25984996	0.953285740718015	0.911699141475479	276.0	381836.0	0.140549975709747
5-rs246024	False	ENSG00000113141	IK	IK	high	0.901334689706864	cg11935114	0.901334689706864	0.905704953256442	182.0	179613.0	0.362318791515292
5-rs246024	False	ENSG00000113209	PCDHB5	PCDHB5	high	0.893363925543665	cg27080348	0.968842003664137	0.893363925543665	59.0	332671.0	0.0629896220303413
5-rs246024	False	ENSG00000170445	HARS	HARS	high	0.882337460272391	cg06503255	0.98823393957739	0.882337460272391	51.0	18259.0	0.781961582203356
5-rs246024	False	ENSG00000120314	WDR55	WDR55	high	0.860081462512374	cg24076884	0.945284013160634	0.860081462512374	133.0	302660.0	0.389155226475135
5-rs246024	False	ENSG00000197479	PCDHB11	PCDHB11	suggestive	0.724134105568229	cg02004851	0.910482496589166	0.724134105568229	143.0	371723.0	0.0660751564854879
5-rs246024	False	ENSG00000204965	PCDHA5	PCDHA5	suggestive	0.71934652741047	cg15923943	0.951288937411762	0.71934652741047	110.0	182344.0	0.505622326121072
5-rs72723227	True	ENSG00000037474	NSUN2	NSUN2	high	0.879555897226123	cg01954320	0.887670575687541	0.879555897226123	723.0	27077.0	0.0132724098168198
5-rs72723227	True	ENSG00000112941	TENT4A	PAPD7	suggestive	0.544221891548353	cg01954320	0.887670575687541	0.544221891548353	723.0	108391.0	0.114928615359804
5-rs72802887	True	ENSG00000132911	NMUR2	NMUR2	high	0.812504617569303	cg27605977	0.926331662343866	0.812504617569303	290.0	496733.0	0.277673671992319
5-rs7709645	True	ENSG00000164181	ELOVL7	ELOVL7	high	0.847519377100396	cg13393163	0.847519377100396	0.948567994865136	298.0	446268.0	0.110380967360121
5-rs7709645	True	ENSG00000086189	DIMT1	DIMT1	high	0.826758116989165	cg03940525	0.826758116989165	0.917995409660691	236.0	1677.0	0.083336800125295
5-rs7709645	True	ENSG00000130449	ZSWIM6	ZSWIM6	suggestive	0.558277224005301	cg13393163	0.847519377100396	0.558277224005301	298.0	41616.0	0.381369101436124
5-rs7709645	True	ENSG00000164182	NDUFAF2	NDUFAF2	suggestive	0.555326392247167	cg13393163	0.847519377100396	0.555326392247167	298.0	345528.0	0.131758571737727
5-rs7709645	True	ENSG00000049167	ERCC8	ERCC8	suggestive	0.533972234171692	cg13393163	0.847519377100396	0.533972234171692	298.0	345584.0	0.673601511132462
5-rs815609	True	ENSG00000164574	GALNT10	GALNT10	high	0.958641129460376	cg17852245	0.958641129460376	0.96152888825652	557.0	117897.0	0.218854182581503
5-rs9687282	False	ENSG00000131495	NDUFA2	NDUFA2	high	0.990594382860954	cg06503255	0.993993499174345	0.990594382860954	33.0	25980.0	0.815662137667335
5-rs9687282	False	ENSG00000112855	HARS2	HARS2	high	0.987533392234396	cg06503255	0.993993499174345	0.987533392234396	33.0	17661.0	0.953250605317257
5-rs9687282	False	ENSG00000255408	PCDHA3	PCDHA3	high	0.981536326749941	cg06503255	0.993993499174345	0.981536326749941	33.0	127433.0	0.948296125970942
5-rs9687282	False	ENSG00000113119	TMCO6	TMCO6	high	0.981252180694582	cg06503255	0.993993499174345	0.981252180694582	33.0	34338.0	0.732876649155433
5-rs9687282	False	ENSG00000213523	SRA1	SRA1	high	0.979987044862023	cg06503255	0.993993499174345	0.979987044862023	33.0	115455.0	0.25904707975689
5-rs9687282	False	ENSG00000204969	PCDHA2	PCDHA2	high	0.979081872770526	cg16577123	0.979081872770526	0.984563672175864	170.0	147213.0	0.953528911804398
5-rs9687282	False	ENSG00000177839	PCDHB9	PCDHB9	high	0.975415057861008	cg19875535	0.975415057861008	0.986868871777661	44.0	536135.0	0.927546085318933
5-rs9687282	False	ENSG00000204967	PCDHA4	PCDHA4	high	0.975266748607921	cg06503255	0.993993499174345	0.975266748607921	33.0	133309.0	0.952518352543652
5-rs9687282	False	ENSG00000204962	PCDHA8	PCDHA8	high	0.974038155495525	cg03378599	0.974038155495525	0.981753925124858	84.0	114878.0	0.958735012342098
5-rs9687282	False	ENSG00000204963	PCDHA7	PCDHA7	high	0.974038155495525	cg03378599	0.974038155495525	0.982831554067983	84.0	107940.0	0.787361803977978
5-rs9687282	False	ENSG00000250120	PCDHA10	PCDHA10	high	0.974038155495525	cg03378599	0.974038155495525	0.985686333453468	84.0	129566.0	0.95724352726895
5-rs9687282	False	ENSG00000146007	ZMAT2	ZMAT2	high	0.973952691325163	cg03378599	0.974038155495525	0.973952691325163	84.0	27764.0	0.939249194281548
5-rs9687282	False	ENSG00000248383	PCDHAC1	PCDHAC1	high	0.952104823710027	cg16577123	0.979081872770526	0.952104823710027	170.0	279071.0	0.881327096784083
5-rs9687282	False	ENSG00000272674	PCDHB16		high	0.942091688991981	cg06503255	0.993993499174345	0.942091688991981	33.0		0.894445298730603
5-rs9687282	False	ENSG00000120327	PCDHB14	PCDHB14	high	0.930147535813287	cg03975922	0.970937985138447	0.930147535813287	121.0	522356.0	0.908120941617928
5-rs9687282	False	ENSG00000120725	SIL1	SIL1	high	0.917493754772273	cg13084536	0.973658422483411	0.917493754772273	189.0	447578.0	0.182919440152158
5-rs9687282	False	ENSG00000113141	IK	IK	high	0.907070755464096	cg26395211	0.924597051052378	0.907070755464096	188.0	17672.0	0.422872681477142
5-rs9687282	False	ENSG00000170445	HARS	HARS	high	0.88652558537809	cg06503255	0.993993499174345	0.88652558537809	33.0	18259.0	0.954556868486702
5-rs9687282	False	ENSG00000184584	TMEM173	TMEM173	high	0.872301535064019	cg07879474	0.984550424154609	0.872301535064019	182.0	201696.0	0.166340289211497
5-rs9687282	False	ENSG00000113212	PCDHB7	PCDHB7	high	0.869547161889854	cg01063759	0.869547161889854	0.874121643448821	86.0	446549.0	0.731132112060787
5-rs9687282	False	ENSG00000120306	CYSTM1	CYSTM1	high	0.869547161889854	cg01063759	0.869547161889854	0.922620416152075	86.0	551467.0	0.0908913190201846
5-rs9687282	False	ENSG00000120324	PCDHB10	PCDHB10	high	0.869547161889854	cg01063759	0.869547161889854	0.947077528395892	86.0	466248.0	0.838728932615113
5-rs9687282	False	ENSG00000113205	PCDHB3	PCDHB3	high	0.862332170480295	cg19875535	0.975415057861008	0.862332170480295	44.0	449476.0	0.365691398710874
5-rs9687282	False	ENSG00000112852	PCDHB2	PCDHB2	high	0.860351684371437	cg01063759	0.869547161889854	0.860351684371437	86.0	368533.0	0.272639187039811
5-rs9687282	False	ENSG00000113070	HBEGF	HBEGF	high	0.833285139866755	cg00585072	0.833285139866755	0.914469479131852	37.0	460767.0	0.136316715202004
5-rs9687282	False	ENSG00000113209	PCDHB5	PCDHB5	high	0.833285139866755	cg00585072	0.833285139866755	0.993546320850913	37.0	327817.0	0.698899829235324
5-rs9687282	False	ENSG00000120322	PCDHB8	PCDHB8	high	0.833285139866755	cg00585072	0.833285139866755	0.928697505810261	37.0	370388.0	0.388492455100348
5-rs9687282	False	ENSG00000170458	CD14	CD14	high	0.833285139866755	cg00585072	0.833285139866755	0.968096080887338	37.0	173697.0	0.0932941109155088
5-rs9687282	False	ENSG00000204961	PCDHA9	PCDHA9	high	0.833285139866755	cg00585072	0.833285139866755	0.998925711998693	37.0	40065.0	0.549153050088553
5-rs9687282	False	ENSG00000239389	PCDHA13	PCDHA13	high	0.833285139866755	cg00585072	0.833285139866755	0.999900653863827	37.0	74810.0	0.51921402491701
5-rs9687282	False	ENSG00000249158	PCDHA11	PCDHA11	high	0.833285139866755	cg00585072	0.833285139866755	0.991846355577281	37.0	61706.0	0.447678276740744
5-rs9687282	False	ENSG00000251664	PCDHA12	PCDHA12	high	0.833285139866755	cg00585072	0.833285139866755	0.992394515026374	37.0	68075.0	0.274158724236158
5-rs9687282	False	ENSG00000081842	PCDHA6	PCDHA6	high	0.806523809729367	cg01063759	0.869547161889854	0.806523809729367	86.0	101869.0	0.260350501683323
5-rs9687282	False	ENSG00000197479	PCDHB11	PCDHB11	suggestive	0.650041065219305	cg06503255	0.993993499174345	0.650041065219305	33.0	525833.0	0.566241928158256
5-rs9687282	False	ENSG00000228672	PROB1	PROB1	suggestive	0.603512827932223	cg16049890	0.802968063138447	0.603512827932223	222.0	392301.0	0.108807552754951
5-rs9687282	False	ENSG00000170464	DNAJC18	DNAJC18	suggestive	0.539449687012346	cg00063979	0.814532005207491	0.539449687012346	188.0	295106.0	0.137010100907651
5-rs9687282	False	ENSG00000120314	WDR55	WDR55	suggestive	0.532496505999593	cg00585072	0.833285139866755	0.532496505999593	37.0	142722.0	0.703182039781768
5-rs9687282	False	ENSG00000171604	CXXC5	CXXC5	suggestive	0.528143461064171	cg07879474	0.984550424154609	0.528143461064171	182.0	37332.0	0.694903803626371
6-rs217310	False	ENSG00000118420	UBE3D	UBE3D	suggestive	0.550283961636261	cg23278060	0.817866026871379	0.550283961636261	243.0	1888.0	0.105420376077527
6-rs7773962	True	ENSG00000164484	TMEM200A	TMEM200A	suggestive	0.521754807195897	cg04529078	0.868052091581513	0.521754807195897	435.0	100591.0	0.713068646861995
6-rs9487653	True	ENSG00000112761	CCN6	WISP3	suggestive	0.615106827374803	cg23910392	0.948569493813353	0.615106827374803	319.0	795102.0	0.0909851673644234
6-rs9487653	True	ENSG00000173214	MFSD4B	KIAA1919	suggestive	0.533497935117798	cg15219685	0.947242131070393	0.533497935117798	319.0	431.0	0.380156811533765
7-rs10243922	False	ENSG00000122778	KIAA1549	KIAA1549	high	0.957689140620444	cg22172724	0.993730182859695	0.957689140620444	407.0	62925.0	0.936232238964566
7-rs13233308	True	ENSG00000105784	RUNDC3B	RUNDC3B	suggestive	0.608589752998481	cg14825462	0.995551763376049	0.608589752998481	183.0	307706.0	0.146939360721978
7-rs2299409	True	ENSG00000189056	RELN	RELN	high	0.926451093973746	cg02777934	0.926451093973746	0.952364921338237	675.0	15263.0	0.135706574892081
7-rs2299409	True	ENSG00000105819	PMPCB	PMPCB	suggestive	0.568733912149923	cg16918091	0.923305123302011	0.568733912149923	552.0	877205.0	0.685993675415046
7-rs58120505	False	ENSG00000122687	MRM2	FTSJ2	high	0.917722101071386	cg11496291	0.917722101071386	0.988121521758997	33.0	255937.0	7.79711864880858e-15
7-rs58120505	False	ENSG00000106268	NUDT1	NUDT1	high	0.817621046740527	cg27286614	0.817621046740527	0.823354774024537	49.0	231456.0	0.140674619283386
7-rs6946576	False	ENSG00000122778	KIAA1549	KIAA1549	high	0.957689140620444	cg22172724	0.993730182859695	0.957689140620444	407.0	62925.0	0.936859168857081
7-rs7811528	False	ENSG00000122687	MRM2	FTSJ2	high	0.917722101071386	cg11496291	0.917722101071386	0.988121521758997	33.0	255937.0	7.79720470195392e-15
7-rs7811528	False	ENSG00000106268	NUDT1	NUDT1	high	0.817621046740527	cg27286614	0.817621046740527	0.823354774024537	49.0	231456.0	0.140349836876306
7-rs79210963	True	ENSG00000188732	FAM221A	FAM221A	high	0.970091543946543	cg05804949	0.985083036842596	0.970091543946543	249.0	129.0	0.0507938654383134
8-rs298216	False	ENSG00000172817	CYP7B1	CYP7B1	high	0.988541672275835	cg00313094	0.992648830029331	0.988541672275835	253.0	107731.0	0.920090430078273
8-rs4043663	False	ENSG00000156103	MMP16	MMP16	suggestive	0.646283928970135	cg11630103	0.816728850327887	0.646283928970135	424.0	4037.0	0.379419218333588
8-rs4129585	True	ENSG00000176956	LY6H	LY6H	high	0.97843001237141	cg15721448	0.97843001237141	0.979061602692347	388.0	2625.0	0.0665541534654549
8-rs4129585	True	ENSG00000250571	GLI4	GLI4	high	0.972161047947218	cg00152340	0.975814410525354	0.972161047947218	277.0	52584.0	0.0568516176188466
8-rs4129585	True	ENSG00000198576	ARC	ARC	high	0.882327488761132	cg10035066	0.882327488761132	0.945991424237994	320.0	23084.0	0.0783774240704294
8-rs4129585	True	ENSG00000147813	NAPRT	NAPRT1	suggestive	0.769407083132631	cg21500799	0.989637529162291	0.769407083132631	379.0	418457.0	0.482672913317242
8-rs4129585	True	ENSG00000179832	MROH1	MROH1	suggestive	0.620727267359766	cg21500799	0.989637529162291	0.620727267359766	202.0	960557.0	0.401880030338628
8-rs4129585	True	ENSG00000182759	MAFA	MAFA	suggestive	0.516942546594082	cg01453551	0.802611334651318	0.516942546594082	453.0	299032.0	0.157904251285751
8-rs59498392	False	ENSG00000085788	DDHD2	DDHD2	high	0.974229098986578	cg11124135	0.99192831317356	0.974229098986578	39.0	50579.0	0.878010427486546
8-rs59498392	False	ENSG00000165046	LETM2	LETM2	high	0.954530371822158	cg11124135	0.99192831317356	0.954530371822158	39.0	211568.0	0.776915629901678
8-rs59498392	False	ENSG00000147535	PLPP5	PPAPDC1B	high	0.917197080677775	cg10007002	0.921602176006954	0.917197080677775	139.0	120.0	0.825306145535056
8-rs59498392	False	ENSG00000169490	TM2D2	TM2D2	suggestive	0.754205531072531	cg25510610	0.949553108757931	0.754205531072531	190.0	613449.0	0.118680625268674
8-rs59498392	False	ENSG00000147526	TACC1	TACC1	suggestive	0.641996565242967	cg11124135	0.99192831317356	0.641996565242967	39.0	553547.0	0.19426679656534
8-rs6989793	True	ENSG00000171044	XKR6	XKR6	high	0.934264852635805	cg21775007	0.934264852635805	0.99398836645653	30.0	146744.0	0.378560569791991
8-rs6989793	True	ENSG00000184647	PRSS55	PRSS55	high	0.916842846960405	cg21775007	0.934264852635805	0.916842846960405	30.0	822563.0	0.0659421620259605
8-rs6989793	True	ENSG00000183638	RP1L1	RP1L1	high	0.846161841256693	cg21775007	0.934264852635805	0.846161841256693	30.0	635922.0	1.08467407361184e-05
8-rs6989793	True	ENSG00000254093	PINX1	PINX1	suggestive	0.788513951429101	cg21775007	0.934264852635805	0.788513951429101	30.0	508225.0	0.0703991823842119
8-rs6989793	True	ENSG00000171056	SOX7	SOX7	suggestive	0.784574500756344	cg21775007	0.934264852635805	0.784574500756344	30.0	508262.0	0.078521736247501
8-rs6989793	True	ENSG00000147324	MFHAS1	MFHAS1	suggestive	0.767245824319513	cg21290162	0.818473791174192	0.767245824319513	435.0	990805.0	0.205269443863028
8-rs6989793	True	ENSG00000253649	PRSS51	PRSS51	suggestive	0.767186563099192	cg21775007	0.934264852635805	0.767186563099192	30.0	800524.0	0.107776507581676
8-rs73219806	False	ENSG00000120903	CHRNA2	CHRNA2	high	0.862241511144171	cg18734877	0.862241511144171	0.955356580778274	172.0	39981.0	0.940625126533871
8-rs7464611	False	ENSG00000180900	SCRIB	SCRIB	high	0.997974771405895	cg14488605	0.998515750321681	0.997974771405895	51.0	74745.0	0.881610321069783
8-rs7464611	False	ENSG00000277494	GPIHBP1		high	0.99546400926806	cg14488605	0.998515750321681	0.99546400926806	51.0		0.277208365616163
8-rs7464611	False	ENSG00000180921	FAM83H	FAM83H	high	0.990086325089473	cg14488605	0.998515750321681	0.990086325089473	51.0	6833.0	0.758319045400896
8-rs7464611	False	ENSG00000203499	IQANK1	FAM83H-AS1	high	0.990086325089473	cg14488605	0.998515750321681	0.990086325089473	51.0	6494.0	0.414094368915551
8-rs7464611	False	ENSG00000176956	LY6H	LY6H	high	0.978392935860205	cg15721448	0.978392935860205	0.979103122715062	453.0	2625.0	0.876305951867598
8-rs7464611	False	ENSG00000250571	GLI4	GLI4	high	0.961410688430008	cg15125053	0.961410688430008	0.976106855301376	453.0	136428.0	0.186139633798912
8-rs7464611	False	ENSG00000255181	CCDC166	CCDC166	high	0.910853315271477	cg14488605	0.998515750321681	0.910853315271477	51.0	32525.0	0.266095056227994
8-rs7464611	False	ENSG00000147813	NAPRT	NAPRT1	suggestive	0.769255067350231	cg21500799	0.989675787135942	0.769255067350231	450.0	418457.0	0.000416005895461
8-rs7464611	False	ENSG00000181135	ZNF707	ZNF707	suggestive	0.661476836543811	cg03967627	0.878995117449309	0.661476836543811	439.0	111592.0	0.0849976729742621
8-rs7464611	False	ENSG00000179832	MROH1	MROH1	suggestive	0.619792120717103	cg21500799	0.989675787135942	0.619792120717103	273.0	960557.0	0.0986232953306175
8-rs7464611	False	ENSG00000182759	MAFA	MAFA	suggestive	0.51688861474833	cg01453551	0.802572649748984	0.51688861474833	454.0	299032.0	0.156581563536669
9-rs13293831	True	ENSG00000197958	RPL12	RPL12	high	0.918278113062173	cg13492245	0.918278113062173	0.995107704512671	239.0	352473.0	0.0346848167617375
9-rs13293831	True	ENSG00000148356	LRSAM1	LRSAM1	high	0.885105925122443	cg21173192	0.885105925122443	0.912131642148136	376.0	4322.0	0.110568385357458
9-rs13293831	True	ENSG00000167081	PBX3	PBX3	high	0.877959346087915	cg13813086	0.877959346087915	0.985898671757389	111.0	140877.0	0.0749402500495986
9-rs13293831	True	ENSG00000160401	CFAP157	C9orf117	high	0.857255778513791	cg21173192	0.885105925122443	0.857255778513791	376.0	259825.0	0.0884175663049354
9-rs13293831	True	ENSG00000136830	NIBAN2	FAM129B	high	0.844551675711541	cg21173192	0.885105925122443	0.844551675711541	376.0	131825.0	0.0815261956659778
9-rs13293831	True	ENSG00000196814	MVB12B	MVB12B	high	0.823281327177314	cg05520031	0.823281327177314	0.920143642904813	506.0	172884.0	0.069207473489425
9-rs13293831	True	ENSG00000177125	ZBTB34	ZBTB34	suggestive	0.535240568899397	cg13492245	0.918278113062173	0.535240568899397	200.0	943213.0	0.115687022699867
9-rs13293831	True	ENSG00000136933	RABEPK	RABEPK	suggestive	0.530628289505061	cg13813086	0.877959346087915	0.530628289505061	111.0	687680.0	0.22368993511865
9-rs6478858	True	ENSG00000167136	ENDOG	ENDOG	high	0.896663698971906	cg13630871	0.896663698971906	0.973354281541589	221.0	2339.0	0.609801047298507
9-rs6478858	True	ENSG00000107021	TBC1D13	TBC1D13	high	0.877995729655554	cg13630871	0.896663698971906	0.877995729655554	221.0	33609.0	0.0791178871018922
9-rs6478858	True	ENSG00000106976	DNM1	DNM1	high	0.823394108539235	cg13613965	0.910016551141204	0.823394108539235	254.0	15629.0	0.0901612654252207
9-rs6478858	True	ENSG00000167118	URM1	URM1	suggestive	0.736252709978957	cg13613965	0.910016551141204	0.736252709978957	254.0	152311.0	0.067921624621998
9-rs6478858	True	ENSG00000119392	GLE1	GLE1	suggestive	0.520606327423175	cg13613965	0.910016551141204	0.520606327423175	254.0	285692.0	0.0833678677808571
9-rs6479494	False	ENSG00000188938	FAM120AOS	FAM120AOS	suggestive	0.73685159353779	cg14203042	0.956201803318002	0.73685159353779	486.0	115043.0	0.944659916724704
