locus_id	chrom	index_snp	top_p	coloc_any_brain_abf	best_pp4_any_brain_abf	n_gwas_cs	susie_converged	Bryois_Astrocytes	Bryois_Endothelial_cells	Bryois_Excitatory_neurons	Bryois_Inhibitory_neurons	Bryois_Microglia	Bryois_OPCs_COPs	Bryois_Oligodendrocytes	Bryois_Pericytes	QTD000051	QTD000075	QTD000171	QTD000176	QTD000434	QTD000579	susie_QTD000051	susie_QTD000075	susie_QTD000171	susie_QTD000176	susie_QTD000434	susie_QTD000579	n_cs_variants	fetal_reg_pip	adult_reg_pip	any_fetal_reg	any_adult_reg	fetal_only_reg	best_pp4_bryois	best_bryois_ct	best_pp4_susie	coloc_fetal	coloc_bryois_any	rescued_by_susie	best_pp4_abf_same6	demoted_by_susie	context_score
7-rs58120505	7	rs58120505	8.724e-29	True	0.908221095321388	2	True	0.260429265585583	0.3266637955764	0.140006538074148	0.157542193688361	0.116349339233738	0.100916968315758	0.119697015507678	0.146472692018063	0.172031649187562	0.0788296388385052	0.613163146185409	0.42499654249652	0.626529849576236	0.140419740386713	0.122473672265173	0.101453999628328	0.290998587191566	0.0689509525141071	0.55055402649279	0.0844765521591572	13	0.8062	0.1971	1.0	1.0	1.0	0.3266637955764	Bryois_Endothelial_cells	0.55055402649279	False	False	False	0.626529849576236	False	
10-rs12571643	10	rs12571643	4.407e-25	False	0.337362726752008	3	True	0.181091754589627	0.119356494710531	0.136881904900369	0.162765588447167	0.121754043307466	0.221239136866454	0.162616922156674	0.0891009453169819	0.380875925103699	0.493126424723787	0.302043160399565	0.337362726752008	0.210444617199444	0.12076931472532	0.738448982512319	0.631006091803669	0.111806132226041	0.261249365214467	0.792934371948089	0.862087729637753	197	0.0237	0.0834	1.0	1.0	1.0	0.221239136866454	Bryois_OPCs_COPs	0.862087729637753	False	False	True	0.493126424723787	False	1.0
15-rs4702	15	rs4702	5.6710000000000005e-25	True	0.999955586291619	1	True	0.276003048479531	0.0815522727394312	0.994747540177883	0.4570626266326	0.100783570786919	0.322801024804079	0.153403728727388	0.0460795169924516	0.545576910845864	0.999972176813206	0.415702238954752	0.87550101853759	0.882718931435765	0.979889745360303	0.0610135947337776	0.99999350102619	0.274200918316546	0.0906688780350737	0.0977806451303558	0.0537599301069053	1	1.0	0.0	1.0	0.0	1.0	0.994747540177883	Bryois_Excitatory_neurons	0.99999350102619	True	True	False	0.999972176813206	False	
12-rs1790135	12	rs1790135	7.262000000000001e-24	True	0.939642979294655	2	True	0.292896245932574	0.136477822163977	0.912739122653823	0.782529389063841	0.183466543637273	0.54769368873692	0.530559430231692	0.195901011220162	0.339479409666471	0.291568743558245	0.397947397893309	0.36473137229344	0.909372553671409	0.45916572216377	0.171149916567706	0.208245186869231	0.0726666984739764	0.0711827022140927	0.924733974729317	0.127180237331434	73	0.0124	0.0066	1.0	1.0	1.0	0.912739122653823	Bryois_Excitatory_neurons	0.924733974729317	False	True	False	0.909372553671409	False	
4-rs13107325	4	rs13107325	2.996e-23	False	0.29680119516521	2	True	0.136255215546455	0.169454203586146	0.151933720530388	0.0893221970691968	0.113226368986542	0.164415616802795	0.0826419466204959	0.0798271045857397	0.252558535808723	0.142362187183781	0.140235149391069	0.18896033244383	0.0735458307111035	0.182511704623105	0.129228736196218	0.734803930064825	0.0902551981443574	0.0878106087623342	0.722318770515005		230	0.0076	0.0148	1.0	1.0	0.0	0.169454203586146	Bryois_Endothelial_cells	0.734803930064825	False	False	False	0.252558535808723	False	0.0
12-rs4298967	12	rs4298967	2.5929999999999995e-22	False	0.629943924670598	1	True	0.0796958459932124	0.203142494789746	0.121031312755064	0.440303907733311	0.191603292342566	0.0970898992111393	0.162167838454855	0.0659253869292266	0.639634130160859	0.270979967073575	0.113102721694583	0.094010117519287	0.0783150648770739	0.0964774812218809	0.0698545428462981	0.0632862169763135	0.0799014478804127	0.0502932402265088	0.111377481363705	0.0192480546060147	3	0.0	0.0378	0.0	1.0	0.0	0.440303907733311	Bryois_Inhibitory_neurons	0.111377481363705	False	False	False	0.639634130160859	False	0.0
3-rs2710323	3	rs2710323	5.758e-21	True	0.96065934972302	1	True	0.341587452503407	0.19821064531409	0.242149141316934	0.776011656681798	0.140027440340393	0.11611351790097	0.678735796379943	0.12232690027278	0.965945834950664	0.34822424842649	0.750283664650594	0.742093400656487	0.976657359646635	0.924469304442251	0.971104075337036	0.0964853815068175	0.0822420207957945	0.458207689940456	0.980339601472917	0.938558104218986	12	0.0217	0.0217	1.0	1.0	0.0	0.776011656681798	Bryois_Inhibitory_neurons	0.980339601472917	True	False	False	0.976657359646635	False	
2-rs2139054	2	rs2139054	5.771e-21	False	0.454425321462917	2	True		0.047622521187399	0.0988682951992159	0.0510633122908582	0.0708382705848986	0.0948107114121199	0.0584006691151567		0.163880265985522	0.861599539549953	0.139508210505255	0.180463092281908	0.200109689564057	0.379053038220206	0.0021159476226491	0.0018112255417552			0.005695432503754		69	0.2024	0.0566	1.0	1.0	1.0	0.0988682951992159	Bryois_Excitatory_neurons	0.005695432503754	False	False	False	0.861599539549953	True	1.1458
1-rs4950119	1	rs4950119	1.6060000000000002e-20	True	0.830970682593064	2	True	0.0661847015146457	0.174043064691538	0.137988179944537	0.0824282648753774	0.0746687279032674	0.313812865901404	0.0580026172595075	0.0017642136057093	0.171826130784297	0.448181637404368	0.128239156494953	0.0851164503389122	0.325139119867035	0.11282026677291		0.584039241533116	0.0012453344963802		0.0027804345788195		24	0.0	0.0	0.0	0.0	0.0	0.313812865901404	Bryois_OPCs_COPs	0.584039241533116	False	False	False	0.448181637404368	False	
7-rs7779548	7	rs7779548	4.376e-20	False	0.795892303445068	2	True	0.120514761366856	0.0464782771633616	0.066219971546025	0.110167191602045	0.0490151087825903	0.0719359972530075	0.169697521710575	0.135421395046451	0.0460094505617971	0.0898719902406331	0.309542749871908	0.0782738103400161	0.0760191659149722	0.551130079050199	0.0817317458591793	0.0642402345517988	0.003863797781541	0.0038344237412874	0.0878536055923132	0.0167056919904065	50	0.0	0.0	0.0	0.0	0.0	0.169697521710575	Bryois_Oligodendrocytes	0.0878536055923132	False	False	False	0.551130079050199	False	0.0
8-rs4129585	8	rs4129585	9.315000000000001e-20	False	0.677184359411962	2	True	0.906476526658356	0.823750436413562	0.218405399820331	0.226912596900286	0.101131473979759	0.134817735470977	0.13259783604906	0.0597597380058495	0.200974106841772	0.198818287465622	0.559416219018217	0.295919210397588	0.224154584270386	0.228645403014325	0.173413140245068	0.919199314420847	0.481864268496421	0.938881136455765	0.988121568486318	0.993858417577507	22	0.1595	0.0091	1.0	1.0	1.0	0.906476526658356	Bryois_Astrocytes	0.993858417577507	False	True	True	0.559416219018217	False	3.1504
11-rs2902858	11	rs2902858	4.567e-19	True	0.936972336198286	2	True	0.201012536837031	0.162781997612118	0.474858829424954	0.198448306149312	0.24050081177685	0.266934320396952	0.157285972317985	0.0893411530770551	0.616279736375157	0.786137260952195	0.314273756299725	0.30020694429351	0.541883998152256	0.18516507585829	0.0701591468656096	0.0975935632165123	0.0927489925221916	0.149021051328015	0.292836853101746	0.135829782896594	60	0.1937	0.0637	1.0	1.0	1.0	0.474858829424954	Bryois_Excitatory_neurons	0.292836853101746	False	False	False	0.786137260952195	False	
14-rs2190873	14	rs2190873	6.622e-19	True	0.831685340921798	3	True	0.807127329294315	0.0898026974492278	0.576215592854708	0.766693050076567	0.149241651336315	0.249971368841878	0.19624400649818	0.0732267438105829	0.473436458076705	0.60353108095023	0.356254837905909	0.488135562834772	0.77021466817687	0.169364201938025	0.115012059567173	0.283362520542547	0.501590071284891	0.0397180646876921	0.754084754818984	0.0704632337666307	85	0.0192	0.0	1.0	0.0	1.0	0.807127329294315	Bryois_Astrocytes	0.754084754818984	False	True	False	0.77021466817687	False	
1-rs12042444	1	rs12042444	7.002e-19	False	0.298578674346167	1	True	0.0561956041564371	0.0024609991367501	0.0634264254827382	0.0849031573824086	0.0537654457794865	0.0987870028328466	0.0532968219197333	0.100125532448883	0.764668675321338	0.126224990503376	0.0710478886613865	0.0900782776844536	0.595185594821955	0.219899178857629	0.0741196260787093	0.0891774960895873	0.113209007933749	0.0741733838091847	0.0840950278923277	0.0641446593632213	88	0.0	0.0	0.0	0.0	0.0	0.100125532448883	Bryois_Pericytes	0.113209007933749	False	False	False	0.764668675321338	False	0.0
5-rs7709645	5	rs7709645	7.58e-19	False	0.673601511132462	1	True	0.12057701945752	0.17453602793565	0.780130714163843	0.215469650516556	0.0697482813742391	0.132557316359592	0.157090634768818	0.0625183651513305	0.145860206201875	0.941570565122726	0.0866634635438692	0.400327105266621	0.123797165883992	0.155291984895247	0.060924147062214	0.0610447796656225	0.0612708751737666	0.147380736122232	0.0637648375958203		20	0.2555	0.1489	1.0	1.0	1.0	0.780130714163843	Bryois_Excitatory_neurons	0.147380736122232	False	False	False	0.941570565122726	True	1.1066
3-rs71312200	3	rs71312200	9.853e-18	False	0.426099514284531	3	True	0.190820105556456	0.142608460324421	0.151459266008323	0.137102869754827	0.100692123864085	0.169649821200816	0.241801837038192	0.104280499201542	0.206799332954949	0.440348540228045	0.109579104511932	0.265815907228269	0.474404232866696	0.139878397671885	0.126111818735289	0.966133188430627	0.170570546061309	0.0743553625205841	0.0817834244250946	0.970373057622232	149	0.0247	0.0155	1.0	1.0	1.0	0.241801837038192	Bryois_Oligodendrocytes	0.970373057622232	False	False	True	0.474404232866696	False	1.0092
10-rs7893279	10	rs7893279	1.2690000000000001e-17	False	0.386981734856764	3	False	0.0688501693983137	0.186230843284127	0.177012508255115	0.299503215626656	0.0995135725522866	0.0749178085636081	0.0640277678916312	0.16466909433954	0.0810168808767416	0.235914437142819	0.124708921747674	0.0871020808765896	0.279240570687041	0.284799221651616	0.0856991849844447	0.351522660909784	0.0806899727968976	0.0920120404723047	0.172308939705801	0.186563937543438	3	0.0	0.0	0.0	0.0	0.0	0.299503215626656	Bryois_Inhibitory_neurons	0.351522660909784	False	False	False	0.284799221651616	False	0.0
2-rs778371	2	rs778371	1.402e-17	False	0.340986242510661	1	True	0.120309682129947	0.08082768385786	0.111312210181935	0.104211327001235	0.105769830186462	0.515545601372962	0.0758296178612812	0.220900568100914	0.109611647454341	0.10991419930999	0.238361549441726	0.1791538223903	0.102865299719546	0.287041406755637	0.0712158790454626	0.0641737679150325	0.061315201394242	0.0619940552400734	0.23934085641215	0.0017254282826025	21	0.0199	0.3983	1.0	1.0	0.0	0.515545601372962	Bryois_OPCs_COPs	0.23934085641215	False	False	False	0.287041406755637	False	0.0
11-rs61902811	11	rs61902811	8.041000000000001e-17	False	0.773843489615141	1	True	0.180054294008226	0.181541860013034	0.41725693175574	0.251493756376546	0.143339788982909	0.0666877681840029	0.148030248934101	0.110422700914955	0.141607155761762	0.377033762682225	0.144359523912033	0.271390477516707	0.0953222267138041	0.117826403673507	0.0639674397267524	0.0603500698659979	0.0637944860107048	0.0610753115889618	0.119204582969369	0.0574076253030424	21	0.0	0.0	0.0	0.0	0.0	0.41725693175574	Bryois_Excitatory_neurons	0.119204582969369	False	False	False	0.377033762682225	False	0.0
7-rs35274762	7	rs35274762	1.182e-16	False	0.663319113312527	2	True	0.102046610736332	0.123333569235265	0.0984568378253522	0.135817674590696	0.194675899059323	0.131833330334416	0.0889755418500414	0.0694606323236033	0.295555345463764	0.243576774145847	0.0955061792930772	0.161570793753658	0.565317138831925	0.127220137380907	0.0661982511288617	0.0635251044525899	0.0721290362840763		0.0771536945708709	0.0612444583331989	4	0.0	0.0	0.0	0.0	0.0	0.194675899059323	Bryois_Microglia	0.0771536945708709	False	False	False	0.565317138831925	False	0.0
20-rs1006945	20	rs1006945	1.347e-16	False	0.434827050885833	2	True	0.298163680087959	0.0808900953130202	0.10204849200163	0.614863169176331	0.142377865715862	0.092166736394451	0.684353947092411	0.077770406387019	0.4442798928977	0.563290173140618	0.260204234122742	0.0960733132476403	0.22509070795712	0.251438366607865	0.0576076014114094	0.139472309616716	0.0302454213768394	0.0671313857980607	0.227899467663611	0.135018140460736	24	0.0	0.2403	0.0	1.0	0.0	0.684353947092411	Bryois_Oligodendrocytes	0.227899467663611	False	False	False	0.563290173140618	False	0.0
15-rs3813567	15	rs3813567	1.412e-16	False	0.32805225477518	1	True	0.084037653878107	0.186716935654456	0.17307056763744	0.0892971159188249	0.423704322602583	0.110294789798121	0.145590868475231	0.0743823573581061	0.343552114609769	0.136362319271575	0.0945504854981062	0.199720996133542	0.124383733844354	0.770089208330091	0.067072559389691	0.0857621812925542	0.0759938376148107	0.0640334335663696	0.287621043737223	0.41688320238099	34	0.0539	0.0092	1.0	1.0	1.0	0.423704322602583	Bryois_Microglia	0.41688320238099	False	False	False	0.770089208330091	False	1.0447
12-rs4766428	12	rs4766428	1.563e-16	True	0.811038111408616	2	True	0.168252074584732	0.275458928113144	0.247647933468683	0.302252831097278	0.258367603705095	0.283452883358672	0.605605086876446	0.168735652541642	0.968985548129044	0.907338016845216	0.811038111408616	0.315832016366402	0.526046794082536	0.896847736908067	0.907945839498814	0.81845021785475	0.0950196404498557		0.690977179623562	0.231188037375384	9	0.4738	0.694	1.0	1.0	0.0	0.605605086876446	Bryois_Oligodendrocytes	0.907945839498814	True	False	False	0.968985548129044	False	
1-rs2970610	1	rs2970610	4.4599999999999995e-16	False	0.671513876586716	1	True	0.777649314270389	0.0982591226236834	0.302760520712045	0.156068666366836	0.281258087854769	0.160876053798451	0.118708625602844	0.101563066018297	0.275006137865696	0.913726298622243	0.222741475940407	0.671513876586716	0.317794718447973	0.505533390913593	0.0697314170512104	0.141452858165434	0.0754129887979325	0.0726014648009645	0.0743260386844784	0.0706452630248134	5	0.0	0.0	0.0	0.0	0.0	0.777649314270389	Bryois_Astrocytes	0.141452858165434	False	False	False	0.913726298622243	True	0.0
2-rs11680723	2	rs11680723	4.705e-16	False	0.58998917827883	5	True	0.134790820954169	0.354964836166066	0.679162426093012	0.866313981874987	0.104484805960112	0.331944185583498	0.82046507485791	0.104946310979346	0.153119307344676	0.800098347102769	0.43844808909654	0.412293753484601	0.878909806535237	0.506183312651684	0.125743693786824	0.163988924459431	0.174374265871486	0.157558574798096	0.172262105400722	0.0804661255637089	90	0.0421	0.0459	1.0	1.0	1.0	0.866313981874987	Bryois_Inhibitory_neurons	0.174374265871486	False	True	False	0.878909806535237	True	3.0
18-rs55858161	18	rs55858161	4.743e-16	False	0.601669695539546	3	True	0.269366754118149	0.0696719319623689	0.0960287232733417	0.269282963743887	0.192024546523146	0.0958341693307142	0.112542995285947	0.0667669965447398	0.223497584951636	0.177367018080309	0.125819309597306	0.105442820647728	0.247674453944434	0.18316338205388	0.333537987690716	0.265850463655909	0.171750373962767	0.118694156299932	0.333267509314488	0.0687797107859053	33	0.2393	0.2226	1.0	1.0	1.0	0.269366754118149	Bryois_Astrocytes	0.333537987690716	False	False	False	0.247674453944434	False	1.0167
16-rs9925915	16	rs9925915	4.85e-16	True	0.9773837056857	1	True	0.551467601672647	0.277001017559447	0.874685010733693	0.415928886435625	0.348494635623727	0.253066489026058	0.618561256774943	0.130102932984519	0.963593680959991	0.947703813234903	0.954109236223933	0.973518433052203	0.971963982897243	0.961747463349453	0.959576805621377	0.945565708038561	0.960413499349169	0.971593454866867	0.971232082070262	0.964085791295623	35	0.1802	0.1802	1.0	1.0	0.0	0.874685010733693	Bryois_Excitatory_neurons	0.971593454866867	True	True	False	0.973518433052203	False	
19-rs8101499	19	rs8101499	7.738000000000002e-16	True	0.940620645850174	1	True	0.300592561423701	0.607560334177145	0.910336524841518	0.162563993081065	0.134647365033358	0.177441465528775	0.386964808627905	0.187623868421661	0.846330479856817	0.930847674773472	0.581628393790555	0.39557620575791	0.848271066059447	0.194602679692389	0.0811006636615148	0.929864925563799	0.0754024380696414	0.0871091104133103	0.0909948381331177	0.101366549810132	62	0.0967	0.1149	1.0	1.0	0.0	0.910336524841518	Bryois_Excitatory_neurons	0.929864925563799	False	True	False	0.930847674773472	False	
4-rs12498839	4	rs12498839	8.942e-16	True	0.996597790382418	2	True	0.0920273909415859	0.0603021759990485	0.0702005190486223	0.173655668835328	0.063961152085752	0.0892304432229911	0.0548620438919192	0.142980844480445	0.997255814537068	0.0912857177760581	0.920684692119664	0.947823881833061	0.0567017864417745	0.0942071787568998	0.999642109953909	0.105054580614966	0.97788245291601	0.992791135635878	0.0738562081561384	0.0195974175940818	11	0.5305	0.4531	1.0	1.0	1.0	0.173655668835328	Bryois_Inhibitory_neurons	0.999642109953909	False	False	False	0.997255814537068	False	
1-rs56335113	1	rs56335113	1.4640000000000001e-15	False	0.311619499371352	2	True	0.0670970423289028	0.142459798649545	0.516939440214365	0.0960390019162667	0.0830827181595005	0.111546840446682	0.103778491519997	0.0759602509300069	0.176202493839723	0.892300963319885	0.240535201138648	0.289824073291066	0.810717767724593	0.362201241586824	0.262564354303365	0.0887836889293149	0.11155075129096	0.232061070496797	0.139100692339979	0.0214335095076612	60	0.3922	0.0042	1.0	1.0	1.0	0.516939440214365	Bryois_Excitatory_neurons	0.262564354303365	False	False	False	0.892300963319885	True	1.388
2-rs12471454	2	rs12471454	1.7080000000000001e-15	False	0.627970537080541	3	True	0.144191389509731	0.400817341763349	0.743632971173324	0.889018614328173	0.178458224157329	0.379630194818412	0.862485155163829	0.11331236774329	0.241126429330578	0.825875834308195	0.470795307344007	0.446420899888287	0.895696594407608	0.549016288012979	0.717192710861859	0.856979402351746	0.172989877582811	0.104499639108242	0.943559945097405	0.771969271963864	104	0.0761	0.021	1.0	1.0	1.0	0.889018614328173	Bryois_Inhibitory_neurons	0.943559945097405	False	True	True	0.895696594407608	False	3.0551
1-rs11587347	1	rs11587347	4.081000000000001e-15	False	0.141590060941428	2	True	0.0598694481029959	0.0537442250951735	0.0826119387153412	0.0597106095567426		0.0617228197212149		0.0682248726520514	0.176100744943041	0.050071550665191	0.0603626382426133	0.0639574325168934	0.0608456697453262	0.0578701685862598					0.058026215795642		5	0.0	0.0	0.0	0.0	0.0	0.0826119387153412	Bryois_Excitatory_neurons	0.058026215795642	False	False	False	0.176100744943041	False	0.0
12-rs61937595	12	rs61937595	4.176e-15	False	0.496706000240976	2	True	0.195395249577361	0.12128378552315	0.182029022760162	0.173742942831484	0.183125160891708	0.440720358072126	0.247771268439579	0.106210201258484	0.182027708378541	0.690163912780538	0.190556566267104	0.177751327113031	0.618989375050851	0.552047589863765	0.0850771892542618	0.0635297029753582	0.0159812674087016	0.0742914410030648	0.934032197424583	0.076404402905351	3	0.5009	0.5009	1.0	1.0	0.0	0.440720358072126	Bryois_OPCs_COPs	0.934032197424583	False	False	True	0.690163912780538	False	0.0
15-rs11638554	15	rs11638554	4.283e-15	True	0.922973000167829	4	True	0.177460655047027	0.0930371121097849	0.400583922561585	0.212318268287626	0.129144460234165	0.519100363104876	0.0761923250629387	0.102095517613653	0.737985357117904	0.877998765130028	0.74091456749577	0.228151751939272	0.88175239735381	0.826295245822629	0.273151365913389	0.961584997299061	0.766334435702664	0.106236023107774	0.934820030125086	0.786268891289846	72	0.0209	0.0267	1.0	1.0	1.0	0.519100363104876	Bryois_OPCs_COPs	0.961584997299061	True	False	False	0.88175239735381	False	
14-rs10873538	14	rs10873538	4.696000000000001e-15	False	0.757955196589783	1	True	0.11318686707788	0.0739600362517517	0.499806830549955	0.119881325012998	0.0950592303258559	0.214457589785551	0.34110087657858	0.211697083948543	0.448641542296048	0.541979800065581	0.757955196589783	0.293895692450607	0.739328637775364	0.73780176032012	0.0856291676123055	0.0680781703442111	0.120098327741529	0.0291989864834013	0.161958997592227	0.0784757618712296	92	0.0274	0.0965	1.0	1.0	0.0	0.499806830549955	Bryois_Excitatory_neurons	0.161958997592227	False	False	False	0.757955196589783	False	0.0
22-rs732381	22	rs732381	6.274e-15	False	0.702910553438228	2	True	0.713154252483845	0.303739119802771	0.207859088787611	0.139895975195283	0.127818700140013	0.195864155482636	0.235257136168827	0.175361755707863	0.205969051000482	0.245275695958264	0.109392727072224	0.408373244105057	0.362019467171463	0.125979278802127	0.119196219874288	0.2542007300208	0.0970631403941148	0.0870907369523427	0.908885939559994	0.0925646138952836	2	0.0	0.0	0.0	0.0	0.0	0.713154252483845	Bryois_Astrocytes	0.908885939559994	False	False	True	0.408373244105057	False	0.0
7-rs7803571	7	rs7803571	7.588e-15	False	0.471682100188407	2	True	0.115315728597745	0.0966656979258991	0.145911532487401	0.101156981984963	0.140400732335414	0.0948145149878404	0.113426274619326	0.0572044014309992	0.0957975717522246	0.0900911598737687	0.12516932305269	0.222453000619003	0.126558825139987	0.131543073399212	0.0159407770847883	0.0482884698377663			0.0745958165933992	0.0773596144421862	29	0.0	0.0	0.0	0.0	0.0	0.145911532487401	Bryois_Excitatory_neurons	0.0773596144421862	False	False	False	0.222453000619003	False	0.0
3-rs10935184	3	rs10935184	1.154e-14	True	0.947463679396818	2	True	0.203833291974516	0.052258135416682	0.339845161598783	0.692708013309286	0.31146625334782	0.122710350207286	0.886205646272971	0.141731584555558	0.69495658133031	0.924991950822668	0.877727685654975	0.846652732041596	0.95506569839737	0.414885016789952	0.0784945216489799	0.93119121921854	0.0239924249119509	0.766663084573926	0.954976143562086	0.0382534285117591	50	0.1294	0.0	1.0	0.0	1.0	0.886205646272971	Bryois_Oligodendrocytes	0.954976143562086	False	True	False	0.95506569839737	False	
5-rs10035564	5	rs10035564	1.398e-14	False	0.645771620801561	0	True	0.0676422847996475	0.052901417254724	0.150503554828612	0.147315294120412	0.0022162709655168	0.0017504689731908	0.157201198395202	0.077553748215162	0.229591390327502	0.0487991917288037	0.0966924968058336	0.15246006069593	0.312284395690978	0.127807164729409							0						0.157201198395202	Bryois_Oligodendrocytes		False	False	False	0.312284395690978	False	0.0
19-rs7251	19	rs7251	1.528e-14	True	0.974161331244541	3	True	0.142285169268097	0.192720599583546	0.83811879580078	0.421112680867188	0.21109694408485	0.271456964183546	0.216693791834767	0.312829447653682	0.473945285143434	0.546156198898765	0.402535887229724	0.479177513741101	0.978836466849658	0.348482775281297	0.702766508497219	0.590147785316646	0.832908867857217	0.109078294179072	0.726895270610774	0.064405285518308	32	0.1942	0.3209	1.0	1.0	1.0	0.83811879580078	Bryois_Excitatory_neurons	0.832908867857217	False	True	False	0.978836466849658	False	
2-rs11693094	2	rs11693094	1.847e-14	False	0.413456328946514	1	True	0.0493907481704352	0.0778006043177692	0.144169337417604	0.114682367739238	0.0549490319326993	0.351699324369809	0.0624645308432254	0.119406904440906	0.203602101427876	0.0603856187147975	0.0509533976234184	0.287828775196167	0.189565904802512	0.19451275704018	0.0759084973397307	0.0838674127100259	0.0041116843312409	0.0688780448468303	0.0725075611940914	0.0039160424664175	5	0.0	0.0	0.0	0.0	0.0	0.351699324369809	Bryois_OPCs_COPs	0.0838674127100259	False	False	False	0.287828775196167	False	0.0
11-rs4936215	11	rs4936215	2.827e-14	False	0.695541883465164	5	True	0.0546241166892075	0.0490917901088944	0.400577630167887	0.372807679971379	0.0598715145734516	0.0882906692602285	0.218653120436329	0.118301866892075	0.122453661078775	0.105241033952667	0.108412437752524	0.205327942539508	0.137636174108702	0.193506112889384	0.19888790104698	0.155714995180115	0.213291792465257	0.210233971107094	0.180671762656612	0.208051425560218	116	0.4201	0.1817	1.0	1.0	1.0	0.400577630167887	Bryois_Excitatory_neurons	0.213291792465257	False	False	False	0.205327942539508	False	1.2384
2-rs12991836	2	rs12991836	2.89e-14	False	0.175327191380823	1	True	0.0483133505753685	0.160620812946729	0.64213135425596	0.348555726720068	0.148555206617364	0.154229127408879	0.0745422274002956	0.147901091096007	0.166020678062768	0.158468860068723	0.0705588558047424	0.175327191380823	0.201402078981596	0.097229623786468		0.0670248595696175	1.22789155490713e-06		3.10013030028963e-08		2	0.7622	0.0	1.0	0.0	1.0	0.64213135425596	Bryois_Excitatory_neurons	0.0670248595696175	False	False	False	0.201402078981596	False	1.7622
11-rs3016384	11	rs3016384	4.644e-14	False	0.497847898272242	2	True	0.0158025779392389	0.059403376281527	0.0461326331866524	0.0454996027609591	0.0120566624432721	0.0459929442316477	0.0142201890586083	0.0011028784574896	0.0596800137976538	0.0379400257237152	0.108541658316201	0.0986765387944998	0.226214996886265	0.04374339810829	0.0673654049461899	0.0751269057401801	0.0252447278268216	0.0102898031616286	0.0394866522894685	0.0048415622393686	59	0.2204	0.0	1.0	0.0	1.0	0.059403376281527	Bryois_Endothelial_cells	0.0751269057401801	False	False	False	0.226214996886265	False	1.2204
1-rs16851048	1	rs16851048	4.694e-14	False	0.669638651374804	1	True	0.064182250452663	0.166739024769654	0.130531071749653	0.462512534537192	0.0771599363550144	0.341557464072213	0.128020396507541	0.0883793905328924	0.0770379450297673	0.303435357672311	0.149087062063021	0.204072388636319	0.142422958538069	0.141403855695803	0.0867539735004536	0.261579822514794	0.0657500972277306	0.0005944544131053	0.176309472530467	0.0277442330609662	6	0.1172	0.1172	1.0	1.0	0.0	0.462512534537192	Bryois_Inhibitory_neurons	0.261579822514794	False	False	False	0.303435357672311	False	0.0
10-rs17731	10	rs17731	4.7829999999999997e-14	False	0.528103680039076	2	True	0.0910040704473816	0.123463579289764	0.204068229581234	0.0420285258629201	0.0426265840920453	0.0398806009968939	0.0450104752166332	0.0464704900491349	0.14547030314274	0.646633143462939	0.528103680039076	0.146424108904396	0.0535185893869932	0.059659475614467	0.395127940146665	0.841193021470738	0.0618025739651863	0.106195185286116	0.787970575613592	0.0637500210448291	29	0.5982	0.5391	1.0	1.0	1.0	0.204068229581234	Bryois_Excitatory_neurons	0.841193021470738	False	False	True	0.646633143462939	False	1.0591
5-rs72802887	5	rs72802887	4.818e-14	False	0.710732446331539	2	True	0.0702452467952926	0.18063372823681	0.110039273858254	0.103527373292225	0.0620443825741583	0.137961168101294	0.0752334125313642	0.0954454159686574	0.27509273427058	0.051302215468964	0.187232768759116	0.148823586659679	0.0759227803445413	0.134449652146331	0.0930643430918304	0.0710915429760389	0.137138206883936	0.0558869792054096	0.0758130473917752	0.0633473187083335	83	0.0	0.0	0.0	0.0	0.0	0.18063372823681	Bryois_Endothelial_cells	0.137138206883936	False	False	False	0.27509273427058	False	0.0
8-rs73219806	8	rs73219806	5.158e-14	True	0.940625126533871	1	True	0.140865791201073	0.0801031357447053	0.116369641289273	0.201376902992155	0.0728262802262476	0.0792322228747569	0.110226804183079	0.0946053717204935	0.110397205499048	0.17103944423593	0.181607288824566	0.113211859357526	0.880872358743929	0.076619263943947	0.0755002484942791	0.0848865310270626	0.0482531206931867	0.0122220841694496	0.0748082632812366	0.0100292332264232	7	0.0792	0.0	1.0	0.0	1.0	0.201376902992155	Bryois_Inhibitory_neurons	0.0848865310270626	False	False	False	0.880872358743929	True	
18-rs11083369	18	rs11083369	5.243e-14	False	0.0739402746221136	1	True	0.0398004709388459	0.0388715549103489	0.0385649300233434	0.0385709466866311	0.0385702952920154	0.0411220515669086	0.0007992888551679	0.0802740562943991	0.0350395943992804	0.0342112686014402	0.0643854763939209	0.0462759538779808	0.0431209671776783	0.0531502663388083	0.0565468679931696	0.0725743595113544	0.0185894192932318	0.0050613651452621	0.0381095415343823	0.0020833146118946	2	0.0	0.0	0.0	0.0	0.0	0.0802740562943991	Bryois_Pericytes	0.0725743595113544	False	False	False	0.0643854763939209	False	0.0
15-rs11632947	15	rs11632947	6.239999999999999e-14	False	0.246685823564147	1	True	0.249102769462694	0.0996253961391392	0.0627641148561221	0.10548257318389	0.0482994044083892	0.0535653752756496	0.05330957984599	0.11716489401519	0.162017477811067	0.437899084394029	0.138405767111863	0.234197679262449	0.0735875674292804	0.120589291857462	0.0449044491121063	0.0772737908638192	0.0642170415399846	0.0081878244636501	0.062997116613529	0.0623618240315122	15	0.0	0.0	0.0	0.0	0.0	0.249102769462694	Bryois_Astrocytes	0.0772737908638192	False	False	False	0.437899084394029	False	0.0
13-rs9545047	13	rs9545047	7.628e-14	True	0.96895009073378	1	True	0.0719523857056416	0.0491557679296933	0.90558604300977	0.1210181047103	0.0560123506285034	0.102493164335495	0.77490517814188		0.797818592108054	0.868809581101615	0.951580239126759	0.925755313740218	0.781270159614015	0.815331454558023	0.805646397247122	0.821081238065801	0.952398808205258	0.0719886246910893	0.783805454355577	0.819960039686184	62	0.0266	0.0378	1.0	1.0	1.0	0.90558604300977	Bryois_Excitatory_neurons	0.952398808205258	True	True	False	0.951580239126759	False	
7-rs2057884	7	rs2057884	8.568e-14	False	0.369992054216394	1	True	0.187774078305894	0.097381291973805	0.3168047408402	0.203975125621765	0.149606020291441	0.472231989645256	0.851771434726984	0.111535200647915	0.105221084672658	0.394751932170359	0.153450304875614	0.326072414937683	0.128028812232357	0.163967047465957	9.92723996370462e-05	0.0645708157342005		0.0579870975498013	0.0711440363807889	0.0639470512513222	80	0.0222	0.0367	1.0	1.0	1.0	0.851771434726984	Bryois_Oligodendrocytes	0.0711440363807889	False	True	False	0.394751932170359	False	3.0
22-rs9607782	22	rs9607782	1.0450000000000001e-13	True	0.973570121269887	2	True	0.135157328421849	0.307544176457318	0.479927256633634	0.334108485026478	0.201317821947582	0.546326852619494	0.732896755996093	0.142011294034721	0.873718501769009	0.782920380386841	0.973570121269887	0.862973915591452	0.605187853549121	0.755687322074482	0.548411214288384	0.181313960939548	0.120789179624247	0.586437578033105	0.151599262310498	0.744463449405431	59	0.0408	0.0892	1.0	1.0	1.0	0.732896755996093	Bryois_Oligodendrocytes	0.744463449405431	False	False	False	0.973570121269887	False	
18-rs9636107	18	rs9636107	1.056e-13	False	0.628365871077478	5	True	0.098418779689595	0.37825644398749	0.171600596600301	0.150498275644146	0.0680696391716495	0.321143549824236	0.0829503303455681	0.161625665992135	0.161043759406318	0.19128451306771	0.194967250922286	0.628365871077478	0.164411132506275	0.106957510082575	0.129544547442267	0.141959614992379	0.251959315011868	0.164605353892567	0.0929653220766832	0.0545832554369421	51	0.1499	0.082	1.0	1.0	1.0	0.37825644398749	Bryois_Endothelial_cells	0.251959315011868	False	False	False	0.628365871077478	False	1.0679
14-rs12883788	14	rs12883788	1.209e-13	False	0.311909669248584	1	True	0.0507617834676059	0.0198596969025146	0.144328840142288	0.0652796327025165	0.0171910512411723	0.0506854213042611	0.0979928183307495	0.0016841832993276	0.582128536285163	0.219214575139794	0.13694899140824	0.294727474855535	0.448414564778445	0.146030712009633	0.007667862512531	0.0275467414396323		0.0035992416037371	0.0744926076987594	0.0005600431235108	7	0.0	0.0	0.0	0.0	0.0	0.144328840142288	Bryois_Excitatory_neurons	0.0744926076987594	False	False	False	0.582128536285163	False	0.0
2-rs2914983	2	rs2914983	1.374e-13	True	0.949476402251694	2	True	0.315910715785272	0.150848080487346	0.685301118389987	0.119429619894348	0.0743616712752083	0.243275687838638	0.257812890074765	0.0893661203492422	0.325587897602614	0.951695059415304	0.16522432406006	0.108531272406898	0.391244480954056	0.768614336864445	0.0914197932232416	0.962395937108105	0.0843246286029729	0.0840489283087974	0.0814265715454808	0.0782920351783382	98	0.0331	0.0479	1.0	1.0	1.0	0.685301118389987	Bryois_Excitatory_neurons	0.962395937108105	False	False	False	0.951695059415304	False	
16-rs12925872	16	rs12925872	1.437e-13	False	0.326076520812408	1	True	0.0716223763594504	0.0991686321324979	0.0966107160528931	0.322452577789668	0.0714954734230477	0.0650512715021268	0.128990708990923	0.088123969343878	0.0464840639944129	0.231759828963837	0.0707108109082041	0.228288496405107	0.30717188973813	0.922228174333577	0.265756392929796	0.280993471021309	0.0841093489171422	0.0839591817585086	0.0638832262422282	0.145833481763947	9	0.0	0.0	0.0	0.0	0.0	0.322452577789668	Bryois_Inhibitory_neurons	0.280993471021309	True	False	False	0.922228174333577	True	2.0
2-rs68002929	2	rs68002929	1.747e-13	False	0.108783768335891	1	True	0.0053559272614136	0.103234860468089	0.0625686921213887	0.121139425089686	0.0835978279936006	0.0241661154141124	0.0532543277634664	0.0855930288539226	0.0556172529481365	0.0470418753518308	0.0493780255039415	0.0614241229982711	0.0512130346300368	0.0662270652300314		0.0226743791494313					11	0.0	0.0	0.0	0.0	0.0	0.121139425089686	Bryois_Inhibitory_neurons	0.0226743791494313	False	False	False	0.0662270652300314	False	0.0
11-rs893949	11	rs893949	2.372e-13	False	0.699433379749331	5	True	0.0539578854408682	0.0493042277735836	0.410719779582078	0.382091241617666	0.0598259029940592	0.0898065064453234	0.216918460376545	0.11747185325213	0.123903833219865	0.125590287991772	0.110069813231047	0.211319557682242	0.143684207656973	0.164604099273601	0.108986845849346	0.11265702484337	0.140857705738835	0.1386761341837	0.213103882159161	0.202014040548604	118	0.4158	0.1827	1.0	1.0	1.0	0.410719779582078	Bryois_Excitatory_neurons	0.213103882159161	False	False	False	0.211319557682242	False	1.2331
7-rs7807720	7	rs7807720	3.037e-13	False	0.697299641302	2	True	0.122269891657929	0.118240410578161	0.179587155957608	0.0848327126275593	0.140051295387589	0.0995541793860734	0.124720452349518	0.0572982554968131	0.108879994682225	0.124488331909399	0.154017702966458	0.249089731287203	0.453283318761354	0.143770454063744	0.0039606310395411		0.0228579646361184		0.0025685270738147		27	0.0	0.0	0.0	0.0	0.0	0.179587155957608	Bryois_Excitatory_neurons	0.0228579646361184	False	False	False	0.453283318761354	False	0.0
11-rs12541	11	rs12541	3.95e-13	True	0.881588363916776	2	True	0.153629752871344	0.0801783475545053	0.170943703788735	0.142226181797864	0.125111081130567	0.111427371757787	0.0993151996391721	0.0923763008700389	0.261254881147913	0.831473800625497	0.881588363916776	0.682079481422241	0.304622384619195	0.222792709832656	0.401805191339079	0.255652265520237	0.085341653817715	0.134177765238832	0.0659340752199603	0.0526536621223336	55	0.0	0.0292	0.0	1.0	0.0	0.170943703788735	Bryois_Excitatory_neurons	0.401805191339079	False	False	False	0.881588363916776	True	
1-rs61833239	1	rs61833239	6.385999999999999e-13	False	0.348067422630161	2	True	0.104553042320933	0.112706048399819	0.325223244966834	0.0738561455258086	0.0772214609290108	0.0978059331564043	0.218333140664748	0.0670614355974923	0.170124459605057	0.145593379997884	0.12542257743744	0.216519103722379	0.102100485592131	0.198884758121821	0.112595726571623	0.042684686675103	0.231068380955403	0.0921705175886771	0.067635605552438	0.015994627852621	4	0.344	0.0	1.0	0.0	1.0	0.325223244966834	Bryois_Excitatory_neurons	0.231068380955403	False	False	False	0.216519103722379	False	1.3439999999999999
18-rs715170	18	rs715170	1.055e-12	False	0.305031422095089	5	True	0.0765623784279474	0.168364812795322	0.15179951390398	0.140934374008447	0.104245188854959	0.11400376402017	0.134776479342473	0.12789457110329	0.120357031762781	0.416994314371201	0.110216007762313	0.0837982320513115	0.125403183925893	0.108678928884158	0.102088026958869	0.160270727043166	0.126300086174703	0.0847540310445812	0.0910914887305298	0.0841883716008389	69	0.1327	0.0863	1.0	1.0	1.0	0.168364812795322	Bryois_Endothelial_cells	0.160270727043166	False	False	False	0.416994314371201	False	1.0464
2-rs3770752	2	rs3770752	1.364e-12	True	0.908942534987359	1	True	0.722722896635007	0.28280550066391	0.390116736481059	0.0528021006730302	0.208210792130956	0.174517351655549	0.761653240184496	0.0770958091440372	0.675176028841961	0.557005762894798	0.492061219460907	0.586224952085901	0.933448556886308	0.918990240713388	0.214221030947762	0.0819563052072873	0.0599451252397186	0.0584170403636636	0.979885482533198	0.971762663107581	24	0.1963	0.2275	1.0	1.0	0.0	0.761653240184496	Bryois_Oligodendrocytes	0.979885482533198	True	False	False	0.933448556886308	False	
8-rs73229090	8	rs73229090	1.746e-12	False	0.484177844201831	1	True	0.14500240898402	0.0872256156980022	0.152003470377398	0.247751748364716	0.0533542292049668	0.0664940889269294	0.54319051978615	0.161340013537643	0.119558734763941	0.316066589480932	0.122836634096258	0.113710962631529	0.0567221621516777	0.0704793607335187	0.215215092585575	0.108966769241579	0.0596359355786427	0.0584339633933474	0.0704108056604061	0.00147244580089	7	0.0	0.0	0.0	0.0	0.0	0.54319051978615	Bryois_Oligodendrocytes	0.215215092585575	False	False	False	0.316066589480932	False	0.0
1-rs2494638	1	rs2494638	2.297e-12	True	0.894103865227798	1	True	0.322574895248185	0.108707261692514	0.20146397934539	0.15093902220841	0.153185252153032	0.123463772524863	0.379530524746059	0.378256250959433	0.495805219790512	0.395949492109273	0.194183229614136	0.149842062110726	0.199955636360146	0.976292144295065	0.0932853027607811	0.372532651328002	0.0795090034492808	0.0870174723392378	0.116852330593927	0.0762356936488816	7	0.149	0.0245	1.0	1.0	1.0	0.379530524746059	Bryois_Oligodendrocytes	0.372532651328002	True	False	False	0.976292144295065	True	
9-rs505061	9	rs505061	2.532e-12	False	0.353706768173095	1	True	0.107827661367041	0.108747815596624	0.0789109980227687	0.0626611247350005	0.101618108891697	0.0555796951967905	0.0974626717093515	0.0683633894004599	0.0591899367346878	0.299264325681237	0.0822010706727428	0.0878931814528617	0.115639890089554	0.110637877636683	0.0105878191209512	0.139371704369814	0.0085363395197226	0.0156283704031181	0.0618104881551272		1	0.0	0.0	0.0	0.0	0.0	0.108747815596624	Bryois_Endothelial_cells	0.139371704369814	False	False	False	0.299264325681237	False	0.0
6-rs6938026	6	rs6938026	2.54e-12	True	0.952373332795416	1	True	0.421713001471799	0.524988563074185	0.637125840372271	0.157005426324889	0.1112703227297	0.16908028822305	0.159048996991111	0.137855851801166	0.320058378045794	0.969181114605236	0.549921898920481	0.610678388475127	0.351162244775362	0.223496680946961	0.0729539803033694	0.93166003636035	0.105421622855845	0.0746672372283238	0.243225152315378	0.122104528244556	3	0.0	0.0	0.0	0.0	0.0	0.637125840372271	Bryois_Excitatory_neurons	0.93166003636035	False	False	False	0.969181114605236	False	
17-rs959071	17	rs959071	3.145e-12	False	0.570458463757048	3	True	0.568901930992366	0.256149177858583	0.359780354434058	0.287580988144395	0.384710751947141	0.301395406607056	0.091835652142291	0.52940397800444	0.164775895333607	0.18769686670671	0.29647686867152	0.267422932432822	0.737969517137907	0.946162333016061	0.876061808873283	0.907526523168889	0.907807136258785	0.566019152123104	0.913252719910164	0.905420717103953	101	0.1738	0.3611	1.0	1.0	1.0	0.568901930992366	Bryois_Astrocytes	0.913252719910164	True	False	True	0.946162333016061	False	3.0
11-rs4937935	11	rs4937935	4.102e-12	False	0.701325357715863	5	True	0.0556697326050371	0.0508072833791545	0.416525474766821	0.389139851104092	0.0615659347595584	0.094266794343898	0.225910860573093	0.120653466056393	0.128404246192108	0.131806556860634	0.114108504111295	0.218272213462181	0.149860950769588	0.169532150664077	0.108863565698131	0.112733834075136	0.134975443289993	0.132846436683007	0.202415578918172	0.201810620088883	118	0.4156	0.1829	1.0	1.0	1.0	0.416525474766821	Bryois_Excitatory_neurons	0.202415578918172	False	False	False	0.218272213462181	False	1.2327
7-rs79210963	7	rs79210963	5.307e-12	False	0.435839254152058	2	True	0.087845961093773	0.297023019407157	0.103980956797283	0.0665446758057267	0.26573288631077	0.069766539952363	0.110276170868381	0.0889153159059055	0.157247948437566	0.145502956379633	0.0825086880693686	0.435839254152058	0.407716751628266	0.110521353324097	0.092508347797827	0.145814170196709	0.114437108046331	0.818958506983026	0.439734334358722	0.084336673801462	67	0.0208	0.012	1.0	1.0	1.0	0.297023019407157	Bryois_Endothelial_cells	0.818958506983026	False	False	True	0.435839254152058	False	1.0088
11-rs77502336	11	rs77502336	7.615e-12	True	0.888964059986537	2	True	0.327184690808861	0.208979349111418	0.0914563355125489	0.494606752084914	0.256557677562355	0.234337994814522	0.16574712382725	0.215016812186468	0.0839264448874418	0.165528931063037	0.110537734359661	0.16705293293396	0.778688864529879	0.175555651593693	0.102862624557867	0.190698517205155	0.175090728020734	0.128751088343287	0.732632549189781	0.0509108292347462	58	0.2849	0.2996	1.0	1.0	0.0	0.494606752084914	Bryois_Inhibitory_neurons	0.732632549189781	False	False	False	0.778688864529879	False	
3-rs17194490	3	rs17194490	7.92e-12	True	0.869834663280377	1	True	0.0569292082249187	0.0570867775453994	0.132230885262656	0.0768895607644248	0.0449602981557778	0.119428222867667	0.060199429116633	0.0547568445018432	0.270102125659869	0.506425418229974	0.0798425556373492	0.061381617250435	0.0688741747979046	0.256745896860165	0.0562376866132653	0.0487200363333555	0.0460433583624709	0.0396014984034571	0.0497341421141568	0.0005032630346821	5	0.0	0.0489	0.0	1.0	0.0	0.132230885262656	Bryois_Excitatory_neurons	0.0562376866132653	False	False	False	0.506425418229974	False	
4-rs61405217	4	rs61405217	9.053999999999999e-12	False	0.562593703755994	1	True	0.120082884477677	0.0610794752774828	0.0976754227880711	0.112202485230431	0.653095837395681	0.0784871962842235	0.0569422332069007	0.0603134486458897	0.232951343352491	0.727907735475747	0.0919277469034408	0.133160274123912	0.0768296371077619	0.412668800960857	0.0824545052008837	0.644161320198627			0.0665732172310271		23	0.0074	0.0074	1.0	1.0	0.0	0.653095837395681	Bryois_Microglia	0.644161320198627	False	False	False	0.727907735475747	False	0.0
16-rs9674103	16	rs9674103	9.587e-12	False	0.310281577141804	1	True	0.065006911040906	0.075243114198263	0.0930325264790791	0.2507338492737	0.130418575931761	0.0968342680543214	0.0658213939288869	0.0551113869318996	0.0807542339168863	0.0833464351999149	0.0980152497683124	0.179843098902348	0.123100532812063	0.0965189142599714	0.05753146556327	0.0612846968905498	0.0619049691873322	0.0512859415446666	0.0857920438074206	0.0713569461266111	51	0.1043	0.0876	1.0	1.0	1.0	0.2507338492737	Bryois_Inhibitory_neurons	0.0857920438074206	False	False	False	0.179843098902348	False	1.0167
15-rs2929278	15	rs2929278	9.886e-12	True	0.97308273138944	1	True	0.289924033971441	0.213541166080343	0.822585457093116	0.336784650434707	0.801106085772536	0.20423536590504	0.207565300098122	0.219371339145271	0.899913805964865	0.863565678088148	0.763888963119402	0.929409295230009	0.907901061055505	0.160609017762979	0.932826271078728	0.855158204211359	0.818678043202137	0.938317841671683	0.914242984261444	0.0744669169751603	42	0.0567	0.0567	1.0	1.0	0.0	0.822585457093116	Bryois_Excitatory_neurons	0.938317841671683	False	True	False	0.929409295230009	False	
8-8-4180090-T-A	8	8:4180090_T_A	1.085e-11	False	0.443733285532569	2	True	0.0038189687122028	0.0037964943152593	0.0389334965377457	0.0415422479691485		0.124114065539283	0.0041283551479022	0.0032259175174437	0.0628135521798085	0.110295065679404	0.0595270314150636	0.0686410081714461	0.0243023786356843	0.0414797566385983	0.0678133728169565	0.0646402604210381			0.0115540405632645	0.0461827908275796	24	0.116	0.0	1.0	0.0	1.0	0.124114065539283	Bryois_OPCs_COPs	0.0678133728169565	False	False	False	0.110295065679404	False	1.116
8-rs4043663	8	rs4043663	1.2109999999999999e-11	True	0.828844786428626	1	True	0.0050487544093059	0.0047049909775607	0.0495340625922994	0.130776819661286	0.0048998928997556	0.0585967598017394	0.006589777721688	0.0056290036264335	0.358067602876996	0.654417951955481	0.828844786428626	0.151712959413355	0.351621027915045	0.391131837322525	0.0042918592429492	0.704197004625071	0.827690298867857	0.0051708362730148	0.0055593984109868	0.0675099873472524	179	0.0541	0.015	1.0	1.0	1.0	0.130776819661286	Bryois_Inhibitory_neurons	0.827690298867857	False	False	False	0.828844786428626	False	
5-rs187653	5	rs187653	1.23e-11	True	0.848690358323742	1	True	0.717066854276439	0.408117709506769	0.266045510123973	0.225524816088806	0.175739161406067	0.715748055009717	0.259999177142209	0.449782676428134	0.612024535029726	0.487270287651233	0.200363123285938	0.393837489319935	0.369562458962954	0.0995215627352145	0.0486676630336609	0.0790744690761011	0.0742029638082198	0.0746732378172125	0.0761056300000794	1.06062705402367e-07	28	0.2023	0.2305	1.0	1.0	1.0	0.717066854276439	Bryois_Astrocytes	0.0790744690761011	False	False	False	0.612024535029726	False	
3-rs1399551	3	rs1399551	1.518e-11	False	0.132979789466997	1	True	0.0525845304676966	0.113687208710886	0.0764079165914537	0.0881169525660205	0.0636698299941588	0.069758505302668	0.121256335579684	0.064188852713146	0.221823033237587	0.437270468489883	0.128955201787437	0.115571292699839	0.647933371030435	0.0868297729083539	0.0554426498203582	0.0814381402932389					233	0.006	0.0	1.0	0.0	1.0	0.121256335579684	Bryois_Oligodendrocytes	0.0814381402932389	False	False	False	0.647933371030435	False	1.006
15-rs56282503	15	rs56282503	1.603e-11	True	0.996881627904128	1	True	0.770205074272322	0.428757696046091	0.107133888644781	0.584186284983314	0.143408252905088	0.0857786755883288	0.458795003867137	0.236864092218112	0.817720535282618	0.889733984337009	0.563603063290465	0.50009613021037	0.968253318835773	0.194080795023556	0.105551230842709	0.0979653597905306	0.124964407177894	0.081942314428222	0.973497667191831	0.0644294061045742	4	0.0	0.0	0.0	0.0	0.0	0.770205074272322	Bryois_Astrocytes	0.973497667191831	False	False	False	0.968253318835773	False	
8-rs298216	8	rs298216	2.095e-11	True	0.920090430078273	3	True	0.422783497500217	0.106939724892891	0.935267922145895	0.797282520908292	0.0562033112109545	0.272000703151166	0.139388419067786	0.0638903698334278	0.810179894229308	0.983182973999019	0.44646395176055	0.173849664799593	0.965090049193245	0.243013112074798	0.109872261439338	0.23744441319227	0.284447316957103	0.0631730207233258	0.110097748934251	0.268525911817233	105	0.3195	0.1578	1.0	1.0	1.0	0.935267922145895	Bryois_Excitatory_neurons	0.284447316957103	False	True	False	0.983182973999019	True	
3-rs4678552	3	rs4678552	2.127e-11	True	0.980975235261834	1	True	0.0843343801218052	0.108901371313409	0.938161415237165	0.162727263694769	0.0537802220177745	0.290704070074962	0.0993505063881166	0.054832673802058	0.224520348687373	0.866258223053647	0.206482665112625	0.19424727988884	0.828298391837053	0.456377255497565	0.0658071212494042	0.0778312024366029	0.0143970218355795	0.0062197763419467	0.150990013951671		18	0.024	0.0	1.0	0.0	1.0	0.938161415237165	Bryois_Excitatory_neurons	0.150990013951671	False	True	False	0.866258223053647	True	
13-rs11619756	13	rs11619756	2.459e-11	False	0.667563320266392	1	True	0.175892874616602	0.0656949782040513	0.0811018723425585	0.114532134434955	0.0603394839924335	0.119530853532567	0.089188061379152	0.145641166588439	0.265574908819012	0.54263267625496	0.667563320266392	0.121795430667765	0.472803099185984	0.152625177374009	0.0775053083719778	0.0833902896785686	0.0464593822046673	0.0846712229682658	0.156497522446957	0.102027007109856	11	0.0745	0.0523	1.0	1.0	1.0	0.175892874616602	Bryois_Astrocytes	0.156497522446957	False	False	False	0.667563320266392	False	1.0222
7-rs1593304	7	rs1593304	2.702e-11	False	0.321670773449188	2	True	0.171447234369252	0.455274859565273	0.594260216291918	0.0812790218853433	0.0696728611597518	0.114854905277459	0.085504969053032	0.0733204208332993	0.468663350911728	0.13852035080779	0.0825052363048644	0.125218882966281	0.0981001736262893	0.0953073661158581	0.0324121606223855	0.0751303178278842	0.001558359570726		0.0946501718984352	0.0688188697575029	32	0.0	0.0941	0.0	1.0	0.0	0.594260216291918	Bryois_Excitatory_neurons	0.0946501718984352	False	False	False	0.468663350911728	False	0.0
17-rs2696466	17	rs2696466	2.7169999999999998e-11	True	0.979564196502287	1	True	0.525152760754398	0.363597699590259	0.886721406979756	0.914245970831559	0.274111821628013	0.36379786797251	0.478497636213109	0.287470676651746	0.867475803605964	0.869391063539233	0.931444345128803	0.872427865695358	0.869224200511094	0.365631347688109	0.395326201875002	0.585076465364776	0.316656196269147	0.324986534612018	0.661872311879478	0.328345567742468	1638	0.1265	0.0981	1.0	1.0	1.0	0.914245970831559	Bryois_Inhibitory_neurons	0.661872311879478	False	True	False	0.931444345128803	False	
3-rs13090130	3	rs13090130	3.214e-11	False	0.237898273581237	2	True	0.112617769034335	0.112309540390748	0.0853730842594163	0.156976590196128	0.135085511380098	0.161488793156069	0.0659121473394868	0.369915807200366	0.0606714703236474	0.0918108648556831	0.0797320306930574	0.175348766282992	0.14323034042451	0.271718270248981		0.0698140802243481			0.0063006880138882	0.0582880715992177	173	0.0	0.0	0.0	0.0	0.0	0.369915807200366	Bryois_Pericytes	0.0698140802243481	False	False	False	0.271718270248981	False	0.0
11-rs12363019	11	rs12363019	3.568e-11	False	0.256133763418028	1	True	0.0022152386149108	0.0020643113647832	0.0692666738604846	0.12206768365287	0.0014657386896804	0.0701115075997352	0.0471731575380734	0.0023465519633457	0.0343167398619232	0.0264177964905295	0.0416019981104056	0.0688631814617275	0.0506362936006281	0.115163202045748	0.0093240604580651	0.0036661972623373			0.0126572717860393	0.0035181853733459	37	0.0	0.0	0.0	0.0	0.0	0.12206768365287	Bryois_Inhibitory_neurons	0.0126572717860393	False	False	False	0.115163202045748	False	0.0
12-rs302317	12	rs302317	3.68e-11	True	0.898089614644281	4	False	0.641263445448701	0.0883831935184207	0.0768090867889596	0.0900758850687078	0.0542843511410966	0.0826221956807723	0.0708389796158453	0.399307324918384	0.351165342736986	0.0529323613159032	0.0642697750547348	0.0755609732314624	0.187219006767241	0.0635256163955773	0.148197311009675	0.114950529614297	0.258094490502624	0.135250701374179	0.243903850783647	0.151804770405764	6	0.5016	0.5016	1.0	1.0	0.0	0.641263445448701	Bryois_Astrocytes	0.258094490502624	False	False	False	0.351165342736986	False	
17-rs12943566	17	rs12943566	4.306e-11	False	0.549083084706406	2	True	0.13542227499045	0.163775074397811	0.36627569496556	0.229990912829359	0.140930571634687	0.23831844891441	0.790168366845132	0.103102707581094	0.130966016505294	0.140935768129432	0.109258250109131	0.174486218803907	0.347796976519008	0.525353990771813	0.486594615137981	0.0942241227761296	0.092092500322227	0.9410280705061	0.181040473512028	0.944492758587788	162	0.1722	0.0835	1.0	1.0	1.0	0.790168366845132	Bryois_Oligodendrocytes	0.944492758587788	False	False	True	0.525353990771813	False	1.0887
11-rs10767735	11	rs10767735	4.659e-11	False	0.733780448466112	2	True	0.141804287876804	0.0652861328775171	0.0851623034544699	0.160522809258076	0.0616510947029515	0.0780257802066095	0.127499402978108	0.120695088497671	0.137571734254601	0.150329743488044	0.206289655923539	0.105252924641129	0.199906749957365	0.346229081172399	0.084140928973204	0.0667890954478364	0.002778360762749	0.0348342871556326	0.153798625902617	0.0648506715374625	49	0.0559	0.0	1.0	0.0	1.0	0.160522809258076	Bryois_Inhibitory_neurons	0.153798625902617	False	False	False	0.346229081172399	False	1.0559
6-rs217310	6	rs217310	6.556e-11	True	0.893234090670267	1	True	0.507418245030358	0.128255843583749	0.343778631747571	0.213079431609523	0.0960022546083522	0.389706475567632	0.137983643488431	0.0710411908929791	0.237754879099949	0.661626529324828	0.649767905413104	0.143029007593633	0.181723064636576	0.46524253208616	0.0530696391700807	0.0085747177425715	0.0101482038020369		0.0703426392152233	0.0668196120844546	30	0.0	0.0	0.0	0.0	0.0	0.507418245030358	Bryois_Astrocytes	0.0703426392152233	False	False	False	0.661626529324828	False	
3-rs6804677	3	rs6804677	6.574e-11	False	0.460256296603842	2	True	0.0790588797660019	0.103900674557236	0.527509239715809	0.0922609380758067	0.112616251599329	0.369816759974434	0.0782767960057958	0.0556040733918475	0.0778629145915648	0.304550366237602	0.0953217396932784	0.198314540621181	0.0792280178726507	0.155597974417463	0.0817333482696072	0.0821883381245714	0.15059412372685	0.503208728069692	0.0777484712569969	0.263330422791602	259	0.0004	0.0006	1.0	1.0	0.0	0.527509239715809	Bryois_Excitatory_neurons	0.503208728069692	False	False	False	0.304550366237602	False	0.0
15-rs2238304	15	rs2238304	7.634e-11	True	0.938848705779419	1	True	0.460859565251693	0.304357895720345	0.159778790609182	0.22734304146499	0.0745842418298701	0.110018022120617	0.196877319916242	0.253142551096125	0.433383863528987	0.719399998694795	0.387840995357771	0.46206088359795	0.494439248542246	0.539520063084219	0.208433658238407	0.153521146346571	0.0762985804378597	0.0793622878619043	0.133940882036193	0.06744103605855	17	0.1284	0.1284	1.0	1.0	0.0	0.460859565251693	Bryois_Astrocytes	0.208433658238407	False	False	False	0.719399998694795	False	
5-rs11241041	5	rs11241041	8.480999999999999e-11	False	0.29406157748115	1	True	0.45678295160378	0.0561822507739835	0.126827942725236	0.0635669893464685	0.0736055608556224	0.062094342145923	0.153183883848874	0.0797596865926972	0.215341825592137	0.176843978324741	0.105302171983686	0.166134762783936	0.122301462328548	0.136677291936127	0.067515206748182	0.509146812381188	0.0054034781304679		0.0061410029318215	0.099604263730844	87	0.0042	0.0825	1.0	1.0	0.0	0.45678295160378	Bryois_Astrocytes	0.509146812381188	False	False	False	0.215341825592137	False	0.0
13-rs9597388	13	rs9597388	8.579999999999999e-11	False	0.204139126675324	2	True	0.0308755829120917		0.0793092338137809	0.0646317128393286		0.0679382603257683	0.0249430228990419	0.0709138666307067	0.0503337522139951	0.136122263069035	0.0679148990027689	0.0450853303667979	0.0336246675893691	0.089205801888064					0.0108387776883118		62	0.0	0.0	0.0	0.0	0.0	0.0793092338137809	Bryois_Excitatory_neurons	0.0108387776883118	False	False	False	0.136122263069035	False	0.0
5-rs7701188	5	rs7701188	9.306e-11	True	0.869786208022308	4	True	0.207898548864882	0.180448099148142	0.183811548236794	0.173894836458762	0.0655148141588713	0.122550869115358	0.0812584225739053	0.102196283949498	0.238975168224121	0.278329128522721	0.13062344129786	0.184602493108256	0.126322071748355	0.109554647781221	0.992322289563243	0.994070323758402	0.994325231932079	0.981174937389371	0.995168256921163	0.995691614711671	104	0.002	0.0	1.0	0.0	1.0	0.207898548864882	Bryois_Astrocytes	0.995691614711671	False	False	False	0.278329128522721	False	
17-rs4793888	17	rs4793888	1.195e-10	False	0.399075294518762	1	True	0.181895982411515	0.159420642793401	0.214273628347407	0.187859273173029	0.164979730471843	0.147037654534116	0.124384425487302	0.0854794817519574	0.168994795522907	0.25609851950562	0.234937163743771	0.119119642572935	0.106611868313187	0.256509814399377	0.0740265579564036	0.0982507978409032	0.0347388472468369	0.0620394969207788	0.125838500413246	0.0015246722897111	11	0.3086	0.3086	1.0	1.0	0.0	0.214273628347407	Bryois_Excitatory_neurons	0.125838500413246	False	False	False	0.256509814399377	False	0.0
2-rs6430491	2	rs6430491	1.257e-10	True	0.918575183112634	1	True	0.231541092034115	0.370873255704354	0.164760543990102	0.0920674382565336	0.0873321589068603	0.176038444499231	0.079584927555761	0.264193021774061	0.279430046118938	0.159603556986389	0.103339089148597	0.261277643484288	0.0445267370339141	0.100822823868483	5.1607969076926e-07	0.0711717029258573	0.0044719874713878	0.0011806792236333	0.0740689985059086	0.0726118643195959	6	0.0	0.0	0.0	0.0	0.0	0.370873255704354	Bryois_Endothelial_cells	0.0740689985059086	False	False	False	0.279430046118938	False	
4-rs35734242	4	rs35734242	1.363e-10	False	0.555895159186914	1	True	0.154518777583229	0.25877068918104	0.326498069374505	0.363394943932213	0.206388708815181	0.236192111560642	0.0841682145729208	0.119264194515657	0.213754156407986	0.107401505405471	0.185841050583532	0.555895159186914	0.244519169342076	0.207145401339295	0.0966732677728418	0.1053316863312	0.207524438006805	0.109100604263087	0.854845633582391	0.0938212207548982	1	0.0	0.0	0.0	0.0	0.0	0.363394943932213	Bryois_Inhibitory_neurons	0.854845633582391	False	False	True	0.555895159186914	False	0.0
20-rs6125656	20	rs6125656	1.4450000000000002e-10	False	0.245418714257762	1	True	0.10935277837405	0.134196644945462	0.200424189697399	0.066625626491284	0.0699753980342287	0.199959821829825	0.059376526617549	0.516269101691596	0.423782110936497	0.669090907698852	0.124903341543688	0.0870267502885977	0.114682015368703	0.19939523985241	0.197276465677656	0.0692326584414912	0.0578082772612297	0.0654892901869671	0.0834324106779065	0.0978113352373262	13	0.0925	0.1816	1.0	1.0	0.0	0.516269101691596	Bryois_Pericytes	0.197276465677656	False	False	False	0.669090907698852	False	0.0
1-rs2252865	1	rs2252865	1.465e-10	True	0.948826228280432	1	True	0.963675979302086	0.0928538199799998	0.807582497574196	0.211544954484418	0.172427488839899	0.113631710665964	0.101376045487366	0.0918147060143589	0.902740967433248	0.324452438324763	0.911590116846757	0.297909493008323	0.964097564201717	0.157618988365802	0.0695337026769628	0.109179218268526	0.0645118142107986	0.06309941084712	0.964749405654034	0.0716071590847645	31	0.2476	0.5295	1.0	1.0	0.0	0.963675979302086	Bryois_Astrocytes	0.964749405654034	False	True	False	0.964097564201717	False	
14-rs1540840	14	rs1540840	1.7940000000000002e-10	False	0.30894484240918	1	True	0.0887217727308384	0.165373556923417	0.697348991834025	0.214907777947586	0.116702335297974	0.256304133828018	0.0908146166459062	0.0548659117974628	0.116134275728517	0.112733178706453	0.30894484240918	0.126307772012604	0.164700596900407	0.0790952586532609	0.0210258943066156	0.0650048895222799	0.0014774385647325	0.0008749228537129	0.206088088698066	0.047210943109563	2	1.0	0.9542	1.0	1.0	1.0	0.697348991834025	Bryois_Excitatory_neurons	0.206088088698066	False	False	False	0.30894484240918	False	1.0457999999999998
2-rs72974238	2	rs72974238	1.82e-10	True	0.965175392395386	1	True	0.801438448425931	0.0642035733467637	0.37724538590002	0.115499204197513	0.0736097479992116	0.0866268951610668	0.125698308884935	0.0458378044445044	0.0740209634043468	0.0471172844621548	0.965175392395386	0.199249231836828	0.386491551867708	0.0569867818271156	0.0117224829444812	0.0932977995024566			0.0827471563211428	0.0008217976358885	33	0.1436	0.1436	1.0	1.0	0.0	0.801438448425931	Bryois_Astrocytes	0.0932977995024566	False	True	False	0.965175392395386	True	
6-rs9398171	6	rs9398171	2.015e-10	True	0.966398796314461	2	True	0.373150318428737	0.104739042935527	0.66372678153789	0.108027350267082	0.207101617123009	0.305522147468818	0.224262692196907	0.136894611719637	0.512333449637411	0.91670099340165	0.757723004749064	0.473111019201863	0.957484738501428	0.401418206506232	0.0705723880880114	0.0763862999612793	0.0625131253645871	0.0643611504957675	0.946082440071346	0.127399476591225	44	0.0382	0.0967	1.0	1.0	0.0	0.66372678153789	Bryois_Excitatory_neurons	0.946082440071346	False	False	False	0.957484738501428	False	
1-rs12138231	1	rs12138231	2.03e-10	True	0.9226403546341	1	True	0.370989691242571	0.476413933860794	0.592534699053361	0.339844928314311	0.201102039934903	0.251435340051036	0.443634041003479	0.24831692789481	0.765644511082552	0.838139260152341	0.830263104217891	0.771764738256764	0.926935104772858	0.349382973370398	0.763226018056947	0.84581174807146	0.837299668050023	0.0926846887197148	0.910187633339818	0.0712334734775302	137	0.0308	0.0415	1.0	1.0	1.0	0.592534699053361	Bryois_Excitatory_neurons	0.910187633339818	False	False	False	0.926935104772858	False	
8-rs59498392	8	rs59498392	2.075e-10	True	0.878010427486546	1	True	0.224810079875461	0.133707253966326	0.731300228389638	0.759667168296886	0.088984072100071	0.22363387182898	0.732225174266405	0.118318694472673	0.891919373656398	0.88611374940492	0.35249443327004	0.597302739738177	0.860957773662679	0.878418080638822	0.896074592956593	0.0738246388008423	0.0719443980087279	0.0660578978105659	0.863732195585552	0.876090752640009	97	0.1202	0.1406	1.0	1.0	0.0	0.759667168296886	Bryois_Inhibitory_neurons	0.896074592956593	True	False	False	0.891919373656398	False	
6-rs12190758	6	rs12190758	2.172e-10	False	0.0961064546530526	1	True	0.0002487053468781	0.0002060456012379	0.0816893776967699	0.0618963139647541	0.0002909602903327	0.0002365747156994	0.0002075219827289		0.0513772511718889	0.0421167531965864	0.0961064546530526	0.0789326694189146	0.0897888174869893	0.0812678227159695	0.0003804626698854	0.0570532850837319			0.0009922872550597		44	0.019	0.0	1.0	0.0	1.0	0.0816893776967699	Bryois_Excitatory_neurons	0.0570532850837319	False	False	False	0.0961064546530526	False	1.019
12-rs6538539	12	rs6538539	2.661e-10	False	0.294238857608007	1	True	0.0475878898974117	0.0797528801480313	0.153682037913738	0.0641159706745874	0.204910165209148	0.123432680068489	0.152379904164853	0.0778770613273575	0.0999139758467817	0.150110056624319	0.294238857608007	0.158203848487252	0.394202212653235	0.256477008483294	0.0695072213366113	0.0479119909486746	0.0057534298143241		0.0699234910520649	0.0434280618444645	19	0.0	0.0	0.0	0.0	0.0	0.204910165209148	Bryois_Microglia	0.0699234910520649	False	False	False	0.394202212653235	False	0.0
4-rs1454606	4	rs1454606	2.699e-10	False	0.177974184176902	1	True	0.122712044767958		0.0632703899928958	0.0725392489386797	0.0067425263382953	0.0652109760713294		0.00572193070533	0.0737633769515805	0.0668122557348066	0.177974184176902	0.136008271326387	0.0593355529673881		0.0443134897669774	0.0030406941724603					420	0.0045	0.0	1.0	0.0	1.0	0.122712044767958	Bryois_Astrocytes	0.0443134897669774	False	False	False	0.177974184176902	False	1.0045
16-rs11076631	16	rs11076631	2.903e-10	True	0.98928246900089	1	True	0.287787870254329	0.107431647626473	0.506441960321515	0.746405652629214	0.113113318439151	0.230595960244606	0.308944884436151	0.234945379083157	0.636873211680641	0.63190739567137	0.88714520301059	0.46514384683131	0.443173014476475	0.62348714004708	0.313318955437959	0.552310032561401	0.136895019219632	0.113786721838903	0.661762700423426	0.0872177707842421	51	0.1128	0.0232	1.0	1.0	1.0	0.746405652629214	Bryois_Inhibitory_neurons	0.661762700423426	False	False	False	0.88714520301059	False	
11-rs708228	11	rs708228	3.103e-10	True	0.914432414481933	0	True	0.136992500419912	0.0771026833149298	0.297605984091836	0.0999669309169495	0.067923847409761	0.181123461752732	0.0791546946508324	0.0816228081934638	0.246288303553333	0.460692834470734	0.471320733333745	0.125537382195052	0.492012335049976	0.344306372603908							0						0.297605984091836	Bryois_Excitatory_neurons		False	False	False	0.492012335049976	False	
12-rs61952922	12	rs61952922	3.131e-10	True	0.983562515783753	2	True	0.175627024105077	0.511115597854455	0.953566138658637	0.688519619215306	0.134329898797343	0.209351052904805	0.932857413024898	0.172339956089309	0.982366524704883	0.984418096605711	0.372112952018636	0.245191492972824	0.978310374860846	0.936529942586147	0.2296739843315	0.984418879156196	0.310719455409744	0.142773938866219	0.97553798584753	0.0773953556947214	125	0.2112	0.3633	1.0	1.0	1.0	0.953566138658637	Bryois_Excitatory_neurons	0.984418879156196	True	True	False	0.984418096605711	False	
17-rs75329315	17	rs75329315	3.258e-10	False	0.500101028022326	2	True	0.146065493666344	0.150624209300221	0.399949468040444	0.256369181058621	0.159966948342759	0.0829440432738339	0.797248213636574	0.108221895829835	0.14620775047415	0.205880773246062	0.0978749717907391	0.149890036067169	0.388095969775262	0.323043164324529	0.447740961853648	0.117695012452521	0.11781084477281	0.928314591237586	0.154728297885193	0.212001748492679	166	0.1618	0.0874	1.0	1.0	1.0	0.797248213636574	Bryois_Oligodendrocytes	0.928314591237586	False	False	True	0.388095969775262	False	1.0744
13-rs1924378	13	rs1924378	3.325e-10	False	0.400984554148579	2	True	0.101365777692076	0.108745729944329	0.0633136856021559	0.121984372344259	0.192024305224467	0.0691600562997644	0.0962202782156068	0.150148343792138	0.1179231350682	0.0941254093820536	0.0910686073073114	0.0751302692790752	0.106785794182978	0.0606582977806836	0.122705886228438	0.0736694379820749	0.17651782256011	0.0737637149608891	0.0779810494290561	0.0513954862256709	66	0.0	0.0	0.0	0.0	0.0	0.192024305224467	Bryois_Microglia	0.17651782256011	False	False	False	0.1179231350682	False	0.0
8-rs6471815	8	rs6471815	3.4560000000000003e-10	False	0.357167404935034	1	True	0.0646478688548899	0.0549638009825848	0.127316651188161	0.0897952773227372	0.194906187578277	0.241539152687133	0.077603644556315	0.0642296018104593	0.261822136519185	0.169603472600438	0.137657703055274	0.226086682492515	0.0988209108895447	0.165822991002669	0.0828425092576001	0.062591992599029		0.0725880482868875	0.0791871388428841		16	0.0	0.0	0.0	0.0	0.0	0.241539152687133	Bryois_OPCs_COPs	0.0828425092576001	False	False	False	0.261822136519185	False	0.0
19-rs2387414	19	rs2387414	3.7809999999999997e-10	True	0.974651382391242	3	True	0.406151367081076	0.170281867220628	0.848343815962782	0.207756569000402	0.180673190432403	0.239294805607193	0.23964717971642	0.268242870028488	0.454961468360087	0.567575027662036	0.627726705500597	0.508805234184866	0.978836957006278	0.551821623780104	0.535895339249664	0.166695345212362	0.224907555174455	0.0683232693850344	0.787171607396324	0.550014927539245	11	0.0863	0.2266	1.0	1.0	1.0	0.848343815962782	Bryois_Excitatory_neurons	0.787171607396324	False	True	False	0.978836957006278	False	
1-rs645383	1	rs645383	3.883e-10	True	0.958425964447419	1	True	0.211326327667852	0.56293237421382	0.170774267649507	0.151143234709269	0.167145874407859	0.286573799908761	0.0995614178012185	0.148705848480051	0.221352483678969	0.592119945578831	0.224946645429932	0.219064395069198	0.174339471766129	0.327272029202493	0.0678598386386927	0.0067108464402609	0.0673201176381725	0.0767177952344218	0.0867341305206225	0.002051251735787	60	0.0533	0.0533	1.0	1.0	0.0	0.56293237421382	Bryois_Endothelial_cells	0.0867341305206225	False	False	False	0.592119945578831	False	
8-rs10086619	8	rs10086619	3.956e-10	False	0.241206256680425	1	True	0.0560616324109317	0.0586764678832237	0.317150131793185	0.0961577348393893	0.0671257558415918	0.0543461885586417	0.255000923658496	0.060410778585091	0.167897018936467	0.218592137125621	0.0723007295789778	0.204278153104274	0.616268794424289	0.0781131676520518	0.0406647959535281	0.0178209654883014				0.0645938027956385	33	0.0	0.0	0.0	0.0	0.0	0.317150131793185	Bryois_Excitatory_neurons	0.0645938027956385	False	False	False	0.616268794424289	False	0.0
1-rs6588168	1	rs6588168	4.163e-10	False	0.460283290502509	1	True	0.174776807086762	0.0723079718955724	0.105670972707958	0.116622610100595	0.0735992385734934	0.0678223441264139	0.285761259379753	0.105014061870704	0.176075182647291	0.215298234676953	0.0881249307328131	0.460283290502509	0.104004551731254	0.0828973145432749	0.0851526246672711	0.154930594792745	0.112330533766322	0.286932881021673	0.0748858063441731	0.0557045089310437	17	0.0	0.0	0.0	0.0	0.0	0.285761259379753	Bryois_Oligodendrocytes	0.286932881021673	False	False	False	0.460283290502509	False	0.0
14-rs17571951	14	rs17571951	4.245e-10	False	0.384947804646953	1	True	0.109639130585642	0.0845046348157184	0.11357642312409	0.159092307006147	0.0677094295319922	0.107585248252237	0.0610082815472269	0.0577477203765895	0.224159683386982	0.0803950377896819	0.138557777507543	0.103799991994217	0.17138255456217	0.17951857042969	0.0624709285093683	0.0487384256210533	0.071487558204377	0.052448268809685	0.044226951195039	0.052811749638725	8	0.0197	0.0	1.0	0.0	1.0	0.159092307006147	Bryois_Inhibitory_neurons	0.071487558204377	False	False	False	0.224159683386982	False	1.0197
5-rs115037896	5	rs115037896	4.6e-10	True	0.883908633663548	1	True			0.184333673658334	0.0477990718471256	0.737964591437661	0.0414344253336189		0.0460705761706945	0.863356386700089	0.74851164276646	0.227902701273223	0.161378946159423	0.795252028122462	0.0835557074888426	0.0737843906498978	0.768849248657207	0.103533368838032	0.0795302571910495	0.0948167878171109	6.67831886540163e-05	150	0.0	0.0	0.0	0.0	0.0	0.737964591437661	Bryois_Microglia	0.768849248657207	False	False	False	0.863356386700089	False	
1-rs11209828	1	rs11209828	4.806e-10	False	0.396168283732793	1	True	0.0613420461107457	0.0457863880587801	0.0797586134209879	0.0971338465935887	0.0818262588441638	0.125683950126338	0.056045342748409	0.0624721014850096	0.0601559657285752	0.0626164388457719	0.0574515394882782	0.0903169356816569	0.0881389535334978	0.148819838405875	0.130842453725512	0.0750609392030702	0.0715352707855357	0.0549306911977692	0.150202749609775	0.0047196928387839	36	0.0	0.0	0.0	0.0	0.0	0.125683950126338	Bryois_OPCs_COPs	0.150202749609775	False	False	False	0.148819838405875	False	0.0
17-rs6504163	17	rs6504163	4.981e-10	True	0.992830434240505	1	True	0.17915735166154	0.286485051043835	0.302013874557889	0.323120612167232	0.415039330091086	0.454516008302338	0.206411544544264	0.0915874869778519	0.997268838655881	0.988544303716789	0.954467235939491	0.235638908325638	0.988951246346607	0.864630260135754	0.997282721954848	0.0698950902312145	0.0785676154777256	0.0732454582859106	0.990035178406709	0.0784329376492972	11	0.0	0.3774	0.0	1.0	0.0	0.454516008302338	Bryois_OPCs_COPs	0.997282721954848	True	False	False	0.997268838655881	False	
5-rs246024	5	rs246024	5.026e-10	True	0.901288987173629	2	True	0.342669671029048	0.328448783450521	0.478049830036683	0.267440174795955	0.258743287246959	0.205334967566049	0.529932988442369	0.252239751893896	0.853950174579893	0.749797205161634	0.850758954869048	0.469742163029014	0.906317205491948	0.918756872696032	0.939733241108382	0.919422277817717	0.131957600791256	0.74879869192934	0.748097334482308	0.88565174051861	184	0.0966	0.0932	1.0	1.0	1.0	0.529932988442369	Bryois_Oligodendrocytes	0.939733241108382	True	False	False	0.918756872696032	False	
3-rs167924	3	rs167924	5.454e-10	False	0.391671061519844	1	True	0.163160053258057	0.0687178561646685	0.102693329412566	0.122419298202548	0.0817897222781364	0.0965995473873302	0.105922796053616	0.0671000655336789	0.187042560018309	0.176282762256069	0.103704766620478	0.210288010840702	0.182762852736469	0.105423759733672	0.0757702875786436	0.0751316276944675	0.201193714804475	0.0597763670917162	0.0752527786391705	0.0001304718699989	10	0.4031	0.011	1.0	1.0	1.0	0.163160053258057	Bryois_Astrocytes	0.201193714804475	False	False	False	0.210288010840702	False	1.3921000000000001
19-rs72986630	19	rs72986630	5.531000000000001e-10	True	0.999788418722094	2	True	0.325051527238038	0.264347593551105	0.66509030250139	0.659448237710292	0.332425070312082	0.193323782407658	0.323763008989152	0.116573306722078	0.284049155131478	0.997986327846785	0.243124940484174	0.205080639428336	0.923518055650199	0.396799986344801	0.124530170178184	0.99997986912399	0.175215590439001	0.123935360509943	0.999934969722197	0.11233830995086	7	0.5754	0.5765	1.0	1.0	1.0	0.66509030250139	Bryois_Excitatory_neurons	0.99997986912399	False	False	False	0.997986327846785	False	
4-rs7699241	4	rs7699241	5.701e-10	False	0.111790278609672	1	True	0.0738703609519557	0.0655587924965991	0.118607760645959	0.0723655738534824	0.0737029643830655	0.0960552267338462	0.107868101851041	0.0690282622533288	0.0805806929333764	0.0693440665139806	0.111790278609672	0.0543736210830117	0.0978835766500848	0.106510304926598	0.0588533109798395	0.0573185200642271	0.0555644965376433	0.007788604551213	0.0678308155937163	0.0141462387262205	3	0.0	0.0	0.0	0.0	0.0	0.118607760645959	Bryois_Excitatory_neurons	0.0678308155937163	False	False	False	0.111790278609672	False	0.0
2-rs62152282	2	rs62152282	5.805e-10	False	0.335520860798289	1	True	0.121915851902187	0.115749146591904	0.165836444005316	0.0655095886244683	0.0701181386926356	0.104385543873242	0.0694354559566537	0.0636471327504554	0.115968657972817	0.437456151620026	0.180120851712655	0.101763487700722	0.0925165052972556	0.128285849257411	0.108514600806036	0.159022704142808	0.124003762619323	0.0633666919630242	0.181123989289147	0.0669508505668821	14	0.0	0.0	0.0	0.0	0.0	0.165836444005316	Bryois_Excitatory_neurons	0.181123989289147	False	False	False	0.437456151620026	False	0.0
5-rs39967	5	rs39967	6.044e-10	False	0.167315859079182	1	True	0.0646669450762501	0.101848835905271	0.109544977383906	0.28997270420039	0.050284772725972	0.0521524688081975	0.0580145081503245	0.0436737113612706	0.0582778654356992	0.0595577785892074	0.104714205356901	0.0578223732776725	0.669256540746888	0.0818460753948473	0.0593858074725258	0.163322826654573	0.0610902046197111	0.0213717866363699	0.0175768973679904	0.0019886836483202	20	0.0772	0.0772	1.0	1.0	0.0	0.28997270420039	Bryois_Inhibitory_neurons	0.163322826654573	False	False	False	0.669256540746888	False	0.0
5-rs815609	5	rs815609	6.128e-10	False	0.563723124846751	1	True	0.069095157314015	0.0789806403553524	0.107304092188999	0.0976031261054609	0.0814964308064733	0.15456891668503	0.154210163263897	0.0749826611932044	0.130869615510548	0.0887087808764094	0.0686881032285813	0.218854182581503	0.587147559112063	0.244015573972698	0.0932931015672524	0.0787192709892169	0.0838161971992316	0.0566489447875507	0.603164368657932		2	0.0	0.0	0.0	0.0	0.0	0.15456891668503	Bryois_OPCs_COPs	0.603164368657932	False	False	False	0.587147559112063	False	0.0
10-rs7900775	10	rs7900775	6.21e-10	False	0.598581507801873	0	True	0.216271743626376	0.233090592963146	0.814501762332615	0.218167946859844	0.0662073098951944	0.17373081535089	0.0941051300643703	0.0734976335357715	0.135728569301089	0.122160514486014	0.30503147139708	0.205935377086412	0.0542918021885278	0.104135779266388							0						0.814501762332615	Bryois_Excitatory_neurons		False	True	False	0.30503147139708	False	2.0
1-rs61828917	1	rs61828917	6.264e-10	True	0.990887252167932	0	True	0.82676432144508	0.103284176013068	0.411480585195587	0.261249505942498	0.212992695227278	0.311523134563727	0.842729761961921	0.114740437447019	0.978449456649533	0.899719163595772	0.979527281306459	0.922027841695787	0.947511468440475	0.597633059052045							0						0.842729761961921	Bryois_Oligodendrocytes		False	True	False	0.979527281306459	False	
7-rs2944821	7	rs2944821	6.309e-10	False	0.178352141586375	2	True	0.142087132325182	0.13765104597531	0.356407724402349	0.505813075342179	0.0626862946036984	0.0697036928421411	0.106149367630647	0.0834326157019438	0.358321313548982	0.869895036543878	0.104497588687907	0.0918618714464019	0.119657464982406	0.0928070033030579	0.0222785740073774	0.0712669701399452	0.0244366358566252	0.0185815894474019	0.050508568889867	0.0670306962370035	45	0.0849	0.055	1.0	1.0	1.0	0.505813075342179	Bryois_Inhibitory_neurons	0.0712669701399452	False	False	False	0.869895036543878	True	1.0299
7-rs6461561	7	rs6461561	6.802e-10	True	0.942977673896973	1	True	0.0829439310204435	0.054994712555468	0.334271307436622	0.414779504172483	0.113106419270591	0.0520961074646502	0.10926973889368	0.0499232244549678	0.411707321049227	0.0594482239864737	0.0677490234902661	0.156098452332411	0.204856785087737	0.0718801741878099	0.0330237713708403	0.0672727016345059	0.0470949745706214	0.097672654264269	0.173285468403615	0.0177554893825053	7	0.0121	0.8291	1.0	1.0	0.0	0.414779504172483	Bryois_Inhibitory_neurons	0.173285468403615	False	False	False	0.411707321049227	False	
10-rs61857878	10	rs61857878	7.369e-10	False	0.463906551807396	1	True	0.151010754363972	0.0976918108877001	0.340294857571939	0.298950955682412	0.0807026311403034	0.0839336892138492	0.726987542276395	0.0669862150475368	0.109632487390558	0.0907618838860883	0.11012263325272	0.133645556102034	0.144702464180775	0.102859998067752	0.0647860908061764	0.0695198284139199	0.0621602374918388	0.066521650673397	0.0600983073360954	0.0093130793519379	2	0.0	0.0	0.0	0.0	0.0	0.726987542276395	Bryois_Oligodendrocytes	0.0695198284139199	False	False	False	0.144702464180775	False	0.0
7-rs13233308	7	rs13233308	7.955999999999998e-10	False	0.701601215298581	2	True	0.104943544122316	0.114823658348755	0.0835415955203222	0.143798205292617	0.198137094946595	0.146573697357753	0.0952373379161738	0.0685641776266453	0.24752480130109	0.22716634394255	0.0987953850882154	0.150022702889998	0.598716815754519	0.131970291128554	0.0683425930086128	0.0667644732734287	0.0685487381724787		0.0831145027448658	0.05835857075191	9	0.0	0.0	0.0	0.0	0.0	0.198137094946595	Bryois_Microglia	0.0831145027448658	False	False	False	0.598716815754519	False	0.0
21-rs8134737	21	rs8134737	8.268e-10	False	0.210388428030181	1	True	0.114919759253305	0.0523557778471808	0.0836518734996394	0.0676646108551255	0.0978913328860735	0.052373625114955	0.563487568953547	0.079412570910422	0.0708415454304559	0.274129742554594	0.0687856488385785	0.0843688959966702	0.0908042873938125	0.159658290403526	0.0142143227075233	0.110697215928624	0.0162952384384909	0.0155082934054014	0.0877052173995977	0.0225961963941661	4	0.0	0.0	0.0	0.0	0.0	0.563487568953547	Bryois_Oligodendrocytes	0.110697215928624	False	False	False	0.274129742554594	False	0.0
12-rs2649999	12	rs2649999	8.614e-10	False	0.708354649878812	2	True	0.273136141437727	0.466103498505463	0.38371359669427	0.129267335697707	0.239766186694957	0.155137389505331	0.33419497400813	0.485818545833665	0.338346052803431	0.491747533564566	0.459290161778604	0.351978393009983	0.27479865791389	0.257581387284216	0.100666597478984	0.850483841562571	0.698973416064971	0.207788594976971	0.572487732023679	0.0985188271833039	87	0.0363	0.0598	1.0	1.0	0.0	0.485818545833665	Bryois_Pericytes	0.850483841562571	False	False	True	0.491747533564566	False	0.0
16-rs8048039	16	rs8048039	8.886e-10	True	0.945309828292856	1	True	0.427651849520788	0.35006998199668	0.595939956138365	0.175187516536023	0.181184664715128	0.169628044458251	0.258187699900335	0.321724925118795	0.63936259001984	0.712257632983297	0.875820084877982	0.281088235412508	0.668484288610346	0.73760428026036	0.294759210201595	0.0950814064243177	0.100847835666195	0.105651232728186	0.501101146272337	0.72811959944473	37	0.0038	0.0099	1.0	1.0	0.0	0.595939956138365	Bryois_Excitatory_neurons	0.72811959944473	False	False	False	0.875820084877982	False	
14-rs10148671	14	rs10148671	8.937e-10	False	0.410191544375623	1	True	0.0976596050524133	0.0893920613434776	0.105857540745603	0.171781401193431	0.0720318146243473	0.114507445108099	0.0663327289825617	0.0575430178405421	0.204170783991445	0.0853865295896429	0.149547394495282	0.106720996137639	0.155687559219647	0.161563448630372	0.0548333607923893	0.0173030853787595	0.0782562064129382	0.0583782856205668	0.0464029985824222	0.0578131007823028	8	0.0192	0.0	1.0	0.0	1.0	0.171781401193431	Bryois_Inhibitory_neurons	0.0782562064129382	False	False	False	0.204170783991445	False	1.0192
4-rs28454198	4	rs28454198	9.555e-10	False	0.607829774390968	1	True	0.107393175685689	0.0673688512887288	0.669327814048653	0.0526427624298741	0.113321020370466	0.0447064840027455	0.0483906248835207	0.103600544227445	0.567093048609363	0.0700837734663339	0.0817949680312521	0.0652880911621772	0.043411165098896	0.149931871445234	0.0608195669346346	0.270718761858527	0.0041832387144756	0.0084502660623957	0.0666783029924543		19	0.1529	0.0	1.0	0.0	1.0	0.669327814048653	Bryois_Excitatory_neurons	0.270718761858527	False	False	False	0.567093048609363	False	1.1529
13-rs1545660	13	rs1545660	9.821e-10	False	0.152654426983791	0	True	0.0548849342758495	0.648084698717387	0.0689704326217655	0.0868543751538496	0.0589608583836702	0.13309956452168	0.118204404097818	0.0732591573685006	0.0476815701111167	0.0531933960522724	0.119343475118365	0.0656594019109171	0.660953793033362	0.0901757765073555							0						0.648084698717387	Bryois_Endothelial_cells		False	False	False	0.660953793033362	False	0.0
1-rs61789527	1	rs61789527	9.987e-10	False	0.293805666357184	4	True	0.053997900842906	0.0723210877191131	0.0650137032815588	0.0628116083345914	0.0609289277085167	0.0801951239509822	0.150738536438665	0.0050576547910958	0.058587930492543	0.144202408973164	0.117976720967935	0.0609923299861075	0.281710576437948	0.0663547907902685	0.0766124939722023	0.909701446496526	0.0616323308692007	0.139582812724901	0.0916052512157547		244	0.0049	0.001	1.0	1.0	1.0	0.150738536438665	Bryois_Oligodendrocytes	0.909701446496526	False	False	True	0.281710576437948	False	1.0039
5-rs252812	5	rs252812	1.098e-09	False	0.168149063680831	1	True	0.385278791753351	0.0891007531106125	0.8241060642136	0.0717576642058373	0.0600376824216761	0.182879607859451	0.0870247433622761	0.0744825396873939	0.36236959098458	0.0640310535603391	0.0778525762736204	0.0684137952494012	0.115917328902546	0.0983092638112635		0.0017350948454858				0.0046476001239625	9	0.0	0.0	0.0	0.0	0.0	0.8241060642136	Bryois_Excitatory_neurons	0.0046476001239625	False	True	False	0.36236959098458	False	2.0
6-rs6925079	6	rs6925079	1.141e-09	False	0.141920821911547	2	True	0.0522029466891386	0.0829723107302653	0.100866153756803	0.0871862079888535	0.237211261823842	0.0693050144246331	0.0570274916364524	0.0757860174481306	0.134199257046629	0.437207231692298	0.055133007620875	0.0650369254867189	0.0560798342329564	0.0787446623266772					0.0302665645162479		41	0.0479	0.0	1.0	0.0	1.0	0.237211261823842	Bryois_Microglia	0.0302665645162479	False	False	False	0.437207231692298	False	1.0479
15-rs10906984	15	rs10906984	1.159e-09	True	0.938546099287051	1	True	0.0975104167923175	0.113526996779173	0.198703071926208	0.470157985627596	0.0683869519640041	0.177601462064183	0.161757792920151	0.087376420020764	0.767000799490676	0.872565706538666	0.188031734959476	0.697980430476154	0.951184135032575	0.453298366247278	0.0948422611372889	0.893234424529335	0.0868108169971807	0.444770548380659	0.949817691077982	0.0774924270864593	50	0.0	0.1032	0.0	1.0	0.0	0.470157985627596	Bryois_Inhibitory_neurons	0.949817691077982	False	False	False	0.951184135032575	False	
9-rs10985811	9	rs10985811	1.186e-09	False	0.59033796340831	1	True	0.204720088892231	0.141910552442955	0.172691023380896	0.146363511363696	0.128001817613848	0.261943351446118	0.111191327684166	0.0708107531035175	0.128339474485702	0.079627420441609	0.59033796340831	0.111008643086956	0.0894200940392528	0.094974629701889	0.0723748907984373	0.18786339344834	0.0614271567304121	0.0356953147679375	0.065021877790087	0.0613286605022059	19	0.0	0.0	0.0	0.0	0.0	0.261943351446118	Bryois_OPCs_COPs	0.18786339344834	False	False	False	0.59033796340831	False	0.0
6-rs1856507	6	rs1856507	1.24e-09	False	0.453178904963547	1	True	0.137066892670901	0.0515883054833046	0.456095814192642	0.194448407127305	0.0913569999513802	0.0851245840438407	0.0550086529504729	0.0727193188656865	0.194568323676772	0.497317072090966	0.305980259728322	0.453178904963547	0.774106681091922	0.235342924590791	0.186533563088436	0.0596839005284005	0.0685099316110628	0.0077469035855312	0.0694302520240376	0.0706590615603003	10	0.0	0.0	0.0	0.0	0.0	0.456095814192642	Bryois_Excitatory_neurons	0.186533563088436	False	False	False	0.774106681091922	False	0.0
10-rs2119242	10	rs2119242	1.245e-09	False	0.259037274003871	1	True	0.0636035266219696	0.0623599634823998	0.085525421908958	0.0633065440760236	0.0690695407625968	0.15055196769866	0.0656270358709616	0.110374258738694	0.186364713569766	0.1901655062365	0.0994933154588021	0.0981524546133033	0.262430755393682	0.0745108576817509	0.0015395226744843	0.0099441283578491					5	0.0537	0.0758	1.0	1.0	0.0	0.15055196769866	Bryois_OPCs_COPs	0.0099441283578491	False	False	False	0.262430755393682	False	0.0
7-rs1589726	7	rs1589726	1.287e-09	False	0.208472930377531	1	True	0.056608917192918	0.0630309230346469	0.0651444306948127	0.10498222981027	0.0054196750775658	0.0844702436904559	0.0723091470613355	0.0876298103662079	0.0966980993768948	0.274967946324271	0.164365824082395	0.0586567914458771	0.0498684635169614	0.0662006469123448	0.0002885036700151	0.0885152297221922			0.076630509466025		123	0.0031	0.0	1.0	0.0	1.0	0.10498222981027	Bryois_Inhibitory_neurons	0.0885152297221922	False	False	False	0.274967946324271	False	1.0031
12-rs578470	12	rs578470	1.294e-09	True	0.966708560596343	0	True	0.555528946686289	0.232763424269857	0.248482153075792	0.243373835309956	0.786254682987428	0.264909908770728	0.147365885036946	0.0991835030890626	0.69241583849078	0.650321280551173	0.966708560596343	0.704440882591816	0.53258841681443	0.278717452468775							0						0.786254682987428	Bryois_Microglia		False	False	False	0.966708560596343	False	
5-rs72723227	5	rs72723227	1.443e-09	False	0.524102445734596	1	True	0.317334422118233	0.113080789827519	0.173377948658355	0.810619355584676	0.0699549256494628	0.0507054133101522	0.0546142497909084	0.10988114509883	0.103565069740431	0.954100659135442	0.176577836052959	0.524102445734596	0.0921717644981005	0.199420240376174	0.0613020730493501	0.0927320855675776	0.112683700458591	0.0613782070771086	0.0687298529336213	0.0609888519457665	2	0.0	0.0	0.0	0.0	0.0	0.810619355584676	Bryois_Inhibitory_neurons	0.112683700458591	False	True	False	0.954100659135442	True	2.0
2-rs62183855	2	rs62183855	1.636e-09	False	0.625080309057223	1	True	0.0842811020733316	0.206660372971998	0.100016952814463	0.105478465282982	0.0998717580184324	0.0920907211761431	0.202617781760319	0.10065201529311	0.274521938935426	0.463969369839184	0.625080309057223	0.0669758709163657	0.115460283714238	0.163173677756962	0.0807759866895275	0.0740273268507279	0.0657525346677635	0.0158199305326911	0.0714525290698726	0.0700850767249801	11	0.0	0.0	0.0	0.0	0.0	0.206660372971998	Bryois_Endothelial_cells	0.0807759866895275	False	False	False	0.625080309057223	False	0.0
6-rs9322058	6	rs9322058	1.67e-09	False	0.450578720811984	1	True	0.134882771651274	0.134842691988341	0.0780027857441798	0.164017144191599	0.130319226489388	0.305131144881464	0.102686106015656	0.0481738607292629	0.0669821974502549	0.20106080019256	0.450578720811984	0.122868547567963	0.0447529364125861	0.127366445487312	0.0885309300852	0.0587523201543825	0.0952888225272713	1.047483559337e-05	0.0751730923783228	0.0726047293567981	15	0.1469	0.0193	1.0	1.0	1.0	0.305131144881464	Bryois_OPCs_COPs	0.0952888225272713	False	False	False	0.450578720811984	False	1.1276
12-rs2686386	12	rs2686386	1.709e-09	False	0.708280199202627	4	True	0.230598207677566	0.472139999992135	0.298431363231962	0.13145372768195	0.169756593736416	0.193474873724692	0.435938955976708	0.490336145360373	0.602309633383528	0.491882445981245	0.447730499382849	0.356202477300562	0.715973598053969	0.247988518976764	0.168465806917637	0.773577793951787	0.693808586721296	0.163278005094925	0.736735521344185	0.110722583464749	177	0.0344	0.0602	1.0	1.0	1.0	0.490336145360373	Bryois_Pericytes	0.773577793951787	False	False	False	0.715973598053969	False	1.0
11-rs11227250	11	rs11227250	1.827e-09	True	0.978756885117168	2	True	0.451295527819099	0.44038945597793	0.967118424141123	0.560512040830392	0.26388501696981	0.215217863782885	0.165355297747827	0.158142832232307	0.792012455882448	0.929373713411552	0.881434416389658	0.909568998160156	0.949473295623635	0.404279284364959	0.493864073360562	0.405523402672973	0.759844915523953	0.530604678369857	0.696391252565144	0.137998988716321	45	0.3467	0.3331	1.0	1.0	1.0	0.967118424141123	Bryois_Excitatory_neurons	0.759844915523953	False	True	False	0.949473295623635	False	
9-rs13293831	9	rs13293831	1.924e-09	False	0.429691576445898	1	True	0.165536821113873	0.244991862184847	0.232076916346499	0.187407653351043	0.113448675949142	0.183609179330103	0.142834058603193	0.222555820710615	0.293565080288253	0.54652714622822	0.22368993511865	0.214366302043782	0.807566160736957	0.319543492114642	0.069135107898576	0.0776122603345462	0.0993295953789418	0.179977600259612	0.0823176951397839	0.205643365368579	5	0.0	0.0	0.0	0.0	0.0	0.244991862184847	Bryois_Endothelial_cells	0.205643365368579	False	False	False	0.807566160736957	True	0.0
18-rs8084351	18	rs8084351	2.06e-09	False	0.482834713459404	0	True	0.0734008937753169	0.0711334900805159	0.437532195341725	0.051760541189782	0.0645171263375216	0.128922293809944	0.235535354212672	0.0810367357913709	0.0407474639671923	0.697056695135097	0.205217747668971	0.198231640199301	0.42267585434263	0.062493219861191							0						0.437532195341725	Bryois_Excitatory_neurons		False	False	False	0.697056695135097	False	0.0
4-rs28521069	4	rs28521069	2.2540000000000003e-09	True	0.810336531584168	1	True	0.10992946798671	0.0662540750230927	0.159512040409091	0.198295230793311	0.0522049532141146	0.137677604017898	0.108884680187553	0.0733905658542018	0.31429251530404	0.115956486223702	0.128854958044013	0.174098609075589	0.514129999607809	0.0932762524123259	0.102561768109967	0.130479990248638	0.0770163797361611	4.45981653227924e-05	0.912272439106946	0.105834553597918	91	0.0118	0.0	1.0	0.0	1.0	0.198295230793311	Bryois_Inhibitory_neurons	0.912272439106946	False	False	False	0.514129999607809	False	
11-rs10894308	11	rs10894308	2.2810000000000003e-09	False	0.376820276254515	2	True	0.0947658897054164	0.0645053209951714	0.59293067687132	0.168464508288394	0.09117995761175	0.0797715583950862	0.0986131377727118	0.145029664270132	0.131502623607802	0.321650275286055	0.213019369805453	0.0933057833390586	0.103736518985936	0.24164058874445	0.106004590162388	0.268444845782981	0.0343773091329239	0.0217922656329533	0.67204209079141	0.0673746095574915	109	0.0	0.0092	0.0	1.0	0.0	0.59293067687132	Bryois_Excitatory_neurons	0.67204209079141	False	False	False	0.321650275286055	False	0.0
13-rs9569820	13	rs9569820	2.3820000000000003e-09	False	0.205785819058473	1	True	0.126693388213174		0.0808510155540314	0.0671397528878883		0.0753772311360237	0.0591245636492687		0.0717572237118697	0.109473896305604	0.205785819058473	0.0751528982515826	0.202614349154558	0.0896876118046951		0.0585152041697992			0.0001005637227317		41	0.0	0.0	0.0	0.0	0.0	0.126693388213174	Bryois_Astrocytes	0.0585152041697992	False	False	False	0.205785819058473	False	0.0
1-rs10157075	1	rs10157075	2.57e-09	False	0.484848397666328	1	True	0.0609106450021316	0.203075400178386	0.281662431963627	0.229902566323939	0.13723086069808	0.0857849191524833	0.233838431900383	0.0576881490236987	0.104767578322198	0.304341249246779	0.484848397666328	0.13276215519587	0.292735007860837	0.0922963526038845	0.0760058553570106	0.0898539390125763	0.0608516949267234	0.0713149127451769	0.0762264596435411	0.0703478948465562	14	0.0	0.0	0.0	0.0	0.0	0.281662431963627	Bryois_Excitatory_neurons	0.0898539390125763	False	False	False	0.484848397666328	False	0.0
2-rs1396728	2	rs1396728	2.7420000000000003e-09	False	0.156100191978175	1	True	0.0031640461337481	0.116015992318885	0.0550063633486911	0.0543127157706168	0.0458231342044146	0.0020362063250951	0.0725868739321353	0.0526236504010214	0.0603881104091617	0.26366048135922	0.0506260522000682	0.148334912425392	0.0604876744865786	0.136538773566271	0.0050896414734438	0.0851757542341253	0.0040631080775601	0.0121966406315875	0.0822941464848906	0.0031199138570408	53	0.0	0.0187	0.0	1.0	0.0	0.116015992318885	Bryois_Endothelial_cells	0.0851757542341253	False	False	False	0.26366048135922	False	0.0
16-rs11862968	16	rs11862968	2.7960000000000003e-09	True	0.908784357006455	0	True	0.126353110906278	0.218729617470765	0.397805540799002	0.303650271165484	0.143645504836089	0.202351293793299	0.312556273696809	0.15790160735197	0.43798527834497	0.519271730074184	0.323050815201657	0.368146637709514	0.906457401627363	0.299902239264217							0						0.397805540799002	Bryois_Excitatory_neurons		False	False	False	0.906457401627363	False	
4-rs356183	4	rs356183	2.83e-09	True	0.898242311759023	0	True	0.0654332801501458	0.0425873414221874	0.14657518007915	0.0775096478864641	0.0462061246267805	0.047250281313506	0.136616351208445	0.0837988285485147	0.100897539457865	0.586052295270813	0.0939838505760915	0.0884126081040867	0.235238714261371	0.420527091260482							0						0.14657518007915	Bryois_Excitatory_neurons		False	False	False	0.586052295270813	False	
12-rs3764002	12	rs3764002	2.917e-09	False	0.704253405676022	1	True	0.114010951331396	0.153217003272717	0.125295222183041	0.125191292763437	0.118091957042819	0.111252970621367	0.0837955318101481	0.0535942546420791	0.15771626038395	0.45652699582908	0.167653156624351	0.438009124882451	0.0961758961178055	0.0807758512248081	0.0498411306148935	0.0945981739218972	0.0078126901654479		0.0961703463908074	0.0222234567972905	2	0.0	0.0	0.0	0.0	0.0	0.153217003272717	Bryois_Endothelial_cells	0.0961703463908074	False	False	False	0.45652699582908	False	0.0
7-rs35531336	7	rs35531336	3.242e-09	False	0.241584655802577	0	True	0.126399587483591	0.0841740948731404	0.0881891183200402	0.118751425651881	0.0833459794683585	0.0628979042233732	0.0796886228795646	0.0722484424321621	0.0750450079353844	0.12708063895458	0.150176666752949	0.0714287328602598	0.372367562890546	0.109482815976939							0						0.126399587483591	Bryois_Astrocytes		False	False	False	0.372367562890546	False	0.0
12-rs1463209	12	rs1463209	3.302e-09	False	0.221858459961882	0	True	0.156204010358548	0.192769048472776	0.81782088124382	0.0779559827291653	0.0655910245385211	0.0728241003408092	0.138880799754148	0.0966802245325546	0.0538078369475421	0.14547561009378	0.0730446420569557	0.0992445568795883	0.661290571298939	0.0784152250624332							0						0.81782088124382	Bryois_Excitatory_neurons		False	True	False	0.661290571298939	False	2.0
5-rs9687282	5	rs9687282	3.341e-09	True	0.977163592446151	2	True	0.742434815510085	0.374803572935965	0.502999899741453	0.503064666005424	0.138740017821545	0.18394761213572	0.959157103736149	0.31843440317454	0.984076647646586	0.97217278917903	0.939237646898413	0.916455710336615	0.961680098302832	0.780700063056932	0.983102486258536	0.973980570763125	0.942818618875753	0.958889194019338	0.963821690059746	0.969382003257683	55	0.4579	0.5382	1.0	1.0	1.0	0.959157103736149	Bryois_Oligodendrocytes	0.983102486258536	False	True	False	0.984076647646586	False	
14-rs7141857	14	rs7141857	3.357e-09	False	0.0820875778106201	1	True	0.0536751981609636		0.0541192567339794	0.0577842392861673	0.0581390522545137	0.0725813815613619	0.0390209366906996	0.037362023489606	0.052258996543639	0.167176235909682	0.0483318073913144	0.0444896969251768	0.0440447281758587	0.0558360038564204	0.0130234031191832	0.0194111247161762			0.0223741114190137	0.0221047748977969	51	0.0	0.0	0.0	0.0	0.0	0.0725813815613619	Bryois_OPCs_COPs	0.0223741114190137	False	False	False	0.167176235909682	False	0.0
3-rs59971314	3	rs59971314	3.387e-09	True	0.976514074619064	1	True	0.298273009269058	0.0654600504787081	0.116189728860144	0.0705237117846621	0.0477492357189433	0.0617248981607023	0.0471872866168496	0.0892574025274248	0.972619277202697	0.974750944388408	0.945171439198073	0.976514074619064	0.928190508310901	0.505218652017366	0.763216659133438	0.958331668239537	0.950783246558273	0.960678126074099	0.925599610734629	0.0782022183926047	18	0.2605	0.0154	1.0	1.0	1.0	0.298273009269058	Bryois_Astrocytes	0.960678126074099	False	False	False	0.976514074619064	False	
4-rs4697446	4	rs4697446	3.4239999999999998e-09	False	0.341303110853093	2	True	0.129700662032569	0.059815152621998	0.728953178393266	0.0517813480221761	0.0827915134591488	0.150037934497826	0.0683467766958684	0.0517918230381414	0.154948893330053	0.140115316783689	0.123061863437283	0.0663897425829055	0.136842270662265	0.174157743795655	0.0843759841509124	0.217499099415172	0.0182711227533732	0.0184549328114582	0.0965087757894246	0.0605225056787425	18	0.0	0.0	0.0	0.0	0.0	0.728953178393266	Bryois_Excitatory_neurons	0.217499099415172	False	False	False	0.174157743795655	False	0.0
2-rs1881046	2	rs1881046	3.732e-09	False	0.741400788316193	2	True	0.0901988457936947	0.0536287820837603	0.0617744354742895	0.0780947853303561	0.0650881193633188	0.0552964637730296	0.288628449659891	0.0685007214694743	0.0844850974941775	0.0682665299692288	0.16243724338886	0.404966575298485	0.195286176271306	0.0608696519043027	0.0015670889059574	0.0541502324263583	0.0177523145752108		0.068188877905985	0.0178521742401985	131	0.0	0.0	0.0	0.0	0.0	0.288628449659891	Bryois_Oligodendrocytes	0.068188877905985	False	False	False	0.404966575298485	False	0.0
8-rs1434281	8	rs1434281	3.816e-09	False	0.413917494889694	1	True	0.101851043799864	0.0899905346766023	0.328764693902978	0.187241043917241	0.301795143927553	0.0750534569581698	0.0763624914563481	0.226732674331911	0.829404562528025	0.307782575928554	0.223831691924793	0.195047922831145	0.13196156135325	0.294443737470269	0.140490095718675	0.191151832130248	0.0692333135217267	0.0688910903094591	0.0918458749920233	0.0024443097131822	11	0.5723	0.3297	1.0	1.0	1.0	0.328764693902978	Bryois_Excitatory_neurons	0.191151832130248	False	False	False	0.829404562528025	True	1.2426
1-rs7515363	1	rs7515363	3.893e-09	True	0.844379493343978	2	True	0.26032516116078	0.113153857566982	0.0871883030418666	0.175845335855971	0.0675237760165316	0.720850010726534	0.904326613082105	0.135134612215136	0.0945734764454146	0.23523092282327	0.312947885299738	0.419773703531772	0.0878402812458248	0.207695077603873	0.112338303127969	0.157114554545204	0.366540108184063	0.169259780626737	0.100950850040106	0.255409551658998	29	0.0117	0.0606	1.0	1.0	0.0	0.904326613082105	Bryois_Oligodendrocytes	0.366540108184063	False	True	False	0.419773703531772	False	
19-rs3810450	19	rs3810450	4.25e-09	True	0.985728610464706	1	True	0.124604763733051	0.15464576593733	0.0930833461505334	0.119060564435675	0.0960931102617531	0.0810829453531002	0.15026025251412	0.0911060979259776	0.209846718409517	0.129077186207597	0.268040690096587	0.234782744172265	0.12046863961475	0.116206702208925	0.325336665101657	0.0778868503236112	0.287465334237822	0.207037285774668	0.191350914952502	0.136052264444633	3	0.0	0.0	0.0	0.0	0.0	0.15464576593733	Bryois_Endothelial_cells	0.325336665101657	False	False	False	0.268040690096587	False	
8-rs7464611	8	rs7464611	4.288e-09	True	0.981601706587591	1	True	0.304498918554901	0.106570251423509	0.920478594024597	0.205755071080973	0.368986135889007	0.203879989562337	0.192982345993866	0.485766905119423	0.976531011180662	0.973775149363953	0.893919867943633	0.971606075605852	0.974205417635481	0.670183257098423	0.552488237684972	0.973485859536346	0.570460484920718	0.549208466379209	0.97890009953778	0.844651581362451	14	0.1713	0.1713	1.0	1.0	0.0	0.920478594024597	Bryois_Excitatory_neurons	0.97890009953778	False	True	False	0.976531011180662	False	
2-rs999494	2	rs999494	4.3730000000000005e-09	True	0.851424532084582	2	True	0.116177240780119	0.342584439004298	0.487820031402565	0.309058668906324	0.463411715546055	0.355484918278491	0.75811164065948	0.309142650788206	0.935502137392137	0.76515081778199	0.758353594625473	0.484356571722154	0.61795626179033	0.650676628939272	0.948593345143306	0.852954335052673	0.0816402175600148	0.157018355880865	0.720369104776332	0.10474251053978	152	0.0222	0.0037	1.0	1.0	1.0	0.75811164065948	Bryois_Oligodendrocytes	0.948593345143306	False	False	False	0.935502137392137	False	
15-rs2917627	15	rs2917627	4.391e-09	False	0.392226180328764	2	True	0.118114110576734	0.0940990789193277	0.217849922850127	0.090235819506093	0.0809206203696457	0.0726033622626826	0.0641620425042836	0.0697945552467736	0.108057397751982	0.13012162532977	0.15932051447683	0.131149261886609	0.239983372748434	0.405108591107609	0.0961341777881499	0.699667222045855	0.0815868749653314	0.0660668258093639	0.208193691943479	0.0886703179753065	21	0.5031	0.5031	1.0	1.0	0.0	0.217849922850127	Bryois_Excitatory_neurons	0.699667222045855	False	False	False	0.405108591107609	False	0.0
15-rs653765	15	rs653765	4.409e-09	True	0.91325879125191	1	True	0.0957422758632331	0.0867252977010866	0.0879054610839035	0.150458292304562	0.0717661504273317	0.106419953529453	0.881863057216523	0.0919813229370832	0.592344060090138	0.500902675309696	0.414774806443804	0.856468367453801	0.928925398205642	0.245729696510744	0.0744041427867638	0.0994556948494191	0.16218151620556		0.910770447570211	0.0715223045000188	25	0.1978	0.2464	1.0	1.0	1.0	0.881863057216523	Bryois_Oligodendrocytes	0.910770447570211	False	True	False	0.928925398205642	False	
9-rs2381411	9	rs2381411	4.493e-09	False	0.615471367126866	1	True	0.166226156750639	0.173052302183178	0.159062901512639	0.324578863019223	0.528003005122204	0.182813502683786	0.165644666917336	0.219808586148136	0.127691855217974	0.218442719702383	0.353817211734551	0.118764260448697	0.235214957405881	0.722748777127769	0.0915516320722304	0.314370003277123	0.0307856554097708	0.0830624600557541	0.115988759691319	0.0362447721483586	43	0.062	0.0303	1.0	1.0	1.0	0.528003005122204	Bryois_Microglia	0.314370003277123	False	False	False	0.722748777127769	False	1.0317
9-rs498591	9	rs498591	5.21e-09	False	0.238683067381493	1	True	0.0808225096843763	0.118003120952172	0.133372424036008	0.18961417906767	0.0545615846685369	0.0688057762545486	0.0800078881220855	0.0516818557094474	0.0629477395836525	0.0527926435028319	0.140825571070402	0.0707673886045132	0.185428892443407	0.0779768359349116	0.0764452615896882	0.0601759509637028	0.0496867775745636	0.0589488739665808	0.0666249088067593	0.0177511656318617	2	0.0	0.0	0.0	0.0	0.0	0.18961417906767	Bryois_Inhibitory_neurons	0.0764452615896882	False	False	False	0.185428892443407	False	0.0
19-rs322124	19	rs322124	5.2980000000000005e-09	True	0.999788721485455	2	True	0.307278877214823	0.246289004996131	0.676834478027432	0.670883497704209	0.20188879448299	0.205608206320187	0.309660747606247	0.124132992497421	0.280914959215912	0.998121730264687	0.253469620654972	0.189451465570215	0.925152896673795	0.386196389521405	0.301059484677214	0.999981284130988	0.0730227895880764	0.389242677639265	0.99993723207478	0.0889814264447799	7	0.5768	0.5713	1.0	1.0	1.0	0.676834478027432	Bryois_Excitatory_neurons	0.999981284130988	False	False	False	0.998121730264687	False	
19-rs758749	19	rs758749	5.447e-09	True	0.983927959678529	1	True	0.306325641246936	0.119551069312719	0.322160825717893	0.272540445127826	0.0914704378072644	0.166288345594733	0.105349453318988	0.0849172405376427	0.251152717764156	0.985896781353991	0.369160336828152	0.285618385043514	0.847382172933268	0.968254114316663	0.110720889478958	0.988992470566517	0.203231256078901	0.0919615694979604	0.239429954410711	0.972026189653836	10	0.0803	0.4271	1.0	1.0	0.0	0.322160825717893	Bryois_Excitatory_neurons	0.988992470566517	True	False	False	0.985896781353991	False	
2-rs10173857	2	rs10173857	5.7430000000000005e-09	True	0.876208127066789	0	True	0.142685539084765	0.0768053580849911	0.151145150799151	0.154943549497258	0.0731066155672573	0.14020401750328	0.0779609278453253	0.0687014973340898	0.217253178011441	0.886543373017134	0.200529695398304	0.130696547177016	0.316389066713199	0.202759216249017							0						0.154943549497258	Bryois_Inhibitory_neurons		False	False	False	0.886543373017134	False	
12-rs12315638	12	rs12315638	5.9e-09	False	0.171086791870937	2	True	0.0479730379675723	0.0602691250977837	0.144934900512121	0.118906179359399	0.0727284625414555	0.116388053355692	0.153216064983698	0.0540417210582381	0.0520130150296622	0.089406796457156	0.0549178236946284	0.105383170518551	0.0559635449100263	0.0791234005375616	0.0703317832743619	0.048826208193215	0.138457935927395	0.0216079887887409	0.0663105215858595	0.0711001544581911	73	0.0	0.0	0.0	0.0	0.0	0.153216064983698	Bryois_Oligodendrocytes	0.138457935927395	False	False	False	0.105383170518551	False	0.0
1-rs3900555	1	rs3900555	5.92e-09	False	0.551353243235431	1	True	0.50185597772784	0.0435417274858861	0.343693144350339	0.0686360963243797	0.0463820822655203	0.116694865737124	0.0498062780175767	0.0429489655190137	0.0529445607540019	0.842218641581433	0.0918202686987188	0.198002317222332	0.903035192030476	0.744607145299339	0.0014175482758701	0.802075347115682	0.0021127961248221	0.0048954428876688	0.862301381762585	0.716695047269042	29	0.0793	0.0253	1.0	1.0	1.0	0.50185597772784	Bryois_Astrocytes	0.862301381762585	False	False	True	0.903035192030476	False	1.054
2-rs4672366	2	rs4672366	6.4919999999999995e-09	False	0.504070316318737	2	True	0.222132273270108	0.0843156941501778	0.333898014363045	0.126233906760987	0.0972034852759985	0.228268940213937	0.0757683364738373	0.0695581059703463	0.105132511906206	0.196618528568566	0.104356508258548	0.304345460931336	0.0692307807580191	0.0942911153060238	0.0792011902113408	0.217184067529174	0.0752160256288496	0.0798341265337346	0.141966570775877	0.0774092968428608	30	0.1944	0.0	1.0	0.0	1.0	0.333898014363045	Bryois_Excitatory_neurons	0.217184067529174	False	False	False	0.304345460931336	False	1.1944
1-rs12126806	1	rs12126806	6.879e-09	True	0.852757147107456	2	True	0.264080302466047	0.11254016608247	0.0810424126971077	0.176011814752312	0.0672898056148016	0.733796283289389	0.906332148342826	0.126473010036843	0.0823668566151877	0.255917038502372	0.239106001378182	0.396127929438586	0.0789069305425993	0.194365566696139	0.111116219041332	0.144781173441791	0.0862762664288426	0.178019205917936	0.0920871341074693	0.221630649601924	45	0.0117	0.0539	1.0	1.0	0.0	0.906332148342826	Bryois_Oligodendrocytes	0.221630649601924	False	True	False	0.396127929438586	False	
13-rs650520	13	rs650520	7.354e-09	False	0.611050093850977	2	True	0.091699282394818	0.0994497189978216	0.0619411835794966	0.119773745029533	0.173947654392297	0.0689358140147445	0.0908122527158526	0.160605986635912	0.125802624710177	0.110111073136629	0.0900317718974178	0.0823258812449756	0.130956807182997	0.0943524515735229	0.107252945077828	0.0763071051927232	0.167945879113299	0.0650425100943272	0.0686448798226993	0.0597478930046324	74	0.0	0.0	0.0	0.0	0.0	0.173947654392297	Bryois_Microglia	0.167945879113299	False	False	False	0.130956807182997	False	0.0
8-rs876983	8	rs876983	7.434e-09	True	0.840530581494277	1	True	0.184293564999727	0.0706171003058623	0.0786502366497891	0.0580518975570498	0.0617764959356914	0.0483870541495729	0.146826475413788	0.123116400477291	0.051135561596434	0.0672914979332482	0.101049920384164	0.104984283239956	0.0353724334064064	0.052874806722084	0.0536618787311585	0.0765427652792303	0.0777084977789282	0.0709481776831054	0.127562633615999	0.0646391582081052	11	0.0	0.0	0.0	0.0	0.0	0.184293564999727	Bryois_Astrocytes	0.127562633615999	False	False	False	0.104984283239956	False	
14-rs4903718	14	rs4903718	8.006e-09	False	0.381564244013018	1	True	0.0772127109205186	0.11510863610615	0.0749994242503207	0.186103768011265	0.0776896456172518	0.106501129733306	0.290196770073628	0.135072712039784	0.187234775238205	0.527901481241617	0.0799962358005357	0.26849132669431	0.0409625258687278	0.111313241432476	0.0787730115546563	0.0657271555320724	0.0642074575215808	0.0181089597854448	0.105532380245312	0.0637733432190935	10	0.0203	0.0332	1.0	1.0	1.0	0.290196770073628	Bryois_Oligodendrocytes	0.105532380245312	False	False	False	0.527901481241617	False	1.0
12-rs61924144	12	rs61924144	8.267e-09	False	0.318027615714614	2	True	0.0682339952980608	0.172713567745076	0.0869432277490896	0.0974201653231328	0.123625121854778	0.124711062043475	0.227013292332997	0.0905381970558193	0.117812678975511	0.106126856890561	0.187055072676658	0.318027615714614	0.064572556755046	0.104798834867231	0.824610343867459	0.0319619052365172	0.961828442111675	0.980077243427242	0.935361324017892	0.0114269922844422	82	0.0	0.0447	0.0	1.0	0.0	0.227013292332997	Bryois_Oligodendrocytes	0.980077243427242	False	False	True	0.318027615714614	False	0.0
21-rs229362	21	rs229362	8.329000000000001e-09	True	0.973348378919885	1	True	0.0444842413155464		0.0448639630645127	0.0456986864206181		0.0444501940742042	0.0723741983646232	0.0018433632723024	0.938071311448173	0.988431964620733	0.553881568608572	0.660367545503143	0.934758213777871	0.0491434296885695	0.43677982061986	0.989121816166566			0.857561754514196		17	0.0	0.0	0.0	0.0	0.0	0.0723741983646232	Bryois_Oligodendrocytes	0.989121816166566	False	False	False	0.988431964620733	False	
5-rs34879738	5	rs34879738	8.448e-09	False	0.467581654999276	3	True	0.126263068732096	0.0728486592109911	0.0956482194606366	0.190305061168498	0.048162273846586	0.0781242275293129	0.156990209460484	0.152562939027725	0.231080004298028	0.110113886352685	0.085106651594746	0.420245694771969	0.0636519749462044	0.102251738329957	0.0360392659076403	0.432818565627324	0.0265291158561879	0.022549491334575	0.0812128290813799		97	0.0475	0.0098	1.0	1.0	1.0	0.190305061168498	Bryois_Inhibitory_neurons	0.432818565627324	False	False	False	0.420245694771969	False	1.0377
7-rs2349487	7	rs2349487	8.569e-09	False	0.171980148520971	1	True	0.103473546165652	0.0948844203034702	0.351848118991503	0.0860517979137323	0.0520605127704082	0.0865463555628488	0.0888177537332565	0.0454900066898246	0.105763219140261	0.139853203179967	0.136693676834009	0.11436785907485	0.0307124521588272	0.0664339193426226	0.0658794008549407	0.244975279200503	0.0345433220207225	0.0815468535182046	0.10968028583256	0.0812955940896764	14	0.0	0.0	0.0	0.0	0.0	0.351848118991503	Bryois_Excitatory_neurons	0.244975279200503	False	False	False	0.139853203179967	False	0.0
5-rs12652777	5	rs12652777	8.703e-09	False	0.193970415106939	1	True	0.0941519594667696	0.0495253171848319	0.123665352847016	0.0922294087259013	0.0620626482666521	0.0499562817995343	0.113937783759889	0.0571266717144232	0.0781166736330694	0.118211345201852	0.135149580926299	0.0730145964104345	0.0984760177640401	0.0663609648502277	0.0760997597462464	0.0720183938655264	0.0405801377018101	0.0873103908366543	0.0848675673128642		43	0.0	0.0027	0.0	1.0	0.0	0.123665352847016	Bryois_Excitatory_neurons	0.0873103908366543	False	False	False	0.135149580926299	False	0.0
2-rs7604885	2	rs7604885	8.924000000000001e-09	False	0.219840241296781	1	True	0.117923944768383	0.0928645951407546	0.205624608324909	0.238691788202103	0.0807850859065868	0.118657662412542	0.0750412993523199	0.0480489614838182	0.360727909476493	0.253941705112488	0.119837778407147	0.219840241296781	0.348027024342453	0.172728813944947	0.0014893532205041	0.0708597530054581	0.0048818878541995	0.0035544763561398	0.268609847201082		17	0.3833	0.0	1.0	0.0	1.0	0.238691788202103	Bryois_Inhibitory_neurons	0.268609847201082	False	False	False	0.360727909476493	False	1.3833
13-rs61973697	13	rs61973697	1.0310000000000001e-08	False	0.198542272850049	1	True	0.0406000933976181	0.0663606815937378	0.671742706391849	0.105132712442427	0.0084732649301666	0.0483117181985806	0.0667064594636948	0.203687207649268	0.0481405557074919	0.0609937006175808	0.153164185899071	0.0569933107098209	0.0484187241912577	0.0491184069415785	0.0691361116050926	0.115510884641946	0.0194067075397905	0.0570838879419732	0.158985324907927	0.0228852160304333	36	0.0	0.0	0.0	0.0	0.0	0.671742706391849	Bryois_Excitatory_neurons	0.158985324907927	False	False	False	0.153164185899071	False	0.0
2-rs7575796	2	rs7575796	1.049e-08	True	0.996402013237952	0	True	0.181622981254103	0.215660573603719	0.934136527314164	0.577743958067254	0.657700971194592	0.210709500801832	0.844066328036943	0.157300697215093	0.686210438066293	0.29204107611172	0.506228174593566	0.263352283234782	0.999129323719358	0.157513929910506							0						0.934136527314164	Bryois_Excitatory_neurons		False	True	False	0.999129323719358	False	
1-rs10559	1	rs10559	1.061e-08	True	0.861882206239334	3	True	0.215433556557431	0.284986536927737	0.681539119336186	0.629492938198767	0.321729832352516	0.156323956898446	0.386955659358011	0.214228243191177	0.895372003957291	0.867442301762454	0.849947972625743	0.578206058726321	0.876403009120141	0.883407625911555	0.981612937678457	0.822139661294769	0.973054049400363	0.911811861499861	0.963341758813845	0.230328157014043	112	0.1289	0.1222	1.0	1.0	1.0	0.681539119336186	Bryois_Excitatory_neurons	0.981612937678457	True	False	False	0.895372003957291	False	
17-rs11263770	17	rs11263770	1.094e-08	True	0.978844761216169	1	True	0.125423392470013	0.570847107417855	0.918595885721641	0.21413599144338	0.699767775607257	0.511966926980498	0.243255876113652	0.155697276804451	0.108261463060879	0.0231222314868399	0.544382346634928	0.961699272289565	0.076968006199968	0.009109506026941	0.101840346413409	0.0409138042373005	0.170192115288177	0.831404677236612	0.0767790402673596	0.0025567987153289	10	0.1742	0.1742	1.0	1.0	0.0	0.918595885721641	Bryois_Excitatory_neurons	0.831404677236612	False	True	False	0.961699272289565	False	
2-rs7599488	2	rs7599488	1.101e-08	False	0.481230542535036	2	True	0.21491315864898	0.0776518427703271	0.32226273261889	0.121208539416391	0.0891403718497831	0.233157103669544	0.0735815155021693	0.0676135650304274	0.101289653603812	0.191016348622577	0.0998487121799597	0.27841246117919	0.10786234599587	0.0947338409735971	0.0756121095926998	0.211353125854943	0.0723453385380453	0.0762964937512537	0.088078870422012	0.0739527994226896	30	0.1933	0.0	1.0	0.0	1.0	0.32226273261889	Bryois_Excitatory_neurons	0.211353125854943	False	False	False	0.27841246117919	False	1.1933
8-rs79445414	8	rs79445414	1.103e-08	False	0.123985310098765	3	True	0.121469724715213	0.10349034717123	0.0975185788307326	0.0873674855530499	0.116309994654714	0.0858061213418312	0.0759641935365797	0.0735764898131609	0.0949199892209242	0.0994365355349232	0.082971007717085	0.0756566708990333	0.0887687092911741	0.0721802432623362	0.0684057440810111	0.134103099642203		0.0778665848681624	0.120333821736194	0.0212543575269203	142	0.0112	0.0	1.0	0.0	1.0	0.121469724715213	Bryois_Astrocytes	0.134103099642203	False	False	False	0.0994365355349232	False	1.0112
22-rs6010045	22	rs6010045	1.115e-08	False	0.759154480585681	0	True	0.194585008968877	0.14985264675698	0.661554993638545	0.148378512942065	0.267264594834757	0.298137127540751	0.384894263557747	0.244902450249836	0.499842855380196	0.44516297155673	0.247185458020283	0.309115872210293	0.816059436619018	0.765756279984143							0						0.661554993638545	Bryois_Excitatory_neurons		False	False	False	0.816059436619018	False	0.0
5-rs2914025	5	rs2914025	1.122e-08	False	0.484568275936124	2	True	0.133537909300907	0.0772851923680461	0.117489429462274	0.180240227526889	0.0509107396552979	0.080886243376988	0.169646041019418	0.152352689202537	0.207172240704641	0.169197130984453	0.183152250525409	0.432337727978854	0.0723869360546523	0.110052886481036	0.0355356384672485	0.401366904125777	0.224091318330735	0.049569693234996	0.0891989429566794		42	0.0174	0.0	1.0	0.0	1.0	0.180240227526889	Bryois_Inhibitory_neurons	0.401366904125777	False	False	False	0.432337727978854	False	1.0174
6-rs9390083	6	rs9390083	1.172e-08	False	0.787910483937556	1	True	0.094148647049084	0.100732367231084	0.080583786369652	0.196822610864762	0.0948841814393373	0.104900468301389	0.10785671208904	0.0658403433412945	0.365170219421908	0.135738148272128	0.431608943683658	0.787910483937556	0.697551493365716	0.859989663930132	0.0676983402437043	0.0306168053419166	0.0994509081440728		0.172614679871843	0.0076342627847538	11	0.1146	0.0	1.0	0.0	1.0	0.196822610864762	Bryois_Inhibitory_neurons	0.172614679871843	True	False	False	0.859989663930132	True	3.1146
9-rs6479494	9	rs6479494	1.177e-08	True	0.966577610792342	1	True	0.457079148376386	0.503033209935687	0.331550263810588	0.474790275280222	0.489828482570612	0.686855851322633	0.921775243044939	0.249299725112902	0.937531915543461	0.903658416074868	0.959078788127832	0.252899403426647	0.982106733829631	0.316388312516485	0.9545640228178	0.802343483516412	0.933097544078677	0.072180205194304	0.986962250595343	0.0919451807049071	26	0.0426	0.0706	1.0	1.0	1.0	0.921775243044939	Bryois_Oligodendrocytes	0.986962250595343	False	True	False	0.982106733829631	False	
2-rs34181670	2	rs34181670	1.22e-08	False	0.676755248099154	0	True	0.242075986771026	0.281705007767421	0.452924969977474	0.603688584170588	0.311319678292081	0.666605575492905	0.135184271706614	0.147965183208429	0.376828456786121	0.403257107023751	0.340483425904998	0.41584723909912	0.729965929469476	0.771909184239592							0						0.666605575492905	Bryois_OPCs_COPs		False	False	False	0.771909184239592	False	0.0
13-rs9603649	13	rs9603649	1.226e-08	False	0.348790957420718	0	True	0.0740076112916202	0.279663594150279	0.0595346617107679	0.0850921128286319	0.113526388000513	0.12477436619941	0.15278686751693	0.050982422220122	0.0557981906412428	0.0917373751222356	0.0773431749705597	0.348790957420718	0.0641534032595958	0.228375588154855							0						0.279663594150279	Bryois_Endothelial_cells		False	False	False	0.348790957420718	False	0.0
2-rs12476312	2	rs12476312	1.228e-08	False	0.423894565519618	1	True	0.127357996234176	0.177617962868666	0.085887812808434	0.121698780468901	0.0547306133974589	0.172508272309111	0.123938281032232	0.227911865359119	0.0740114699226988	0.121695827725871	0.158434729783928	0.423894565519618	0.160546735588878	0.26436967217881	0.0599264881215653	0.0964738326185129	0.0443111835041182	0.0645822173201668	0.129684577827642	0.071083992395026	122	0.007	0.0	1.0	0.0	1.0	0.227911865359119	Bryois_Pericytes	0.129684577827642	False	False	False	0.423894565519618	False	1.007
19-rs144821294	19	rs144821294	1.235e-08	False	0.712387770101797	2	True	0.795264448940129	0.0813534224273878	0.289578094387284	0.247455340498707	0.0949975287135923	0.771912133438336	0.0872915877781312	0.0798201985891867	0.281165570008343	0.151280032320231	0.112166353122877	0.400548570634608	0.796379127387528	0.236456661628174	0.341464840058757	0.139553820430512	0.294388426585971	0.230091532542643	0.965088176696306	0.111643739564802	5	0.0	0.0	0.0	0.0	0.0	0.795264448940129	Bryois_Astrocytes	0.965088176696306	False	False	True	0.796379127387528	False	0.0
1-rs41314284	1	rs41314284	1.331e-08	False	0.153326381430031	1	True	0.250910981915063	0.0928540686508565	0.0916339874912853	0.14812257992961	0.155226997369949	0.0972827921137647	0.0783749609838373	0.0686029029268059	0.0771256849020197	0.157335168486126	0.0973564886825063	0.106028462800332	0.244265086720269	0.136536367543627	0.0721980873100715	0.0222699958923931	0.0678435641408673	0.0730733437388949	0.924647453316188	0.0490900752074846	5	0.3661	0.0	1.0	0.0	1.0	0.250910981915063	Bryois_Astrocytes	0.924647453316188	False	False	True	0.244265086720269	False	1.3660999999999999
2-rs2033996	2	rs2033996	1.334e-08	False	0.208795810622078	1	True	0.0599759065728541	0.0932435507048445	0.0590701410171188	0.0477627399415265	0.0473051084810289	0.0609674610932998	0.0482966406496626	0.0442901484452504	0.0550846107375091	0.50799254698965	0.208795810622078	0.126047405904299	0.686945216648867	0.156373331875701	0.0676109226764462	0.44358444187703	0.053327766849056	0.0735193050130036	0.0752375264959745	0.025795178370996	72	0.0043	0.0	1.0	0.0	1.0	0.0932435507048445	Bryois_Endothelial_cells	0.44358444187703	False	False	False	0.686945216648867	False	1.0043
12-rs10777187	12	rs10777187	1.4290000000000001e-08	True	0.912503176526784	1	True	0.543976169174955	0.0643867408156985	0.104047750625696	0.732459740808779	0.0838850424655889	0.0727164676696833	0.43259611479929	0.0711808027703828	0.949503736548632	0.0908508152052251	0.100299761234092	0.0740981635354922	0.898596049379292	0.0614791227754961	0.954591254359821	0.1630260677973	0.0694416607193995	0.0418330898631907	0.121825595635532	0.0741814750305483	33	0.0	0.0291	0.0	1.0	0.0	0.732459740808779	Bryois_Inhibitory_neurons	0.954591254359821	False	False	False	0.949503736548632	False	
12-rs10861176	12	rs10861176	1.477e-08	False	0.646109799847847	3	True	0.134785700491839	0.0625194536269964	0.163817389249156	0.359237193572744	0.0729822665666801	0.223035145257222	0.262784433973431	0.115757027843992	0.16694981027846	0.139696578726577	0.232754136847441	0.10449636374506	0.27811564576192	0.118472691991477	0.278181884378635	0.187375517425098	0.0848155900888534	0.0952238372363234	0.0815213487754761	0.0586917538011811	36	0.0	0.0	0.0	0.0	0.0	0.359237193572744	Bryois_Inhibitory_neurons	0.278181884378635	False	False	False	0.27811564576192	False	0.0
7-rs10243922	7	rs10243922	1.558e-08	True	0.936232238964566	2	True	0.115329228204888	0.0866451874058575	0.124109241144518	0.106346338030861	0.260273398623023	0.10795278997664	0.0863588970068741	0.19427012861607	0.127340424230973	0.281559839536655	0.201486051515859	0.311697636255169	0.801640591395384	0.119467435005665	0.0727253357669182	0.0864875688475144	0.0716633589183698		0.208047128863481	0.0659316035612391	28	0.0	0.0241	0.0	1.0	0.0	0.260273398623023	Bryois_Microglia	0.208047128863481	False	False	False	0.801640591395384	True	
2-rs6546857	2	rs6546857	1.622e-08	True	0.851437787706487	2	True	0.114385332138267	0.331716681227864	0.487441581051205	0.307507241600071	0.44812422675286	0.3437710981276	0.756658586801245	0.298343830305823	0.935496059981691	0.765215622456033	0.755776389475739	0.466634489188127	0.617482780023018	0.646240114135962	0.943729431099823	0.866867678356852	0.0828631432926896	0.0736204152164485	0.743113359002782	0.0969968734086265	158	0.0695	0.0245	1.0	1.0	1.0	0.756658586801245	Bryois_Oligodendrocytes	0.943729431099823	False	False	False	0.935496059981691	False	
12-rs1464492	12	rs1464492	1.6290000000000002e-08	False	0.221692252922389	2	True	0.0538738954758012	0.117374480728077	0.159072253726271	0.260235857262149	0.0849729599964746	0.130124761056635	0.152740048153743	0.0602378904141312	0.0523066451588777	0.237619568915534	0.0960889882255713	0.102778191893773	0.0623843601687436	0.0949905568647306	0.281593103407915	0.0856868072781763	0.0766100066132797	0.0952640660242312	0.0771398466417966	0.0828059493310801	75	0.0	0.0	0.0	0.0	0.0	0.260235857262149	Bryois_Inhibitory_neurons	0.281593103407915	False	False	False	0.237619568915534	False	0.0
6-rs80249955	6	rs80249955	1.63e-08	False	0.160102333589101	1	True	0.0872092897637381	0.051136273397799	0.083374843875343	0.0696189827447058	0.056315321856845	0.135318285059085	0.292183716209256		0.107701056011853	0.227752056557621	0.152210500744121	0.0857285465166067	0.0586627707325639	0.221753938324688	0.0544315912607514	0.0705318279907181			0.021975809428156	0.147646953145044	4	0.0	0.0	0.0	0.0	0.0	0.292183716209256	Bryois_Oligodendrocytes	0.147646953145044	False	False	False	0.227752056557621	False	0.0
4-rs215483	4	rs215483	1.646e-08	False	0.308044471166316	2	True	0.119016434998748	0.0709996865566092	0.709066812185192	0.0570531355771082	0.0959671983696163	0.174113374586415	0.113200576701586	0.0578208013615631	0.179553028372949	0.147170923294342	0.144983853791287	0.0823074687882835	0.231664830036651	0.206118314919805	0.103270605034126	0.273292616971651	0.0307187867712456	0.0185007827177671	0.0947005745944322	0.0728304601924104	18	0.0	0.0	0.0	0.0	0.0	0.709066812185192	Bryois_Excitatory_neurons	0.273292616971651	False	False	False	0.231664830036651	False	0.0
16-rs11647188	16	rs11647188	1.648e-08	False	0.135194072298135	1	True	0.0686824781803261	0.0424328563966936	0.0376731612143169	0.202226337420844	0.073953986061674	0.037669393197341	0.127758827092206	0.0138349763487928	0.0349168033034861	0.0681832159749058	0.0502338201935232	0.104348963175264	0.0433940895282289	0.0801112973728983	0.0561251360087406	0.0606862664200823	0.0342259644334369	0.0257743910789361	0.0561080510572855	0.0602212696903745	9	0.0	0.0	0.0	0.0	0.0	0.202226337420844	Bryois_Inhibitory_neurons	0.0606862664200823	False	False	False	0.104348963175264	False	0.0
1-rs61786047	1	rs61786047	1.809e-08	False	0.673615073337491	1	True	0.114862439528346	0.132202799707473	0.143610539631079	0.11847093615679	0.186138312294651	0.103922914879471	0.219490563985158	0.178596071300456	0.588354104023246	0.218665683465045	0.146426060540453	0.116605076948842	0.238997469637331	0.178130581597285	0.0762092002537016	0.321455092581942	0.0648054663738448	0.0754615872344497	0.142338270751939	0.0715952302398076	11	0.0	0.0	0.0	0.0	0.0	0.219490563985158	Bryois_Oligodendrocytes	0.321455092581942	False	False	False	0.588354104023246	False	0.0
1-rs1023330	1	rs1023330	1.827e-08	True	0.924534243582099	2	True	0.32294616950496	0.0769433567317075	0.239506024134168	0.19664805323114	0.0736494030222366	0.0717469000937408	0.27399641932659	0.0601456764806276	0.830980651154742	0.602762551163975	0.0928776942169186	0.0510831964131557	0.112303715345184	0.132323507430268	0.0898424743380953	0.120880659698431	0.0743453136451028	0.0758022197500576	0.145263187171649	0.010449758299206	26	0.0	0.1237	0.0	1.0	0.0	0.32294616950496	Bryois_Astrocytes	0.145263187171649	False	False	False	0.830980651154742	True	
18-rs8096175	18	rs8096175	1.906e-08	False	0.25424425891648	0	True	0.0545096598389002	0.119716326821923	0.153667738286517	0.243122453618492	0.0707487099388332	0.0711575089447083	0.148323371590386	0.0811440659718317	0.0603571156974452	0.0674440248560674	0.0959166870380569	0.100962041652414	0.150165022523052	0.128567278454971							0						0.243122453618492	Bryois_Inhibitory_neurons		False	False	False	0.150165022523052	False	0.0
9-rs2890914	9	rs2890914	1.918e-08	False	0.122592395198434	1	True			0.146234420710591	0.0385097400348444		0.0551573743880032	0.0442122919153073		0.24293010981965	0.0409768114295052	0.0635679472020077	0.0525576605491758	0.43441867762811	0.071344757671081	0.0333373760899731	0.0567152429533472	0.0969312186088481	0.0168236126149271	0.0165583243116987	0.0671821058937108	28	0.1518	0.0	1.0	0.0	1.0	0.146234420710591	Bryois_Excitatory_neurons	0.0969312186088481	False	False	False	0.43441867762811	False	1.1518
13-rs12877581	13	rs12877581	1.925e-08	False	0.269861435209157	1	True	0.455784434047383	0.0836041311966468	0.174651016428546	0.127161007192436	0.0575927338683269	0.104937615521368	0.0964866959280686	0.0700034165032792	0.220693828352785	0.290883541911451	0.0668428938301419	0.0590508170328861	0.105418422717789	0.064139703756229	0.0666690987771747	0.0613539652958335	0.0045330476466695	0.0841749978667765	0.0728662692147289	0.0658652761005876	3	0.0	0.0	0.0	0.0	0.0	0.455784434047383	Bryois_Astrocytes	0.0841749978667765	False	False	False	0.290883541911451	False	0.0
9-rs10781248	9	rs10781248	2.0150000000000002e-08	False	0.222544547456556	1	True	0.0502410400339333	0.10839854555275	0.0484083975194728	0.110514766533715	0.224426050794393	0.0460094151264271	0.0527644947310346	0.0474403846269153	0.0839939833282837	0.154575263902138	0.0568755605394795	0.0924069056271185	0.102530456430605	0.0550331743619692	0.0437463920221458	0.0503163110419386	0.0222025423107376	0.015288516521783	0.103607107468427	0.0638801314796769	5	0.4793	0.0	1.0	0.0	1.0	0.224426050794393	Bryois_Microglia	0.103607107468427	False	False	False	0.154575263902138	False	1.4793
3-rs62291002	3	rs62291002	2.039e-08	False	0.402666016377391	2	True	0.178132462318537	0.133616877777877	0.140708926505109	0.116796270132828	0.103069505130735	0.157464794582759	0.227030869643153	0.0957909009548924	0.202771041322626	0.411578786499708	0.0996820949699703	0.281136357595401	0.459460912809733	0.151813846734305	0.102851687263028	0.965496488210918	0.112286691152261	0.0806503994762899	0.0886480580260808	0.969696670434105	105	0.0359	0.0221	1.0	1.0	1.0	0.227030869643153	Bryois_Oligodendrocytes	0.969696670434105	False	False	True	0.459460912809733	False	1.0138
14-rs745467	14	rs745467	2.0760000000000002e-08	False	0.197476933254461	2	True	0.104356976895526	0.250422565089177	0.0776793570771428	0.13155331567981	0.0644176942927974	0.192903372736816	0.104297121032699	0.100203350101327	0.126476984644245	0.0993858328185265	0.102502296458985	0.0744665986867554	0.145452052090085	0.0947156508172216	0.0650004494046848	0.106820274986945	0.0663006693812779	0.093460325380519	0.186350238497103	0.0721180015584779	27	0.001	0.001	1.0	1.0	0.0	0.250422565089177	Bryois_Endothelial_cells	0.186350238497103	False	False	False	0.145452052090085	False	0.0
11-rs12282735	11	rs12282735	2.103e-08	True	0.884453001515249	3	True	0.175073347389847	0.237310512720945	0.177884107542515	0.548063577464265	0.09489105385753	0.235065520319198	0.101401430173403	0.245305786936258	0.260892450225509	0.832002078211663	0.884453001515249	0.689527242017102	0.82329318901502	0.11321198955054	0.158601903257017	0.251571694215648	0.0780833469371717	0.142898823340644	0.0918031363216014	0.133128940299347	55	0.2211	0.2412	1.0	1.0	0.0	0.548063577464265	Bryois_Inhibitory_neurons	0.251571694215648	False	False	False	0.884453001515249	True	
4-rs59518103	4	rs59518103	2.209e-08	False	0.0858289619551774	2	True	0.0333631512571818	0.0561594326197222	0.171000593753458	0.0408615835227165	0.0419810348954171	0.0406950024448984	0.0568841066394979	0.0432602911644797	0.0546883940652988	0.106698681453603	0.0643818047452222	0.0534776196486703	0.144819390369025	0.111308236475771	0.134437927097416	0.0631468912113657	0.0702572106885628	0.134414855564754	0.0790222902823778		182	0.0164	0.0	1.0	0.0	1.0	0.171000593753458	Bryois_Excitatory_neurons	0.134437927097416	False	False	False	0.144819390369025	False	1.0164
7-rs6946576	7	rs6946576	2.2470000000000002e-08	True	0.936859168857081	1	True	0.116623762031431	0.0873717150469257	0.123066353786335	0.11306334091839	0.272042075201376	0.107662650008339	0.0935064797351508	0.205100437592374	0.117915680641922	0.26769320750747	0.199237964974482	0.332689655704775	0.788384055400516	0.128439241792608	0.0636343546920982	0.0855903914198103	0.0656312837160378		0.0994095238170593	0.0256037607658984	4	0.0	0.0	0.0	0.0	0.0	0.272042075201376	Bryois_Microglia	0.0994095238170593	False	False	False	0.788384055400516	False	
10-rs7902292	10	rs7902292	2.359e-08	True	0.817126282248422	1	True	0.0753176924691025	0.0870920146005052	0.0818080044421623	0.0870109137886314	0.119405780176695	0.152199966558408	0.166792238526661	0.0687072024636585	0.378470567951619	0.0906895213192393	0.171189380272139	0.100152405390657	0.0791894351560861	0.263941342793103	0.0639464742935838	0.473241210258086	0.058434939936516	0.0552212224188506	0.0877963950079093	0.0505806760531596	3	0.0	0.0	0.0	0.0	0.0	0.166792238526661	Bryois_Oligodendrocytes	0.473241210258086	False	False	False	0.378470567951619	False	
16-rs79478621	16	rs79478621	2.407e-08	False	0.100053946316887	2	True	0.0529067780415639	0.0503046050274733	0.0497192657662362	0.0700066529147539	0.0814350520772545	0.0632558707018151	0.0494623621527816	0.111119748514909	0.049099278089936	0.0559648256064398	0.0578121697779098	0.0537158346030927	0.0552252134723099	0.0596485305794784	0.057032224728977	0.01622236841586	0.0806216092824597	0.0560642885380583	0.0563725731995876	0.0165259710463504	23	0.0137	0.0095	1.0	1.0	1.0	0.111119748514909	Bryois_Pericytes	0.0806216092824597	False	False	False	0.0596485305794784	False	1.0042
6-rs9390172	6	rs9390172	2.442e-08	False	0.168695369992652	0	True	0.077875689975573	0.0761470736547891	0.0876808097634157	0.0650959571757143	0.107675991396664	0.0766690340019694	0.101182773090574	0.0923944943761204	0.0883290178638493	0.078272021874598	0.0777990357401156	0.0678987081966449	0.0739476987621182	0.108741072735792							0						0.107675991396664	Bryois_Microglia		False	False	False	0.108741072735792	False	0.0
7-rs2299409	7	rs2299409	2.4600000000000002e-08	False	0.685993675415046	2	True	0.141895531791041	0.153303662004236	0.232575754892306	0.368942948240288	0.215574245480518	0.44180647693557	0.662437700761922	0.0998597652807245	0.185451211567072	0.553227856189527	0.212685348795137	0.263923108196052	0.248251838356987	0.302120061848906	0.141660060993621	0.087490832371272	0.101239192102643	0.0729963702660275	0.0871234427911367	0.110932412904724	151	0.0747	0.0736	1.0	1.0	1.0	0.662437700761922	Bryois_Oligodendrocytes	0.141660060993621	False	False	False	0.553227856189527	False	1.0011
12-rs513022	12	rs513022	2.4670000000000002e-08	False	0.416191779434024	1	True	0.0750817665900953	0.0976718557391143	0.0979537977543558	0.0620096508283071	0.15021578464323	0.14932021691994	0.0778062389578183	0.064273533264658	0.429402656105681	0.0731188918832139	0.236190018602001	0.416191779434024	0.284600451779417	0.208867890632583	0.244005919714014	0.0027539306171105	0.0647813130572762	8.33151076312782e-05	0.0573119657095048	0.0002910735602665	105	0.0918	0.0075	1.0	1.0	1.0	0.15021578464323	Bryois_Microglia	0.244005919714014	False	False	False	0.429402656105681	False	1.0843
12-rs61928076	12	rs61928076	2.499e-08	False	0.382962914288223	0	True	0.148604329092497	0.124879391268269	0.122197853501498	0.0923560862513152	0.276365083009873	0.12790318755749	0.189818284617308	0.0741873531130431	0.403268922921287	0.303472145570396	0.0873237663482115	0.100590639820507	0.417810794284683	0.103643559327168							0						0.276365083009873	Bryois_Microglia		False	False	False	0.417810794284683	False	0.0
18-rs337718	18	rs337718	2.501e-08	False	0.130765879291125	2	True	0.0435561076148514	0.194123649327338	0.0886497649569617	0.0563291712145877	0.0458820270387345	0.0483833289044996	0.166891818422207	0.0005303837513647	0.0810078726729801	0.0332484576542695	0.0874631127682049	0.0757661125196272	0.0354327332051011	0.047003242745006	0.142553795579376	0.0763717794610529		0.0278864824847012	0.0659296300713229		97	0.0	0.0	0.0	0.0	0.0	0.194123649327338	Bryois_Endothelial_cells	0.142553795579376	False	False	False	0.0874631127682049	False	0.0
6-rs9487653	6	rs9487653	2.513e-08	False	0.380156811533765	0	True	0.137599191755121	0.245724719245015	0.672060134323567	0.0862433388213557	0.201409470484702	0.368448126488093	0.124178021339156	0.42491855780119	0.511532250356378	0.145119391933249	0.380156811533765	0.177413409315797	0.744345178037788	0.644896836684132							0						0.672060134323567	Bryois_Excitatory_neurons		False	False	False	0.744345178037788	False	0.0
9-rs6478858	9	rs6478858	2.57e-08	False	0.780455279647344	0	True	0.1019509891971	0.110879761884086	0.250210196271526	0.247550939333344	0.332133971724078	0.0714522332707123	0.484569581294806	0.219875584917633	0.746102766076468	0.742138173891429	0.742764333152884	0.743317159751977	0.890308030588397	0.723990445032051							0						0.484569581294806	Bryois_Oligodendrocytes		False	False	False	0.890308030588397	False	0.0
3-rs7648272	3	rs7648272	2.643e-08	False	0.223797837329966	2	True	0.0915624351530014	0.11737062634904	0.328835969300583	0.069684418477799	0.0667166758736846	0.0659259610790505	0.0788372004491945	0.0722149171789593	0.0790798252126099	0.691996559249518	0.0746358394202534	0.0833528569486784	0.0384033139903379	0.0858532784234045	0.0842574630849485	0.0952546709030698	0.0718386625267519		0.0028605712913733		58	0.0324	0.0	1.0	0.0	1.0	0.328835969300583	Bryois_Excitatory_neurons	0.0952546709030698	False	False	False	0.691996559249518	False	1.0324
4-rs13117857	4	rs13117857	2.725e-08	False	0.497492457965121	2	True	0.0496358067933803	0.0681089444447735	0.0729341369924596	0.0506762378035693	0.0546101437000789	0.0700375358789739	0.095731135421254	0.0728140503088022	0.0549907671894803	0.996416647712855	0.0465653825047968	0.0879890324967428	0.050274095674196	0.454759944803431	0.0598172617134979	0.995954310326788	0.0584256877922433	0.0641396068476574	0.0676289411301055	0.0752334273797283	16	0.0	0.0	0.0	0.0	0.0	0.095731135421254	Bryois_Oligodendrocytes	0.995954310326788	False	False	True	0.996416647712855	False	0.0
6-rs9470670	6	rs9470670	2.743e-08	False	0.649929051436218	2	True	0.193726767585054	0.174197132969164	0.154589948707491	0.115498098280809	0.0576304309335585	0.0801514335976717	0.1165672200041	0.109046216427833	0.181598929971963	0.138645795425807	0.209869605478444	0.253640350480928	0.589820416448709	0.893830125437834	0.0857161091003296	0.108181960377399	0.0311611152433637	0.0622915684170504	0.0742125017554874	0.151203477997466	122	0.029	0.0348	1.0	1.0	1.0	0.193726767585054	Bryois_Astrocytes	0.151203477997466	True	False	False	0.893830125437834	True	3.0
6-rs117178087	6	rs117178087	2.782e-08	False	0.13495528263336	1	True	0.103251612720671	0.07808860746425	0.0923812096566835	0.0902624346591919	0.0633607265573818	0.0680678704757373	0.145706777030622	0.0595544225024517	0.135037932106335	0.0697562792007136	0.0816840576839439	0.0979285868705553	0.108461785820391	0.0700884945563198	0.0768582053522645	0.122157293890484	0.0696931323032632	7.48412075375466e-05	0.758563546866049		37	0.3374	0.2712	1.0	1.0	1.0	0.145706777030622	Bryois_Oligodendrocytes	0.758563546866049	False	False	False	0.135037932106335	False	1.0662
10-rs2812599	10	rs2812599	2.787e-08	False	0.116331919316846	2	True	0.090153139509798	0.115324013388423	0.065516823055149	0.0719624231210956	0.310881363034088	0.0744380122123495	0.0612632619040718	0.277820273176781	0.812328676430634	0.12789926727452	0.0608350476675633	0.0854095912391752	0.249075702881385	0.096061339929937	0.0693250265138931	0.134189819161133	0.0718074278373752	0.005947081995863	0.025798494916232	0.0609251816355756	44	0.0207	0.0	1.0	0.0	1.0	0.310881363034088	Bryois_Microglia	0.134189819161133	False	False	False	0.812328676430634	True	1.0207
6-rs221618	6	rs221618	2.8300000000000002e-08	True	0.834723161015198	1	True	0.0464651888562374	0.41048158429374	0.842276472075415	0.127519578659522	0.287598722527473	0.0734207046557013	0.062778323109271	0.062952056778418	0.277933794043718	0.616137788378787	0.267097568934431	0.318811656403127	0.787063505624485	0.462002956675588	0.0624119961823674	0.653425459908067	0.0623980566873646	0.0738325900126854	0.776296995887379	0.131161698506144	36	0.0	0.0	0.0	0.0	0.0	0.842276472075415	Bryois_Excitatory_neurons	0.776296995887379	False	True	False	0.787063505624485	False	
8-rs6989793	8	rs6989793	2.848e-08	False	0.620508210530554	1	True	0.253263716661958	0.0905852229015019	0.65070933906747	0.489488467887171	0.109985422900025	0.45812567702831	0.410427758478592	0.0612403570480418	0.798677740332688	0.593114098181601	0.328400039981065	0.207358427594566	0.726228867282694	0.108694406012323	0.0289834458214943	0.0370641591430176	0.0623884588164877	0.312623986766613	0.0525319384351143	0.0252011178828568	2	0.0	0.0	0.0	0.0	0.0	0.65070933906747	Bryois_Excitatory_neurons	0.312623986766613	False	False	False	0.798677740332688	False	0.0
7-rs62479287	7	rs62479287	2.913e-08	False	0.127262372217304	0	True	0.0554727686122541	0.0449223588678253	0.0511290479928719	0.0639370891909239	0.0164650210441343	0.057614594305293	0.015811474884889	0.0455377860359443	0.0666036208514757	0.0773527782253454	0.0890395309850745	0.0467652272672828	0.0307498441977783	0.0682383915493719							0						0.0639370891909239	Bryois_Inhibitory_neurons		False	False	False	0.0890395309850745	False	0.0
11-rs12224032	11	rs12224032	2.918e-08	True	0.901534263364816	1	True	0.192087081599519	0.318296126887649	0.428885070230406	0.216267755005109	0.151531324271092	0.0742589046038491	0.265262845916845	0.113763837282217	0.143043602534198	0.368396322182097	0.157110536587173	0.288797671778724	0.127521070211581	0.12021301538567	0.0654465885628702	0.0627265731538879	0.0663193721994191	0.0641226058733028	0.129800451035105	0.0585255071211866	20	0.0	0.0	0.0	0.0	0.0	0.428885070230406	Bryois_Excitatory_neurons	0.129800451035105	False	False	False	0.368396322182097	False	
16-rs244908	16	rs244908	3.013e-08	True	0.941105248616826	1	True	0.233978352265404	0.504503836999899	0.927008792686804	0.538304916924853	0.148329121910512	0.0678782791778845	0.556549842926053	0.1655774223872	0.934224313265124	0.93577573412675	0.85555991960645	0.298908511067695	0.67898122350429	0.804655092551783	0.932560438687387	0.939198232179282	0.0385618205577417	0.0193530527761727	0.782574826118756	0.068218169081574	54	0.0327	0.0327	1.0	1.0	0.0	0.927008792686804	Bryois_Excitatory_neurons	0.939198232179282	True	True	False	0.93577573412675	False	
2-rs345906	2	rs345906	3.0639999999999995e-08	False	0.44286987675653	1	True	0.212883866491228	0.0583190097286501	0.0827231039169579	0.115696974137109	0.0859625734352189	0.0554775731445935	0.0666673011108678	0.0454707587169295	0.270111174584041	0.691370341857069	0.101104719541235	0.117137665698847	0.292352492068093	0.0794609402165096	0.0460776626878631	0.0663836342505007	0.0149878778996071	0.0436658819605147	0.0707558525204806	0.0187513460337509	3	0.0	0.0	0.0	0.0	0.0	0.212883866491228	Bryois_Astrocytes	0.0707558525204806	False	False	False	0.691370341857069	False	0.0
7-rs7811528	7	rs7811528	3.08e-08	True	0.903150310464138	2	True	0.236461873093944	0.335898172589393	0.132848729344104	0.155994830747995	0.102501527860119	0.0852814981395778	0.113386479075848	0.16256242517973	0.148340477002226	0.0770327054712139	0.610447482351226	0.429768702079117	0.630359837881683	0.169955236902395	0.139177564605031	0.0886287542451725	0.431578366396333	0.206352127601476	0.550033826169395	0.0907089799250954	12	0.8327	0.2131	1.0	1.0	1.0	0.335898172589393	Bryois_Endothelial_cells	0.550033826169395	False	False	False	0.630359837881683	False	
3-rs11129383	3	rs11129383	3.083e-08	False	0.121643043161056	0	True	0.0638696987699831	0.0709476886955068	0.0549003764679727	0.0377858717727869	0.0615725049697703	0.0224677690853239	0.0156575945280785	0.0491641698437068	0.0636574022258268	0.0972338026916136	0.0508268318109931	0.121643043161056	0.233488300852411	0.058732035397319							0						0.0709476886955068	Bryois_Endothelial_cells		False	False	False	0.233488300852411	False	0.0
17-rs3909258	17	rs3909258	3.101e-08	False	0.578263689641602	2	True	0.584281494190092	0.276745183858495	0.195720684054595	0.296330423561354	0.399332295210524	0.181162917261044	0.0962232043238811	0.509424138550908	0.167319273416702	0.204696109796899	0.303671422273488	0.273807743245604	0.784327014789883	0.956585474985302	0.246948937735818	0.60019242745186	0.328211125488409	0.345541874674345	0.108950262986062	0.110699963076584	25	0.2385	0.5345	1.0	1.0	0.0	0.584281494190092	Bryois_Astrocytes	0.60019242745186	True	False	False	0.956585474985302	False	2.0
6-rs9341835	6	rs9341835	3.167e-08	False	0.107455965367619	2	True	0.0500503733923456	0.0751681270855811	0.0976941163829737	0.082905995522291	0.239677557683663	0.0635049239846642	0.0528225088032149	0.0668347868598287	0.120952171185452	0.43123717186691	0.0488815326718349	0.0592342975570575	0.0520759285055321	0.0700125699703331	0.0214895442604773		0.0074996997401077	0.0147681772621492	0.0175651211301558		40	0.0483	0.0	1.0	0.0	1.0	0.239677557683663	Bryois_Microglia	0.0214895442604773	False	False	False	0.43123717186691	False	1.0483
4-rs2905625	4	rs2905625	3.234e-08	False	0.109813816292113	0	True	0.0664962821932415	0.0658503884997969	0.0648158748581886	0.0920029891332438	0.0515736191668439	0.111497791028281	0.139321246930755	0.0436227921734769	0.0556315882632089	0.0571585580934848	0.0847567440640477	0.0802355228134634	0.204359523542951	0.0739904351676103							0						0.139321246930755	Bryois_Oligodendrocytes		False	False	False	0.204359523542951	False	0.0
11-rs1144403	11	rs1144403	3.363e-08	False	0.754481663144925	0	True	0.0535470593434359	0.10592244596173	0.162395533775108	0.093761070346748	0.0577096923718994	0.448899719540669	0.0604188746833638	0.253217930416578	0.0545120804959238	0.132382231400989	0.115459438376167	0.0696645962918447	0.123422408511393	0.107738468253301							0						0.448899719540669	Bryois_OPCs_COPs		False	False	False	0.132382231400989	False	0.0
6-rs7773962	6	rs7773962	3.377e-08	False	0.713068646861995	0	True	0.0687834200625763	0.125354791085283	0.0662540052636806	0.0751715556803126	0.218396666441215	0.176023688519676	0.0953940882674639	0.0784362733745011	0.186904375997287	0.65686755540607	0.489416549796802	0.10981876885783	0.115719689252922	0.284269120489921							0						0.218396666441215	Bryois_Microglia		False	False	False	0.65686755540607	False	0.0
10-rs10995239	10	rs10995239	3.381e-08	False	0.149007061747588	3	True	0.0769837226943559	0.0675246613100376	0.194110434500178	0.102810108348439	0.150830713763976	0.108668842515556	0.0870576497024547	0.142266061634722	0.182571040896845	0.139030590632407	0.0930584399743429	0.0928614831729132	0.116229207559344	0.0704414729460527	0.494767603169789	0.100356879836978	0.0839909074872245	0.0854238146797447	0.111201041098328	0.0147792340565445	116	0.0063	0.0097	1.0	1.0	1.0	0.194110434500178	Bryois_Excitatory_neurons	0.494767603169789	False	False	False	0.182571040896845	False	1.0
1-rs11122119	1	rs11122119	3.503e-08	False	0.497099345862137	0	True	0.205367947185577	0.312840245529097	0.21913235400701	0.31401356761557	0.148285393270687	0.253570931380021	0.470591480423378	0.0754339596496636	0.249724266390947	0.308211899397463	0.208183243114443	0.142630638557625	0.0982220702527018	0.19127216711113							0						0.470591480423378	Bryois_Oligodendrocytes		False	False	False	0.308211899397463	False	0.0
12-rs11064369	12	rs11064369	3.544e-08	True	0.849134362179672	1	True	0.224702624612054	0.358062934322794	0.237757090000741	0.11775864276063	0.316244142616213	0.155859215764098	0.0717492604592504	0.171896015014464	0.847095537969651	0.0938758736647636	0.307775188897987	0.186499843526726	0.708420257742801	0.349866561656132	0.0814035421378842	0.128215799084084	0.126314095393978	0.0573711097395955	0.0979872532679282	0.213679584142119	2	0.0	0.0	0.0	0.0	0.0	0.358062934322794	Bryois_Endothelial_cells	0.213679584142119	False	False	False	0.847095537969651	True	
9-rs72761691	9	rs72761691	3.627e-08	False	0.185369955158348	0	True	0.151283482436747	0.0936817994396424	0.128291579245691	0.120620592203613	0.130541067076433	0.215920625281196	0.112882550120823	0.160558613869937	0.142720728636158	0.243020943358818	0.0961325216758314	0.146557120481255	0.0721753304228389	0.164001920735246							0						0.215920625281196	Bryois_OPCs_COPs		False	False	False	0.243020943358818	False	0.0
4-rs7681616	4	rs7681616	3.652e-08	False	0.29068511575624	0	True	0.0604768896804317	0.0816927960170992	0.163290733623958	0.10061497619889	0.0696012831651056	0.101933665815165	0.207648226154133	0.0977081140145226	0.142893303543653	0.888120996202709	0.157880141212248	0.192555173078605	0.525669850666467	0.053308996720302							0						0.207648226154133	Bryois_Oligodendrocytes		False	False	False	0.888120996202709	False	0.0
7-rs12671608	7	rs12671608	3.656e-08	False	0.159012062146293	1	True	0.0559535174312153	0.0050235946203316	0.0481117509373404	0.0482669069546915	0.0047889592438779	0.0816723999182805	0.0348448012899787	0.005785903511304	0.0343647953049612	0.0588274935717688	0.0850595663590691	0.0897208760538799	0.0395996635738068	0.0622451194655706	0.0701305949218017	0.0438394974809871	0.0613430000596997	0.0109166382657244	0.048410449701705	0.061481907850766	1	0.0	0.0	0.0	0.0	0.0	0.0816723999182805	Bryois_OPCs_COPs	0.0701305949218017	False	False	False	0.0897208760538799	False	0.0
11-rs4923457	11	rs4923457	3.892e-08	False	0.41690091882624	3	True	0.14435460858565	0.0653665919510088	0.0778596541130927	0.132351067022819	0.0611033059426093	0.078610136001067	0.133292750429514	0.117452500188179	0.132689094319124	0.173302575005393	0.178320569171015	0.0738603837942946	0.123010241212742	0.384079606906212	0.0868129003635871	0.0678198243273388		0.0259391182213839	0.0630734376112043	0.0665997972281294	163	0.0305	0.0	1.0	0.0	1.0	0.14435460858565	Bryois_Astrocytes	0.0868129003635871	False	False	False	0.384079606906212	False	1.0305
9-rs1319017	9	rs1319017	4.014e-08	False	0.393787406039287	2	True	0.0653830226832979	0.0842877401967272	0.0530149264048988	0.051591976900259	0.0481044544974879	0.0559567797834381	0.0622275967461338	0.063655208703945	0.149654470871475	0.628513254397768	0.159547109385878	0.0651483574030607	0.391754796003921	0.107825377777546	0.008476984164136	0.849659022113592	0.0033584708009891		0.051174131883691	0.0010742821866906	74	0.0203	0.0	1.0	0.0	1.0	0.0842877401967272	Bryois_Endothelial_cells	0.849659022113592	False	False	True	0.628513254397768	False	1.0203
2-rs11685270	2	rs11685270	4.087e-08	False	0.114278396034726	0	True		0.0922475929814256	0.0755408910934806	0.0568702903645479	0.0690655390037671	0.0467185497969441	0.0498322685991839	0.0602283158816946	0.114305670001514	0.134678509957506	0.106836332688594	0.0577597650046681	0.0530215317493274	0.108889784539335							0						0.0922475929814256	Bryois_Endothelial_cells		False	False	False	0.134678509957506	False	0.0
2-rs35026989	2	rs35026989	4.125e-08	False	0.360594079594383	2	True	0.0982849780389708	0.0588639967745327	0.0865954391012111	0.0928069338056636	0.0706737099832133	0.0778652412139714	0.315075339380762	0.0732155158744182	0.0944734965501011	0.0623048651805105	0.136735980353545	0.360594079594383	0.170024840378677	0.0696283716734809		0.0621020365350695	0.0164234603473723		0.0436666777119195	0.0231707169057342	134	0.0	0.0	0.0	0.0	0.0	0.315075339380762	Bryois_Oligodendrocytes	0.0621020365350695	False	False	False	0.360594079594383	False	0.0
1-rs61838368	1	rs61838368	4.291e-08	False	0.407222057752128	1	True	0.0810107237553894	0.120034977324549	0.216393336335081	0.262832262647283	0.109963395717699	0.273920576625795	0.290400508684491	0.134513556306953	0.119500663796352	0.0876303915060321	0.407222057752128	0.164031535530837	0.163934494735807	0.362026894339713	0.10397793265162	0.548927903699995	0.245884098424599	0.0955855554209104	0.0833914205596289	0.322283045974123	20	0.0	0.0	0.0	0.0	0.0	0.290400508684491	Bryois_Oligodendrocytes	0.548927903699995	False	False	False	0.407222057752128	False	0.0
14-rs221902	14	rs221902	4.467e-08	False	0.793846307344053	3	True	0.756975210522332	0.0780855596319557	0.504968931232338	0.717920428356854	0.129504601904329	0.214366605357735	0.207565224152474	0.0611750785607158	0.515971633021928	0.642873989035693	0.402333766689235	0.448146340525722	0.744275177838215	0.14911550823404	0.073794597954757	0.0713552840154088	0.0734004144623066	0.0071237559756607	0.820159681728336	0.0557832274885639	99	0.0213	0.0052	1.0	1.0	1.0	0.756975210522332	Bryois_Astrocytes	0.820159681728336	False	False	True	0.744275177838215	False	1.0161
22-rs76365544	22	rs76365544	4.495e-08	False	0.292886432998461	1	True	0.0987620805688018	0.138479653897374	0.132092814028556	0.131300613601081	0.136562165137802	0.166944239819936	0.144826471029392	0.0665707303617762	0.660958291192885	0.506766549929356	0.256531810210458	0.14030276142143	0.195214435251352	0.149714107248939	0.207782680171468	0.323606006315744	0.18786637081702	0.113890419893092	0.0782853575153215	0.16034607173996	9	0.0164	0.0	1.0	0.0	1.0	0.166944239819936	Bryois_OPCs_COPs	0.323606006315744	False	False	False	0.660958291192885	False	1.0164
17-rs2189336	17	rs2189336	4.516e-08	True	0.937336186999943	0	True	0.23200681827735	0.12709561161417	0.883630296005097	0.457844082396546	0.358350730480982	0.282671564928831	0.230051462412587	0.344448881043498	0.803360290429616	0.669204241306313	0.358510356738667	0.937336186999943	0.787510111060171	0.644203294498991							0						0.883630296005097	Bryois_Excitatory_neurons		False	True	False	0.937336186999943	False	
3-rs77174383	3	rs77174383	4.568e-08	False	0.698060547858999	1	True	0.158911969842664	0.0855650324464706	0.0914369520187929	0.155319337753275	0.205166426221473	0.198215031449607	0.193831781650648	0.0907074047213602	0.127936343830588	0.574379434876757	0.698060547858999	0.160080787051519	0.427836163567803	0.14151733860659	0.0973925565771346	0.176047669376107	0.078352470328312	0.0792134523476155	0.0727365649087887	0.0732951942159679	14	0.0	0.0	0.0	0.0	0.0	0.205166426221473	Bryois_Microglia	0.176047669376107	False	False	False	0.698060547858999	False	0.0
4-rs982012	4	rs982012	4.715e-08	False	0.627897794009689	0	True	0.0673688709862433	0.179984258378614	0.234244547183491	0.0921664059224387	0.0446548014530622	0.0020940577016017	0.121328952964317	0.0543707575220565	0.0872910901543308	0.091311117783393	0.150780739305404	0.113799624645467	0.057532798094066	0.0836298410068179							0						0.234244547183491	Bryois_Excitatory_neurons		False	False	False	0.150780739305404	False	0.0
7-rs3923569	7	rs3923569	4.780000000000001e-08	False	0.788963743692877	2	True	0.0983065361913879	0.0568838079221974	0.319441216906186	0.397219835655472	0.0818973326563908	0.0930019651504044	0.56769421868394	0.133225409206096	0.187727275056907	0.737843445456123	0.595568595651924	0.100171665702591	0.478833095393857	0.149917743096833	0.0297303902219735	0.0664100355293851	0.0134478644363831	0.0115248244680843	0.113561469283618	0.0691443067011413	59	0.1392	0.0155	1.0	1.0	1.0	0.56769421868394	Bryois_Oligodendrocytes	0.113561469283618	False	False	False	0.737843445456123	False	1.1237
17-rs7225476	17	rs7225476	4.9270000000000004e-08	False	0.772896970853546	0	True	0.141771674767617	0.236017713476258	0.214960517703739	0.145618749087593	0.168950072685046	0.353523879448964	0.113635454829293	0.210421020149121	0.168964269085241	0.671131739693811	0.687440828744867	0.684685739013369	0.543732936739534	0.522971798532394							0						0.353523879448964	Bryois_OPCs_COPs		False	False	False	0.687440828744867	False	0.0
12-rs10777341	12	rs10777341	4.986e-08	False	0.219548064370722	1	True	0.0072835923771543	0.0752327201753988	0.299048617375396	0.0532907955209098	0.253027166945345	0.0494600428221467	0.0074387829805842	0.0516789682529137	0.0427680563552681	0.0568632765925817	0.185902265066001	0.219548064370722	0.081168200220456	0.106641354309541	0.0034087310145064	0.0055098364945513	0.0027663319712305		0.0250305673407989		10	0.6061	0.0	1.0	0.0	1.0	0.299048617375396	Bryois_Excitatory_neurons	0.0250305673407989	False	False	False	0.219548064370722	False	1.6061
5-rs12514660	5	rs12514660	4.988e-08	True	0.893954804934139	2	True	0.252771463158302	0.123299608476773	0.0904731410187872	0.079062974441412	0.0534139838012391	0.0585823433323161	0.283264696207433	0.109375207576532	0.382859439386653	0.54479180758375	0.893954804934139	0.384394298983282	0.768556370229693	0.0733640965081796	0.0976535435502098	0.326169420205774	0.849541641870567	0.0743216952438543	0.755518474673536	0.122517617747519	172	0.0018	0.0	1.0	0.0	1.0	0.283264696207433	Bryois_Oligodendrocytes	0.849541641870567	False	False	False	0.893954804934139	False	
